ts,deslizamientos_reportados,R1_max_mm,nivel_I,nivel_II,nivel_III,nivel_IV,clase_Low,clase_Medium,clase_High,clase_Very high,pct_dominio_III_IV
2025-05-04 19:00:00,0,35.55859375,53891,823,250,264,53891,613,362,362,0.93
2025-05-04 20:00:00,0,35.55859375,53891,777,263,297,53891,613,283,441,1.01
2025-05-04 21:00:00,0,35.55859375,53705,957,269,297,53705,799,283,441,1.02
2025-05-04 22:00:00,0,35.55859375,53128,1525,278,297,53128,1376,283,441,1.04
2025-05-04 23:00:00,0,35.55859375,53128,1525,278,297,53128,1376,283,441,1.04
2025-05-05 00:00:00,0,96.5205078125,43766,7644,2069,1749,43766,6920,1789,2753,6.91
2025-05-05 01:00:00,0,98.8056640625,37481,8385,6441,2921,37481,6201,5108,6438,16.95
2025-05-05 02:00:00,0,99.314453125,30130,14994,6998,3106,30130,12265,6113,6720,18.3
2025-05-05 03:00:00,0,99.568359375,28247,13896,9612,3473,28247,9274,9149,8558,23.69
2025-05-05 04:00:00,25,99.568359375,28247,13878,9627,3476,28247,9256,9163,8562,23.73
2025-05-05 05:00:00,25,99.822265625,25073,16980,9686,3489,25073,11817,9728,8610,23.86
2025-05-05 06:00:00,25,99.822265625,24334,17567,9833,3494,24334,12306,9978,8610,24.13
2025-05-05 07:00:00,25,99.822265625,24334,17567,9833,3494,24334,12306,9978,8610,24.13
