ts,Low,Medium,High,Very high,pct_high_or_more
2025-06-23 19:00:00,51398,5876,1674,2030,6.06
2025-06-23 20:00:00,52750,5200,1377,1651,4.96
2025-06-23 21:00:00,52902,5068,1384,1624,4.93
2025-06-23 22:00:00,52175,5409,1333,2061,5.56
2025-06-23 23:00:00,46744,7011,2703,4520,11.83
2025-06-24 00:00:00,44668,7363,3078,5869,14.65
2025-06-24 01:00:00,46145,6797,3009,5027,13.16
2025-06-24 02:00:00,50442,4522,2470,3544,9.85
2025-06-24 03:00:00,51546,4690,1759,2983,7.76
2025-06-24 04:00:00,52337,4587,1318,2736,6.64
2025-06-24 05:00:00,53143,4286,1133,2416,5.81
2025-06-24 06:00:00,53726,3956,1114,2182,5.4
