modelo,variable,auc_drop_mean,auc_drop_p025,auc_drop_p975,mc_id
GAM,T,0.11782788093132916,0.08999686855290301,0.14828507220748588,0
Logit,T,0.11967285587975236,0.09212901562039491,0.1501952549366342,0
GAM,P,-0.0007780725022104751,-0.002495026525199004,0.0010702180960801022,0
Logit,P,-0.0002851458885942293,-0.0009210138520483468,0.0003315649867373649,0
GAM,slope_mean,0.01091622458001764,0.004345343353964021,0.018109895372826295,0
Logit,slope_mean,0.006185529030356562,0.0010048261125847364,0.011940944591806538,0
GAM,log_area,0.011828396699086315,0.001162319481284932,0.0225151046271735,0
Logit,log_area,0.014237400530503921,0.001985705865016102,0.02445199675803111,0
GAM,geologia,0.0035532714412024337,-0.004754273504273554,0.011015325670497959,0
Logit,geologia,0.004485705865016146,-0.0033368331859712024,0.012931034482758622,0
GAM,cobertura,0.12749557913351015,0.10046787503684051,0.15902501473622158,0
Logit,cobertura,0.12693781314470962,0.09961409519599175,0.15797137488947824,0
GAM,T,0.11018140929535233,0.07998969265367313,0.13714767616191909,1
Logit,T,0.11238193403298351,0.08150299850074975,0.1401864692653673,1
GAM,P,0.0004190404797601066,-0.000637181409295362,0.0016332458770614306,1
Logit,P,-0.0002005247376311736,-0.0010513493253372752,0.0006943403298350827,1
GAM,slope_mean,0.010372938530734604,0.0033911169415291403,0.018122188905547277,1
Logit,slope_mean,0.004506746626686664,-0.00011244377811098494,0.009337518740629753,1
GAM,log_area,0.0076664167916041795,-0.0014458395802099456,0.017816716641679158,1
Logit,log_area,0.007982008995502266,-0.0016735382308845192,0.01815311094452773,1
GAM,geologia,0.01104760119940027,0.0008170914542728448,0.021515179910044938,1
Logit,geologia,0.009420164917541243,-0.0009032983508246078,0.020442278860569738,1
GAM,cobertura,0.12448688155922039,0.10336206896551718,0.1502829835082459,1
Logit,cobertura,0.1169175412293853,0.09537387556221888,0.14046101949025497,1
GAM,T,0.13902604548789443,0.10805942773294225,0.17148294203961859,2
Logit,T,0.14123074101247252,0.10964141599413069,0.17464233308877475,2
GAM,P,0.0002450476889216013,-0.0004631327953043912,0.0008996698459280913,2
Logit,P,0.00020763022743949033,-0.0004053558327218848,0.0008804108584006848,2
GAM,slope_mean,0.009602714600146844,0.004255319148936287,0.0146661775495232,2
Logit,slope_mean,0.005324651504035223,0.002564196625091733,0.008257520176082155,2
GAM,log_area,0.008533749082905474,0.002257887013939927,0.014015040352164434,2
Logit,log_area,0.00940022010271462,0.002002934702861331,0.015387013939838648,2
GAM,geologia,0.0012949376375643118,-0.00523661041819502,0.00724963316214237,2
Logit,geologia,0.00138004402054295,-0.006413242846661682,0.007898019075568597,2
GAM,cobertura,0.1100700660308145,0.08836757153338233,0.13390223771093193,2
Logit,cobertura,0.10153264856933239,0.08208822450476892,0.12457813646368313,2
GAM,T,0.13080688212379168,0.10191260279901893,0.15728520415524463,3
Logit,T,0.13353736834511618,0.10456824412061752,0.15988944596739282,3
GAM,P,-0.0003033472803347082,-0.0011199682585485537,0.00041570480450148743,3
Logit,P,-0.00022002597027847014,-0.0009053527629490881,0.00041570480450148743,3
GAM,slope_mean,0.0071955706247295095,0.002524888183523366,0.015088010388111419,3
Logit,slope_mean,0.005742677824267775,0.0019658058000288662,0.010631582744192777,3
GAM,log_area,0.009346775357091355,0.002362573943153984,0.017592158418698645,3
Logit,log_area,0.009811715481171558,0.0031858678401385427,0.017300894531813608,3
GAM,geologia,0.0042226951377867875,-0.00245815899581584,0.009182477276006311,3
Logit,geologia,0.004286538738998706,-0.003031669311787566,0.010256456499783588,3
GAM,cobertura,0.12334619823979227,0.10019658058000289,0.1507899293031309,3
Logit,cobertura,0.11820119751839561,0.09545700476121782,0.14341364882412344,3
GAM,T,0.11639099941554655,0.08994922559906492,0.1407382378725892,4
Logit,T,0.11751607247223847,0.08991452367036826,0.14056107539450613,4
GAM,P,1.4976621858642236e-05,-0.0011917372881355471,0.0009132086499125114,4
Logit,P,0.0005274693161893496,-0.0006209818819404855,0.001589896259497336,4
GAM,slope_mean,0.007572326125073132,0.0027569769140853378,0.012079010812390531,4
Logit,slope_mean,0.005701709526592613,0.0019688778492109984,0.00929646405610748,4
GAM,log_area,0.008750000000000084,-0.0022738895382816314,0.01930888369374638,4
Logit,log_area,0.01117402104032728,-0.0002776154295733218,0.021028455581531203,4
GAM,geologia,0.004788135593220421,-0.0021259497369958496,0.011965772939801403,4
Logit,geologia,0.00803550555230858,0.00013880771478665956,0.016287076271186432,4
GAM,cobertura,0.10566664231443607,0.08113858854471075,0.12762547486849796,4
Logit,cobertura,0.10847055815312683,0.08287916423144362,0.1315276154295733,4
GAM,T,0.11514949803579216,0.09117743343518099,0.1414056816528444,5
Logit,T,0.11770187690964651,0.09308889858868039,0.14442565109850142,5
GAM,P,0.0002797177360686087,-0.0007656772879383655,0.0015659100829331662,5
Logit,P,0.00044522042776086066,-0.0005301542266840347,0.001636839807944268,5
GAM,slope_mean,0.006015568165284375,0.0015395387749162798,0.012220827877200535,5
Logit,slope_mean,0.003081987487269063,0.00019187399970902187,0.006814709733740758,5
GAM,log_area,0.015272442892477747,0.006541903099083426,0.02530463407536731,5
Logit,log_area,0.015892259566419386,0.006789247781172797,0.02590389931616474,5
GAM,geologia,0.012142441437509035,0.002514367816091914,0.022353775643823667,5
Logit,geologia,0.01317001309471852,0.0027908118725448574,0.02304397642950681,5
GAM,cobertura,0.09850101847810265,0.07586934380910809,0.11707951404044807,5
Logit,cobertura,0.09600174596246186,0.07428888403899322,0.11443510839516957,5
GAM,T,0.1873678907299596,0.15143678160919535,0.22274406627854892,6
Logit,T,0.15022652634721598,0.11935176892073439,0.17957437677265264,6
GAM,P,-0.0005075384385730186,-0.0017614569338708474,0.0008853933422897835,6
Logit,P,-4.814151365879482e-05,-0.0001688684878340785,7.463800567242274e-05,6
GAM,slope_mean,0.0010150768771457418,-0.003005112703388696,0.005008210180623899,6
Logit,slope_mean,0.0022324227496641202,-0.003197305567995132,0.006811650992685422,6
GAM,log_area,0.01377444394685765,0.004072436184505049,0.02592831019555152,6
Logit,log_area,0.010991565905359008,0.0009441707717569027,0.02298384087177189,6
GAM,geologia,0.007430959844752849,0.001294036423346659,0.011983131810717905,6
Logit,geologia,0.009699208837139877,0.001007613076578562,0.016237498134049885,6
GAM,cobertura,0.0823309449171517,0.061176108374384114,0.10254515599343178,6
Logit,cobertura,0.10913718465442603,0.08099716375578446,0.1336150918047469,6
GAM,T,0.1266141249458952,0.09910186120328952,0.15100725003606974,7
Logit,T,0.1279984850670899,0.0982145433559372,0.15297666281921807,7
GAM,P,-0.0021897994517386353,-0.00396768143125093,-3.2462848073937074e-05,7
Logit,P,-0.0015921223488673687,-0.003466310777665535,0.0004743182801905425,7
GAM,slope_mean,0.01645938537007641,0.008342050209204985,0.025366108786610712,7
Logit,slope_mean,0.011159645072861088,0.005224715048333628,0.016954624152358943,7
GAM,log_area,0.008884360121194578,-0.0008512480161592866,0.01864629923531947,7
Logit,log_area,0.011505554754003807,0.0012994156687347216,0.020567017746356983,7
GAM,geologia,0.005294329822536383,-0.00041299956716210335,0.012316043860914708,7
Logit,geologia,0.005356730630500689,-0.001508620689655138,0.012884143702207569,7
GAM,cobertura,0.11793392006925403,0.09267511903044288,0.14679519549848494,7
Logit,cobertura,0.11173243399220896,0.08702387822824996,0.14065791372096373,7
GAM,T,0.11041047467897844,0.08494715769730195,0.13188933775789918,8
Logit,T,0.1158865964507286,0.08925389554176882,0.13669023228971283,8
GAM,P,-0.00016375703361715677,-0.000504977636704762,0.0002714254797286983,8
Logit,P,-0.0002001875631222383,-0.000504977636704762,9.287981532242381e-05,8
GAM,slope_mean,0.006355504256239994,0.0011903044293751774,0.012070769008800912,8
Logit,slope_mean,0.0036444957437598902,0.0003038883278026289,0.007274383205886617,8
GAM,log_area,0.013689583032751333,0.005549343529072182,0.022907949790794985,8
Logit,log_area,0.014419636416101566,0.005657553022651826,0.022387642475833226,8
GAM,geologia,0.009516664262011167,0.0018188212379165291,0.0180538522579713,8
Logit,geologia,0.010680637714615485,0.0026312941855432454,0.019089958158995776,8
GAM,cobertura,0.11617154811715472,0.0929267061030153,0.14383656759486357,8
Logit,cobertura,0.11321887173568027,0.09075259702784588,0.14134774924253352,8
GAM,T,0.12023958333333339,0.08720096982758622,0.14976382902298851,9
Logit,T,0.12591810344827584,0.08929238505747134,0.15577586206896543,9
GAM,P,-0.0013060344827585978,-0.002281788793103451,-0.00017420977011496825,9
Logit,P,-0.0006652298850575378,-0.0020303520114943407,0.0004310344827585549,9
GAM,slope_mean,0.004460129310344858,-0.0014466594827585969,0.009325610632183921,9
Logit,slope_mean,0.00227406609195395,0.00030441810344820073,0.004417205459770068,9
GAM,log_area,0.00877406609195406,0.0006546336206896737,0.016666666666666777,9
Logit,log_area,0.010709770114942478,0.002368893678160905,0.02062859195402297,9
GAM,geologia,0.007958692528735661,0.0001382902298851102,0.014788972701149396,9
Logit,geologia,0.00908225574712639,0.0005280172413792139,0.015086206896551713,9
GAM,cobertura,0.10222306034482763,0.07880118534482758,0.12180675287356324,9
Logit,cobertura,0.09771767241379306,0.0772611350574712,0.11729166666666664,9
GAM,T,0.14103888481291263,0.10467809977989721,0.182127659574468,10
Logit,T,0.1153070432868672,0.08606841526045485,0.15028980190755686,10
GAM,P,3.301540718945173e-06,-0.0015077035950110563,0.0013765590608950048,10
Logit,P,0.00014783565663975206,-0.00012931034482765725,0.0004768892149669718,10
GAM,slope_mean,0.00616104181951571,0.0011087674247981295,0.011157373440939014,10
Logit,slope_mean,0.009391049156272894,0.0021496698459281234,0.016148202494497412,10
GAM,log_area,0.015502934702861286,0.006412325752017584,0.026506786500366853,10
Logit,log_area,0.01677512839325016,0.008408840792369735,0.027699009537784286,10
GAM,geologia,0.00530777696258248,-0.003868305209097642,0.014590975788701303,10
Logit,geologia,0.007768892149669825,-0.003106199559794642,0.019337857666911155,10
GAM,cobertura,0.08361005135730001,0.06220286133528975,0.10692131327953036,10
Logit,cobertura,0.10647468818782099,0.08120139398385912,0.13505685986793833,10
GAM,T,0.11226192223037412,0.08387289068231833,0.13714600146735131,11
Logit,T,0.11165150403521645,0.0832547688921496,0.1365957446808511,11
GAM,P,0.00034409391049149195,-0.0010308143800441428,0.0017975055025678005,11
Logit,P,0.0004244314013206363,-0.0011390315480557188,0.0017608217168012003,11
GAM,slope_mean,0.007263022743947098,0.0030915260454877636,0.012757703595010893,11
Logit,slope_mean,0.00540425531914893,0.002135913426265548,0.00946441672780629,11
GAM,log_area,0.01505282465150395,0.006028063096111469,0.024332355099046146,11
Logit,log_area,0.016714600146735162,0.0075852898019075745,0.026179383712399102,11
GAM,geologia,0.003444974321349885,-0.0046469185619957025,0.012360601614086418,11
Logit,geologia,0.00423550990462217,-0.004384629493763723,0.013167644900953733,11
GAM,cobertura,0.11016617754952303,0.08838224504768892,0.12877109317681573,11
Logit,cobertura,0.11206823184152606,0.08964783565663978,0.13022468818782093,11
GAM,T,0.11044747223845709,0.08450102279368792,0.13717855055523087,12
Logit,T,0.11291021332554058,0.08802509497369948,0.14121310637054357,12
GAM,P,0.0005128579777907694,-0.0006958649912331749,0.0013880771478667648,12
Logit,P,4.16423144359479e-05,-0.0008127556984220546,0.0008785067212156238,12
GAM,slope_mean,0.008048290473407412,0.0033222530683810455,0.013646076855640092,12
Logit,slope_mean,0.004592708942139026,0.0016419491525422546,0.008001534190531822,12
GAM,log_area,0.009926943308007056,-0.00042646843950904233,0.020297888661601458,12
Logit,log_area,0.011669345412039692,0.002434614260666232,0.022088690824079545,12
GAM,geologia,0.005541715371128044,-0.0015360169491524327,0.013183993278784388,12
Logit,geologia,0.007397720631209762,-0.00014520017533612697,0.016106260958503756,12
GAM,cobertura,0.1092420368205728,0.08427546025715961,0.13038336499123326,12
Logit,cobertura,0.1043527177089421,0.07874141583869076,0.12349777177089417,12
GAM,T,0.12649486426999265,0.09395634629493764,0.15787967718268514,13
Logit,T,0.127896551724138,0.09526228906823196,0.1589609317681585,13
GAM,P,5.1724137931015156e-05,-0.000642883345561282,0.0006603081438004699,13
Logit,P,-0.000491562729273598,-0.0018167644900953183,0.0005869405722670473,13
GAM,slope_mean,0.009998165810711637,0.004022377109317623,0.01682043286867208,13
Logit,slope_mean,0.006124358033749132,0.0007621056493030521,0.010904255319148981,13
GAM,log_area,0.011768892149669828,0.004035216434335962,0.02042002934702865,13
Logit,log_area,0.012041085840058747,0.0029044387380778914,0.020945524578136518,13
GAM,geologia,0.006749816581071125,3.209831254583084e-05,0.013766507703594886,13
Logit,geologia,0.0073800440205429784,0.00034574468085114276,0.015150403521643454,13
GAM,cobertura,0.11183822450476887,0.08573826118855463,0.14066122523844443,13
Logit,cobertura,0.10764233308877481,0.08226247248716079,0.1364343360234776,13
GAM,T,0.11325803870216804,0.08992070420485966,0.1384848319511131,14
Logit,T,0.11401825985741296,0.08980248799650792,0.13867397788447527,14
GAM,P,-0.00013967699694446002,-0.001676851447693753,0.0011830714389641504,14
Logit,P,-0.00013894951258559664,-0.0018223483195112188,0.0012039866142876652,14
GAM,slope_mean,0.006506620107667797,0.001430416121053521,0.011920740579077738,14
Logit,slope_mean,0.005069474756292613,0.00041375672923024687,0.008898043067073948,14
GAM,log_area,0.01363342063145654,0.005345191328386567,0.02149352538920422,14
Logit,log_area,0.015283718900043533,0.00646824530772575,0.0236596100683834,14
GAM,geologia,0.002204641350211093,-0.00393569038265662,0.012232649498035863,14
Logit,geologia,0.003167830641641086,-0.003457369416557665,0.013124727193365233,14
GAM,cobertura,0.09824239778844765,0.07903753819292889,0.11934562781900193,14
Logit,cobertura,0.09648479557689499,0.07885384839225948,0.11653481012658223,14
GAM,T,0.1347572887376055,0.10426779635933119,0.1605251960929406,15
Logit,T,0.10946462927334624,0.08356056681959459,0.13186140298949248,15
GAM,P,-0.0006034482758620141,-0.002332766020423249,0.0013532262838537664,15
Logit,P,-0.00014392481870648455,-0.0002589906763355604,0.0,15
GAM,slope_mean,0.00307088944797992,0.0002922894775787777,0.0056450717774160905,15
Logit,slope_mean,0.005778081989048484,0.0007603226283854265,0.009870319668492014,15
GAM,log_area,0.01610959005475808,0.0044925632677223935,0.028917233979576695,15
Logit,log_area,0.015325958265502527,0.004648882640225033,0.027477985792511577,15
GAM,geologia,0.0015102856297173738,-0.003816412609146025,0.0067337575847270514,15
Logit,geologia,0.002804869024715192,-0.003956082581027013,0.01084338463815304,15
GAM,cobertura,0.08190395145774758,0.0626923930738494,0.1075070297469291,15
Logit,cobertura,0.11221659020275278,0.08579898623649557,0.14065968625129502,15
GAM,T,0.1204292002934703,0.09728356566397649,0.145630961115187,16
Logit,T,0.12484005869405722,0.10159207630227433,0.15108584005869402,16
GAM,P,-0.000717168011738798,-0.002503668378576654,0.0008125458547323198,16
Logit,P,0.00018818782098312337,-0.000974871606749797,0.0013765590608951742,16
GAM,slope_mean,0.01425165077035952,0.006074834922964062,0.022843910491562834,16
Logit,slope_mean,0.010871606749816581,0.004308510638297808,0.01590333822450484,16
GAM,log_area,0.010184152604548817,0.0014178283198826415,0.020326485693323577,16
Logit,log_area,0.01142039618488627,0.0022358767424798366,0.02096570066030822,16
GAM,geologia,0.0019339691856199736,-0.004952311078503224,0.008924247982391827,16
Logit,geologia,0.003286867204695515,-0.004261738811445282,0.010311812179016876,16
GAM,cobertura,0.11283198826118858,0.08178374908290534,0.14149486426999272,16
Logit,cobertura,0.10850330154071902,0.07764856933235512,0.13853539985326488,16
GAM,T,0.12709913793103453,0.09688128591954026,0.15843031609195404,17
Logit,T,0.1293502155172413,0.09775772270114937,0.1616199712643677,17
GAM,P,-0.0014026580459770132,-0.0027676005747127004,0.000559446839080512,17
Logit,P,-0.0012288074712644682,-0.0028376436781610307,0.0005630387931033855,17
GAM,slope_mean,0.013406250000000001,0.005671695402298849,0.022410201149425348,17
Logit,slope_mean,0.010762212643678057,0.005259518678160805,0.016435883620689557,17
GAM,log_area,0.00857758620689656,0.0025143678160919865,0.01573455459770117,17
Logit,log_area,0.009852011494252787,0.003004669540229793,0.017394037356321754,17
GAM,geologia,0.010406249999999999,0.0035461566091953612,0.0188254310344828,17
Logit,geologia,0.0110035919540229,0.004119971264367717,0.02016971982758611,17
GAM,cobertura,0.12619324712643679,0.09859285201149429,0.15232848419540226,17
Logit,cobertura,0.11785021551724129,0.09178250718390796,0.14316181752873555,17
GAM,T,0.11599282816574899,0.08116306867574613,0.14305907707910745,18
Logit,T,0.12012206606780645,0.08261282961460453,0.14858464937699226,18
GAM,P,-0.00021080846131561583,-0.0008883294697189792,0.0005433207765863646,18
Logit,P,-0.0006284410315850142,-0.0014850767893364093,0.0002535496957404293,18
GAM,slope_mean,0.007368154158214957,0.0020782019704433607,0.013371124311793665,18
Logit,slope_mean,0.005241958852506552,0.002333562735439024,0.008227687626774897,18
GAM,log_area,0.01171870472326856,0.0032952405099970273,0.019984243697478955,18
Logit,log_area,0.012536221385105817,0.004062228339611807,0.021186793682990517,18
GAM,geologia,0.006427847000869259,-0.000581353230947601,0.013294153868443888,18
Logit,geologia,0.006386192407997731,-0.0007352941176469562,0.013026115618661268,18
GAM,cobertura,0.10869059692842649,0.08448819182845553,0.1368262822370327,18
Logit,cobertura,0.1015524485656332,0.07881230078238195,0.129196247464503,18
GAM,T,0.12254858270017543,0.09739461572180028,0.1456732174167154,19
Logit,T,0.12517277907656335,0.10080179719462301,0.147145309760374,19
GAM,P,-0.0007367767387491897,-0.0018108927527760998,0.000584453535943999,19
Logit,P,-0.0006885593220339625,-0.0012611411455289879,9.95397428403488e-05,19
GAM,slope_mean,0.008293030391583961,0.002768848626534226,0.014158386908240875,19
Logit,slope_mean,0.004193088836937396,0.0012638807714785872,0.00741525423728806,19
GAM,log_area,0.01208430742256001,0.0029450978959673665,0.02122022939801299,19
Logit,log_area,0.013642606662770262,0.004244593804792504,0.022569951782583215,19
GAM,geologia,0.0024331531268265106,-0.003960585914669665,0.006926687609585265,19
Logit,geologia,0.0039092635885446545,-0.003494849503214592,0.009501022793687825,19
GAM,cobertura,0.10624232904734084,0.08277140561075408,0.13114772063120994,19
Logit,cobertura,0.10172486849795435,0.07935417884278197,0.12491507159555806,19
GAM,T,0.12176139684395086,0.09596818381063703,0.1496191919929865,20
Logit,T,0.1255818965517242,0.09993881502045593,0.15471672267679729,20
GAM,P,-0.000125292226768019,-0.0007132159555815393,0.0004383401519577612,20
Logit,P,-6.794272355341135e-05,-0.00038446084161291026,0.0002383474576271746,20
GAM,slope_mean,0.011195572764465159,0.005454595265926354,0.01717014903565165,20
Logit,slope_mean,0.006626972530683869,0.0026108635300993803,0.010835220631209903,20
GAM,log_area,0.008798947983635237,0.0005789742840443008,0.01818107101110458,20
Logit,log_area,0.010167665108123981,0.002428221800116878,0.018813011396844062,20
GAM,geologia,0.0026771624780829385,-0.0061239772063121645,0.011071741671537088,20
Logit,geologia,0.004007890122735316,-0.005145930742255967,0.012295441262419748,20
GAM,cobertura,0.10605165108123903,0.07666203974284036,0.1262154807130332,20
Logit,cobertura,0.10086060783167745,0.07245397428404446,0.1234484585037989,20
GAM,T,0.1001239911958915,0.07822725605282471,0.12792828319882615,21
Logit,T,0.1037101980924432,0.08220469552457813,0.13313829787234044,21
GAM,P,0.00015150403521650425,-0.0015810711665443678,0.0015425531914894314,21
Logit,P,0.000743947175348536,-0.0009189288334555095,0.0023340058694058348,21
GAM,slope_mean,0.011641232575201848,0.003768341892883434,0.019241562729273735,21
Logit,slope_mean,0.007848495964783597,0.003979273661041843,0.0131456346294937,21
GAM,log_area,0.015065663976522465,0.007833822450476985,0.024305759354365505,21
Logit,log_area,0.018439838591342673,0.009693690388848195,0.02803741746148215,21
GAM,geologia,0.006413793103448351,-0.0036234409391048797,0.015901504035216535,21
Logit,geologia,0.007205429200293514,-0.0029952311078503347,0.017453228173147557,21
GAM,cobertura,0.1144431401320617,0.08482208363903158,0.14477531181217912,21
Logit,cobertura,0.1143862802641233,0.0852421129860602,0.14296588407923702,21
GAM,T,0.1302477084242689,0.10702295213152915,0.16106685581259994,22
Logit,T,0.1301658664338716,0.10712298123090351,0.16085315728211833,22
GAM,P,0.00038483922595659804,-0.0005283355157865404,0.001054852320675037,22
Logit,P,-0.00033464280517975784,-0.0014204132111159645,0.0004192128619233956,22
GAM,slope_mean,0.012745162229012038,0.0063291139240506085,0.020196784519132864,22
Logit,slope_mean,0.0080772588389349,0.002121526262185236,0.014155026916921248,22
GAM,log_area,0.009449294340171643,0.000884802851738617,0.01903099083369705,22
Logit,log_area,0.01031354575876613,0.0010612178088169916,0.02004219409282696,22
GAM,geologia,0.00306270915175321,-0.005527971773606885,0.011619743925505598,22
Logit,geologia,0.0036123235850428724,-0.0057525825694748015,0.012479994180125107,22
GAM,cobertura,0.11514222319220133,0.09491488432998688,0.14119834861050476,22
Logit,cobertura,0.11488396624472569,0.09408191473883305,0.14089462389058632,22
GAM,T,0.12536330049261082,0.0950014488554042,0.15607523181686467,23
Logit,T,0.12722037090698352,0.09614242248623586,0.1578192915097073,23
GAM,P,-2.4268328020897735e-05,-0.0001811069255288622,0.00010866415531724239,23
Logit,P,-0.00031911040278181924,-0.0006157635467980427,-1.7205157925221124e-05,23
GAM,slope_mean,0.011536511156186577,0.004659881193856838,0.019032526803824952,23
Logit,slope_mean,0.00918682990437555,0.003642060272384823,0.015126955954795745,23
GAM,log_area,0.013438496088090382,0.00517150825847579,0.02309384960880898,23
Logit,log_area,0.015963488843813402,0.007561214140828767,0.025937228339611693,23
GAM,geologia,0.006010938858301908,-0.0009888438133874966,0.011346348884381305,23
Logit,geologia,0.0058700376702405235,-0.0013972399304549407,0.011349971022891935,23
GAM,cobertura,0.12276948710518687,0.09730784555201387,0.15538068675746156,23
Logit,cobertura,0.11675130396986383,0.09107052303680095,0.14675275282526795,23
GAM,T,0.12568412908930146,0.09647067491895069,0.15029288240495137,24
Logit,T,0.12508510167992928,0.09550729442970829,0.14961041114058363,24
GAM,P,-7.994400235783128e-05,-0.0009035145888594831,0.000792992926613589,24
Logit,P,-8.657530209250198e-05,-0.0005526083112289415,0.00047892720306519365,24
GAM,slope_mean,0.0054770851753609935,0.001225869437076313,0.010261015325670452,24
Logit,slope_mean,0.004315134099616891,0.001085875331564981,0.0075909961685824475,24
GAM,log_area,0.015330091364574088,0.006317234011199521,0.02441331417624514,24
Logit,log_area,0.017132331270262355,0.006599064249926271,0.02666887709991165,24
GAM,geologia,0.003738947833775386,-0.0034473548482169382,0.010935197465369816,24
Logit,geologia,0.004407972295903368,-0.0034823533745947126,0.012139883583849128,24
GAM,cobertura,0.09563218390804593,0.06880433981727083,0.12020243884468022,24
Logit,cobertura,0.09485005894488657,0.06752505157677573,0.11901340996168583,24
GAM,T,0.10290966696139112,0.07889128352490428,0.12745910698496907,25
Logit,T,0.10797892720306508,0.08313992042440313,0.13416592985558484,25
GAM,P,0.0009851164161509053,-0.0012581049218980012,0.0027087017388741945,25
Logit,P,0.0014095195991747178,-0.0006318155025052007,0.0028772472737989096,25
GAM,slope_mean,0.008189655172413783,0.002390951959917437,0.015146072796934843,25
Logit,slope_mean,0.003790156203949261,0.0002376215738284394,0.006805371352785136,25
GAM,log_area,0.011661877394636002,3.223548482163003e-05,0.024655540819333993,25
Logit,log_area,0.014675066312997287,0.0029601385204832465,0.02592285587975236,25
GAM,geologia,0.008074712643678148,0.0006502357795460545,0.017221117005599678,25
Logit,geologia,0.012614942528735582,0.00347866931918652,0.0240126731506041,25
GAM,cobertura,0.12246315944591805,0.09460377984084874,0.15740587238432063,25
Logit,cobertura,0.12055113468906567,0.0933079133510168,0.15601145741231937,25
GAM,T,0.1126952332657201,0.08695124601564762,0.13465028252680375,26
Logit,T,0.11528759779773975,0.08853321501014196,0.13714140828745283,26
GAM,P,-0.0011203274413213715,-0.0026133729353810587,0.00029158215010144866,26
Logit,P,-0.0014847145754854007,-0.002756447406548848,0.00016390176760353007,26
GAM,slope_mean,0.009784482758620677,0.004015140538974166,0.014783758330918613,26
Logit,slope_mean,0.008941973341060528,0.00448058533758332,0.012701934221964615,26
GAM,log_area,0.0102745580991017,0.0017476818313532372,0.019089575485366533,26
Logit,log_area,0.011251811069255258,0.002498370037670175,0.02044244421906693,26
GAM,geologia,0.006832077658649654,-0.0006601347435525872,0.01348069400173856,26
Logit,geologia,0.007005578093306268,-0.0015448420747609937,0.013605657780353528,26
GAM,cobertura,0.11732468849608804,0.09138112141408285,0.1495526658939437,26
Logit,cobertura,0.11385105766444507,0.09037416690814255,0.14589611706751657,26
GAM,T,0.10385389036251105,0.07935086943707634,0.12767830828175647,27
Logit,T,0.11059608016504566,0.08537522104332447,0.13629255083996464,27
GAM,P,0.0002501473622163308,-0.0005157677571471231,0.0011089006778661856,27
Logit,P,-8.657530209258191e-05,-0.0006262894193928587,0.00038774683171230695,27
GAM,slope_mean,0.012625994694960228,0.005490163572060142,0.022854037724727296,27
Logit,slope_mean,0.008978043029767145,0.00255120837017383,0.015160809018567617,27
GAM,log_area,0.01756889183613321,0.00553253020925436,0.02811671087533154,27
Logit,log_area,0.019354921898025304,0.006690244621279099,0.029879531388152032,27
GAM,geologia,0.001990863542587683,-0.005545424403183094,0.009025935750073658,27
Logit,geologia,0.0023957412319480977,-0.004526783082817528,0.01055666077217793,27
GAM,cobertura,0.12741968759210137,0.10212754199823167,0.15572318007662841,27
Logit,cobertura,0.11908635425876801,0.09347369584438545,0.14545111258473328,27
GAM,T,0.13094272606186175,0.10130142814858661,0.15976764836465882,28
Logit,T,0.13211447387894024,0.10117933254402822,0.16102190321148416,28
GAM,P,-5.9937842237696157e-05,-0.00035241231315671364,0.00022199200828765253,28
Logit,P,2.8488974396776446e-05,-0.00041068521533236255,0.00044398401657530506,28
GAM,slope_mean,0.00939507177741599,0.004323294361402922,0.014405431404469449,28
Logit,slope_mean,0.004304425040698401,0.0017861107000145733,0.0066107370134673585,28
GAM,log_area,0.0061787775640076625,-0.006364695870948692,0.017858332100044356,28
Logit,log_area,0.008093458635488987,-0.005335207932514585,0.02042326476246834,28
GAM,geologia,0.002747521089240752,-0.005773642148882696,0.012598971437028228,28
Logit,geologia,0.004587464851265236,-0.004472214000296121,0.015360922006807585,28
GAM,cobertura,0.08860478022791178,0.06488918898919634,0.11717848157466335,28
Logit,cobertura,0.09025566079621122,0.06576975728873748,0.11905153914459068,28
GAM,T,0.11018268525311817,0.07563646368305224,0.139013206162876,29
Logit,T,0.11275531914893618,0.08004126925898761,0.1421570066030815,29
GAM,P,5.6126192223077134e-05,-0.0011216067498165839,0.0009730374174615194,29
Logit,P,3.631694790902307e-05,-0.0006236243580337641,0.0006639765223771397,29
GAM,slope_mean,0.013768525311812212,0.0058263022743948205,0.02233308877476161,29
Logit,slope_mean,0.00818598679383712,0.0021799339691856187,0.01337123991195892,29
GAM,log_area,0.011519075568598708,0.004133345561262042,0.019100330154071896,29
Logit,log_area,0.0127373440939105,0.004911041819515766,0.02061995597945719,29
GAM,geologia,0.004760088041085877,-0.004226889214966853,0.014116837857666938,29
Logit,geologia,0.004937270726338959,-0.0039462582538517975,0.014269992663242914,29
GAM,cobertura,0.12553008070432872,0.09604365370506246,0.15619680851063827,29
Logit,cobertura,0.12090975788701395,0.0912408290535584,0.15011096845194424,29
GAM,T,0.12145096755419754,0.09154299432562207,0.1563645787865559,30
Logit,T,0.12006983849847236,0.09022170085843165,0.15387476356758334,30
GAM,P,-0.00012549105194243794,-0.0009093554488579514,0.0009457296668121146,30
Logit,P,-7.456714680627697e-05,-0.0006756510985012898,0.0004383093263495224,30
GAM,slope_mean,0.004694820311363248,0.0014340535428487844,0.008333333333333245,30
Logit,slope_mean,0.00182962316310205,0.00030827149716280977,0.0036028662883748615,30
GAM,log_area,0.010452495271351616,-0.0004201222173723482,0.02090153499199762,30
Logit,log_area,0.011546268005237961,0.0003410082933217735,0.022070966099228945,30
GAM,geologia,0.003723264949803529,-0.003944783937145419,0.010371198894223785,30
Logit,geologia,0.004628619234686514,-0.003931143605412487,0.012391786701585939,30
GAM,cobertura,0.09959588243852753,0.07739706096318924,0.12112432707696777,30
Logit,cobertura,0.09932271206169073,0.07698148552306132,0.12176906009020813,30
GAM,T,0.12082942039618488,0.09262564196625092,0.14932318415260445,31
Logit,T,0.12302531181217889,0.09246515040352152,0.1520772193690388,31
GAM,P,-0.0002193690388848246,-0.0010830887747614842,0.0006428833455612818,31
Logit,P,0.00012876008804101668,-0.0004594644167278311,0.0007896184886280158,31
GAM,slope_mean,0.01292296404988994,0.005299889948642747,0.020475055025678684,31
Logit,slope_mean,0.00977586206896543,0.004378209831254612,0.015445707997065232,31
GAM,log_area,0.010795304475421865,8.437270726345265e-05,0.019057226705796,31
Logit,log_area,0.013359501100513493,0.002964049889948553,0.02180667644900951,31
GAM,geologia,0.0031669112252384257,-0.004187454145267755,0.01155264123257515,31
Logit,geologia,0.00410821716801165,-0.0033593176815848087,0.013019075568598586,31
GAM,cobertura,0.12895524578136464,0.10184060895084372,0.1582034115920762,31
Logit,cobertura,0.12303961848862795,0.09598771093176811,0.15026228906823177,31
GAM,T,0.1424805222911557,0.11306088587505414,0.16949574375991922,32
Logit,T,0.1203776511325927,0.09430277016303568,0.1443595801471649,32
GAM,P,-0.0012184388977059314,-0.00299379598903482,0.0007854205742317565,32
Logit,P,-0.0009053527629490843,-0.002038847208195085,0.00023715914009516021,32
GAM,slope_mean,0.004925335449430124,0.0022805150771894544,0.008115712018467783,32
Logit,slope_mean,0.0063497330832491565,0.003125450872889937,0.00911755157985866,32
GAM,log_area,0.009230991198961229,-0.002031633241956446,0.01801147020631945,32
Logit,log_area,0.008722045880825287,-0.001495094502957689,0.017088984273553542,32
GAM,geologia,0.00725797143269374,0.0021569759053528064,0.013248448997258784,32
Logit,geologia,0.00896912422449862,0.0028648463425191397,0.016611960756023614,32
GAM,cobertura,0.07953037079786471,0.062054537584764126,0.09646515654306745,32
Logit,cobertura,0.0989337757899293,0.07932747799740297,0.12218474967537152,32
GAM,T,0.11325367379601331,0.08693256219991265,0.1406354575876618,33
Logit,T,0.11340062563654886,0.08672431980212435,0.14064818856394587,33
GAM,P,4.001163974970412e-05,-0.00043649061545192325,0.00041921286192339005,33
Logit,P,5.056016295649002e-05,-0.0002009675541975453,0.00027371599010619886,33
GAM,slope_mean,0.005319729375818363,0.0010184781027208212,0.011657027498908736,33
Logit,slope_mean,0.004012803724719939,1.1821620835103535e-05,0.00837425432853196,33
GAM,log_area,0.01177324312527276,0.001885093845482222,0.02191819438382056,33
Logit,log_area,0.01389531500072751,0.0033218754546777444,0.02422704786847085,33
GAM,geologia,0.005592172268296181,-0.0017368689073186032,0.014097737523643149,33
Logit,geologia,0.006851447693874611,-0.0016513894951258295,0.016139240506329127,33
GAM,cobertura,0.1078302778990251,0.08601593190746393,0.13019969445656915,33
Logit,cobertura,0.10706496435326644,0.08649334351811443,0.12920667830641647,33
GAM,T,0.10384620980648915,0.08174650807507633,0.1279699548959698,34
Logit,T,0.10608940782773178,0.0844254692274117,0.13145733304233959,34
GAM,P,0.00017350501964210173,-0.00021824530772585616,0.0006620107667685257,34
Logit,P,2.546195256869499e-06,-0.0006547359231776101,0.0006374581696493572,34
GAM,slope_mean,0.008889131383675253,0.003360977738978599,0.016412956496435385,34
Logit,slope_mean,0.006233813473010396,0.00173141277462536,0.011988032882293134,34
GAM,log_area,0.014766841262912844,0.0009939255056016145,0.02941401134875602,34
Logit,log_area,0.018123090353557463,0.004456751054852365,0.031208169649352593,34
GAM,geologia,0.007421067947039136,-0.0016177433435181241,0.015393569038265659,34
Logit,geologia,0.010126582278481082,7.002036956214327e-05,0.018060708569765795,34
GAM,cobertura,0.11476611377855378,0.08851938745816972,0.14570693292594208,34
Logit,cobertura,0.11810017459624628,0.08809835588534856,0.1492997963043794,34
GAM,T,0.12232422749664135,0.09773380355276909,0.15141905508284817,35
Logit,T,0.12118375876996554,0.0957120465741154,0.15146477086132237,35
GAM,P,0.0003127332437677588,-0.001194208090759763,0.0014927601134497926,35
Logit,P,0.00024406627854891115,-0.000392782504851627,0.0011195700850871765,35
GAM,slope_mean,0.007845200776235316,0.0027774667860875264,0.013566390506045727,35
Logit,slope_mean,0.0037901179280488296,-0.0004590237348860187,0.00830441110613521,35
GAM,log_area,0.010055605314226064,0.0027644051350948413,0.01641009852216748,35
Logit,log_area,0.012750410509031085,0.004543588595312615,0.019049484997760758,35
GAM,geologia,0.005681444991789873,-0.0013864009553664792,0.011326317360800212,35
Logit,geologia,0.007347738468428006,-0.0004338334079715178,0.0145525451559933,35
GAM,cobertura,0.11869719361098677,0.0934589117778773,0.14839621585311236,35
Logit,cobertura,0.11348447529482,0.08874738766980139,0.1406590535900879,35
GAM,T,0.11833653988456401,0.08948590350747362,0.14218773124167508,36
Logit,T,0.1213097528488975,0.09193984016575406,0.14701235755512815,36
GAM,P,-0.0011140298949239024,-0.0038765354447241303,0.0012209560455822028,36
Logit,P,-0.0009438360219031261,-0.0037035666715997976,0.002007177741601304,36
GAM,slope_mean,0.011088870800651044,0.004453714666271813,0.01928370578659156,36
Logit,slope_mean,0.006626461447387969,0.0018582581027083822,0.012470401065561729,36
GAM,log_area,0.012062675743673104,0.0007926964629272227,0.02388079029154938,36
Logit,log_area,0.014899733609590128,0.0021634971141039462,0.02789329584134975,36
GAM,geologia,0.003314710670415737,-0.0049883454195650484,0.010359627053425944,36
Logit,geologia,0.00487827438212233,-0.004357518129347279,0.012732166642000926,36
GAM,cobertura,0.13180516501405937,0.0989890113955896,0.15909982240639328,36
Logit,cobertura,0.13069779487938443,0.09876979428740568,0.1580379606334173,36
GAM,T,0.14377793399437613,0.11079528636969063,0.17324533816782584,37
Logit,T,0.11644146810714825,0.08933420896847719,0.14054591534704766,37
GAM,P,2.6639040994453912e-05,-0.00016741897291707442,0.0001674189729169048,37
Logit,P,3.107888116039015e-05,-0.0011118099748407661,0.0009619653692468644,37
GAM,slope_mean,0.0017622465591238146,0.0005179813526712789,0.0037017167381974045,37
Logit,slope_mean,0.004284815746633244,0.0004698830842091578,0.008571666420008995,37
GAM,log_area,0.01675558679887519,0.005788441616101775,0.02969790587538849,37
Logit,log_area,0.015381826254254986,0.004565635637117174,0.028006141778896144,37
GAM,geologia,0.0021425928666567538,-0.0021653470475063385,0.007042696462927296,37
Logit,geologia,0.0029684031374871767,-0.003256807754920726,0.008992526269054373,37
GAM,cobertura,0.08086724877904392,0.05933661388190027,0.10173801243155241,37
Logit,cobertura,0.10851265354447252,0.08160056237975452,0.134935067337576,37
GAM,T,0.13869603013619222,0.1119095914227758,0.16919099536366258,38
Logit,T,0.13740184004636333,0.10881537960011586,0.16780733845262244,38
GAM,P,-0.00010286873370053629,-0.00039843523616362174,0.0001086641553171841,38
Logit,P,2.9339321935630824e-05,-0.0006918284555201881,0.0007434439292957865,38
GAM,slope_mean,0.0123866270646188,0.005618842364531876,0.02009290785279614,38
Logit,slope_mean,0.006310127499275534,0.002116234424804375,0.010697986090988,38
GAM,log_area,0.01273580121703838,0.003077006664734758,0.021263764126340016,38
Logit,log_area,0.01453201970443345,0.004840988119385647,0.023730440452042843,38
GAM,geologia,0.009895682410895234,0.002280136192407853,0.017547450014488385,38
Logit,geologia,0.011512605042016762,0.002845189800057918,0.02050311503911895,38
GAM,cobertura,0.10113119385685293,0.0717183425094174,0.12851890756302503,38
Logit,cobertura,0.09829252390611415,0.06795041292379017,0.1261056577803534,38
GAM,T,0.11298327001753367,0.08311751168907075,0.13600325102279381,39
Logit,T,0.10953901227352425,0.07942906195207487,0.1320088763880772,39
GAM,P,-3.762419637633463e-05,-0.001264793980128584,0.0010419710695499932,39
Logit,P,-0.00026811805961425296,-0.0008036236119228768,0.0002940531852717359,39
GAM,slope_mean,0.008474210987726527,0.0018072399181765619,0.014120945353594457,39
Logit,slope_mean,0.006289815897136176,0.0005835403272938911,0.010073604617182935,39
GAM,log_area,0.010778053769725371,-0.00025569842197536996,0.02009515634132095,39
Logit,log_area,0.012979251899473994,0.0026108635300993777,0.02215352863822334,39
GAM,geologia,0.009512711864406841,0.0020419345412039714,0.017535432495616655,39
Logit,geologia,0.011641949152542375,0.0034090078901227285,0.0201517752776154,39
GAM,cobertura,0.10864991233196968,0.08252575248392761,0.1296381867329048,39
Logit,cobertura,0.10423217416715373,0.07880260081823497,0.12388771186440684,39
GAM,T,0.12389647866744596,0.10237251607247216,0.1497625657510228,40
Logit,T,0.12615137346580943,0.10435509205143187,0.1514748319696083,40
GAM,P,-0.0002750584453536153,-0.0014072545295148397,0.0006821668614844629,40
Logit,P,0.0001406341320864457,-0.0002940531852717365,0.0005113968439508509,40
GAM,slope_mean,0.011590444184687307,0.0051212741087083066,0.019360936586791347,40
Logit,slope_mean,0.008685710111046099,0.0018382890122734085,0.014888040619520673,40
GAM,log_area,0.019151811805961424,0.005990648743424862,0.03471014757451783,40
Logit,log_area,0.02357977790765628,0.009785943892460496,0.040185746639392145,40
GAM,geologia,0.007188778492109868,-0.000860242548217388,0.015931838106370496,40
Logit,geologia,0.009793614845119746,0.0011068088836936774,0.019494265049678477,40
GAM,cobertura,0.1029960549386324,0.07318819403857389,0.13252392606662772,40
Logit,cobertura,0.10428660140268844,0.07552326855639978,0.13355037258912905,40
GAM,T,0.10025456822870618,0.0774333185971117,0.12501565723548486,41
Logit,T,0.1001562039493074,0.0777722516946654,0.12439949896846436,41
GAM,P,0.00029840848806368946,-0.0007948349543177386,0.001161398467432936,41
Logit,P,3.315649867372872e-05,-0.0008841732979664174,0.000847332743884488,41
GAM,slope_mean,0.006857500736811123,0.0030734232242853486,0.011623194812849898,41
Logit,slope_mean,0.004830533451223099,0.0019700486295313986,0.008351753610374288,41
GAM,log_area,0.01235337459475394,0.0012148172708518399,0.024794613910993274,41
Logit,log_area,0.01474469496021218,0.00371721190686696,0.02665506189213083,41
GAM,geologia,0.006923076923076963,-0.001199160035366914,0.015087127910403874,41
Logit,geologia,0.009370026525198923,0.0004190613026819473,0.01771017536103752,41
GAM,cobertura,0.09467911877394641,0.06764570439139404,0.12166777188328914,41
Logit,cobertura,0.0984261715296198,0.07072281167108753,0.12744068670792805,41
GAM,T,0.12451333628057759,0.09228374594753902,0.15001657824933673,42
Logit,T,0.1267315060418509,0.09521164898320085,0.152573312702623,42
GAM,P,0.0001241526672560478,-0.0011807397583260605,0.0012525788387857117,42
Logit,P,0.00020962275272624399,-0.0011107427055702835,0.0013087606837607648,42
GAM,slope_mean,0.005498452696728471,1.7499263188805462e-05,0.01154951370468598,42
Logit,slope_mean,0.005387194223401136,0.0018788682581785648,0.008870284409077502,42
GAM,log_area,0.00856358679634535,-0.0014736221632773994,0.018659740642499197,42
Logit,log_area,0.011533672266430933,0.00042274535809014025,0.022686413203654637,42
GAM,geologia,0.002701517830828105,-0.004049697907456596,0.01085414824638962,42
Logit,geologia,0.003675582080754529,-0.0035366931918656168,0.01210672708517539,42
GAM,cobertura,0.09728816681402881,0.07252615679339809,0.12194591806660766,42
Logit,cobertura,0.09674697907456531,0.071321470674919,0.12181329207191281,42
GAM,T,0.11322120322817315,0.08136371973587676,0.1389178283198827,43
Logit,T,0.118006603081438,0.0866993763756419,0.1451146368305209,43
GAM,P,3.2648569332358605e-05,-0.0007529347028613576,0.0008437270726338042,43
Logit,P,-8.584005869407662e-05,-0.0003860968451944669,0.00029347028613346815,43
GAM,slope_mean,0.009509170946441672,0.002526595744680918,0.01728356566397652,43
Logit,slope_mean,0.005949376375641956,0.0007666911225238798,0.011427916360968512,43
GAM,log_area,0.009880044020542931,-0.0006447175348495952,0.018700476889214907,43
Logit,log_area,0.012423697725605263,0.0009180117388114058,0.0214205796038151,43
GAM,geologia,0.007416727806309619,-0.0012252384446074264,0.01598862802641231,43
Logit,geologia,0.008556126192223014,-0.0009216801173881072,0.018241012472487092,43
GAM,cobertura,0.10612325752017608,0.0800348495964784,0.13594093910491567,43
Logit,cobertura,0.10843837123991194,0.08254493763756414,0.13900770359501097,43
GAM,T,0.11981334015195794,0.09622662185856233,0.14383858123904153,44
Logit,T,0.121209453535944,0.09706403419053193,0.14538464348334318,44
GAM,P,0.00015488018702512486,-0.0009323860315605282,0.0021277761542957264,44
Logit,P,0.00038829631794280115,-0.0005497516072471648,0.0015168395675045267,44
GAM,slope_mean,0.00791678842781998,0.0007771405610753402,0.015470667738164792,44
Logit,slope_mean,0.005491306253652918,-4.0181180596082766e-05,0.010904624488603234,44
GAM,log_area,0.009999999999999986,0.00025752483927524725,0.019189253360607787,44
Logit,log_area,0.012045952659263675,0.0016885227936880244,0.020403820864991287,44
GAM,geologia,0.005283094681472816,-0.000727827293980135,0.010763990356516576,44
Logit,geologia,0.006482320280537789,-0.0001707700175335086,0.01245159994155472,44
GAM,cobertura,0.10878872004675627,0.08440970192869658,0.12910122004675623,44
Logit,cobertura,0.1055778784336646,0.08305723991817665,0.12574335184102864,44
GAM,T,0.12585554911619823,0.09785026079397281,0.15382769487105186,45
Logit,T,0.13200376702405092,0.10237068965517242,0.16172939003187473,45
GAM,P,-0.0008327296435815479,-0.0023906114169804926,0.000890140538974323,45
Logit,P,-0.0008935815705593497,-0.0023906114169807147,0.000905534627644089,45
GAM,slope_mean,0.009078165749058273,0.004072189220515915,0.01670439727615191,45
Logit,slope_mean,0.004533830773688697,0.0005034772529700054,0.00780661402492025,45
GAM,log_area,0.0106034482758621,0.001762170385395545,0.019896406838597485,45
Logit,log_area,0.011156548826427052,0.0016779556650246218,0.020853556940017372,45
GAM,geologia,0.009150608519269788,0.002711170675166624,0.015975441900898335,45
Logit,geologia,0.008221529991306778,0.00160732396406823,0.014597218197623829,45
GAM,cobertura,0.12391263401912493,0.09746812518110694,0.1541627426832802,45
Logit,cobertura,0.11781222833961161,0.09187373225152118,0.1455674079976818,45
GAM,T,0.13618453325638438,0.1109300605973164,0.16306900158707252,46
Logit,T,0.136959673928726,0.11060092338767859,0.16399779974029707,46
GAM,P,-0.00117190881546675,-0.002724174000865559,0.0007114774202857027,46
Logit,P,-0.00035240225075754193,-0.001514932910114064,0.0008296061174433156,46
GAM,slope_mean,0.009873034194199985,0.0042923099119897,0.01630266195354206,46
Logit,slope_mean,0.007168518251334517,0.003024455345548874,0.010839886019333335,46
GAM,log_area,0.011380753138075335,0.0023770018756312573,0.019704948780839678,46
Logit,log_area,0.01265618236906647,0.003352690809406975,0.0203524022507574,46
GAM,geologia,0.005636993218871754,-0.0018485788486509696,0.012540578560092365,46
Logit,geologia,0.006901601500504926,-0.0011371014283654336,0.014477528495166548,46
GAM,cobertura,0.0988432405136344,0.0739665993363151,0.11821977348146012,46
Logit,cobertura,0.09592446977348139,0.06989431539460395,0.11626027990188996,46
GAM,T,0.10625790229885065,0.08407596982758629,0.13537446120689667,47
Logit,T,0.10799533045977014,0.0830423850574713,0.1363999640804598,47
GAM,P,-0.0002819683908045179,-0.0008279454022987409,0.00035919540229889524,47
Logit,P,-0.00019576149425282852,-0.000323275862068928,-5.298132183903823e-05,47
GAM,slope_mean,0.007163433908046055,0.0017322198275863065,0.013208512931034486,47
Logit,slope_mean,0.00487140804597703,0.001092852011494258,0.008248024425287393,47
GAM,log_area,0.012392241379310436,0.003788613505747193,0.023309087643678235,47
Logit,log_area,0.014076867816091979,0.004144216954022992,0.025149066091954057,47
GAM,geologia,0.009858117816092042,0.0026095545977012635,0.01731681034482767,47
Logit,geologia,0.010274784482758653,0.003191451149425384,0.01767241379310347,47
GAM,cobertura,0.11327442528735641,0.08994252873563222,0.13367546695402308,47
Logit,cobertura,0.1141339798850575,0.08998114224137935,0.13564834770114945,47
GAM,T,0.1115620394930741,0.08498010610079583,0.14776562039493085,48
Logit,T,0.11777372531682867,0.0901902814618331,0.15490624078986143,48
GAM,P,4.420866489913689e-06,-0.0002210433244915766,0.00025788387857361705,48
Logit,P,-5.268199233726234e-05,-0.0007386531093428489,0.0005351090480399719,48
GAM,slope_mean,0.009809165929855698,0.0027344901267316564,0.016823239021514953,48
Logit,slope_mean,0.006604406130268098,0.000933908045976964,0.011996205422929432,48
GAM,log_area,0.013437223695844484,0.0034768272914825343,0.025734048040082644,48
Logit,log_area,0.01626547303271432,0.006299734748010541,0.028353411435307938,48
GAM,geologia,0.0041670350722075875,-0.0027860669024461354,0.01090664603595654,48
Logit,geologia,0.005640288829943909,-0.0026958075449455246,0.012331454465075053,48
GAM,cobertura,0.11673666371942243,0.09038093132920724,0.14062776304155628,48
Logit,cobertura,0.11495137046861174,0.08841272472737978,0.14013502063071015,48
GAM,T,0.11031175683709867,0.08663421521997618,0.13777497027348395,49
Logit,T,0.10994649227110578,0.08555477110582638,0.13781770214030914,49
GAM,P,0.00020548454221162472,-0.0002424568965517293,0.0006140383472057501,49
Logit,P,0.00030358204518425634,-0.0003167731866825535,0.0010794441141497879,49
GAM,slope_mean,0.010947532699167624,0.004410671819262668,0.017037938466111735,49
Logit,slope_mean,0.004713882282996378,0.0007979711652793458,0.008461838585017822,49
GAM,log_area,0.013053656361474401,0.0035653240190248736,0.021411452140309137,49
Logit,log_area,0.014972502972651548,0.005252303804994041,0.02384531064209262,49
GAM,geologia,0.006865710463733605,-0.0005118534482759395,0.014291951545778671,49
Logit,geologia,0.008429325208085562,8.267687277044858e-05,0.01687815844233047,49
GAM,cobertura,0.10220868014268725,0.07460054994054695,0.13176556926278235,49
Logit,cobertura,0.09624368311533882,0.07056331747919137,0.12495448127229487,49
GAM,T,0.09863964030915573,0.07574594976218779,0.12446306480380495,50
Logit,T,0.09768504756242581,0.07430142687277067,0.12283460909631401,50
GAM,P,7.951843043990881e-05,-0.0005592300832342773,0.000483055885850181,50
Logit,P,-0.00011296076099868269,-0.0004105975029726233,0.0002052987514863932,50
GAM,slope_mean,0.008152868608798996,0.0016005870986920108,0.01628827288941733,50
Logit,slope_mean,0.004173974435196318,3.715814506559129e-05,0.008509215219976333,50
GAM,log_area,0.01395436979785965,0.002646588882282902,0.024735248216408934,50
Logit,log_area,0.015831227705113093,0.0046587024375744825,0.02809620243757442,50
GAM,geologia,0.00691736028537451,-0.0027627080856124308,0.014679325208085627,50
Logit,geologia,0.007771626040428199,-0.00206692181926261,0.015610136741973982,50
GAM,cobertura,0.12133026159334119,0.09529484988109387,0.15548732907253254,50
Logit,cobertura,0.12007245838287767,0.09415409482758628,0.15250353002378128,50
GAM,T,0.14893283045977007,0.11316810344827585,0.1841954022988506,51
Logit,T,0.14800395114942538,0.11251706178160933,0.1828600933908047,51
GAM,P,-0.0009482758620689946,-0.002947198275862034,0.000988685344827511,51
Logit,P,-0.0012668821839080047,-0.0035308908045975943,0.000665409482758694,51
GAM,slope_mean,0.008622485632183886,0.0025260416666666313,0.015211925287356326,51
Logit,slope_mean,0.006567887931034541,0.0030513649425288393,0.010775862068965584,51
GAM,log_area,0.010005387931034457,0.002119252873563235,0.01880747126436771,51
Logit,log_area,0.011258979885057531,0.002921156609195441,0.019622844827586278,51
GAM,geologia,0.00622306034482755,-9.877873563232534e-06,0.011333512931034486,51
Logit,geologia,0.006780531609195471,0.0006429597701150342,0.012533225574712743,51
GAM,cobertura,0.11198599137931031,0.09025233477011489,0.1352478448275862,51
Logit,cobertura,0.10526903735632193,0.08427352729885068,0.12696479885057477,51
GAM,T,0.1569665948275863,0.12671246408045986,0.18995689655172418,52
Logit,T,0.12534770114942534,0.09846713362068975,0.15308099856321844,52
GAM,P,-0.0017625718390803936,-0.0040337643678160255,0.0004983836206897056,52
Logit,P,-0.000978089080459703,-0.0023347701149425415,0.00025143678160927384,52
GAM,slope_mean,0.0019446839080460388,0.0004103807471265514,0.003935883620689713,52
Logit,slope_mean,0.0032841235632184583,0.0004822198275863166,0.007130926724137978,52
GAM,log_area,0.01334698275862076,0.003976293103448292,0.022140804597701142,52
Logit,log_area,0.012024784482758712,0.0020977011494253627,0.02006914511494263,52
GAM,geologia,0.006428520114942592,0.00038523706896562994,0.013358477011494313,52
Logit,geologia,0.008878951149425364,0.0009868893678161878,0.017550287356321862,52
GAM,cobertura,0.06726329022988513,0.04888110632183919,0.08300915948275865,52
Logit,cobertura,0.09133656609195409,0.06674658764367826,0.10911458333333345,52
GAM,T,0.14268146913937998,0.11337384091567672,0.17186503911909595,53
Logit,T,0.12110620110113011,0.09557736887858588,0.14814908722109527,53
GAM,P,-0.0017625325992465268,-0.0032979571138799847,0.0005732034192988193,53
Logit,P,-0.0007827441321356033,-0.0016317733990148242,0.0002019342219646549,53
GAM,slope_mean,0.0031740799768183725,0.0010141987829614951,0.005890502752825354,53
Logit,slope_mean,0.004391118516372076,9.417560127493457e-05,0.007467038539553773,53
GAM,log_area,0.013584468270066714,0.004346566212691969,0.02446845117357299,53
Logit,log_area,0.012551072152999143,0.003534301651695207,0.023245073891625577,53
GAM,geologia,0.005568675746160594,-0.000817697768762593,0.012758982903506253,53
Logit,geologia,0.007229064039408883,-0.0006193856853085628,0.014632534048102035,53
GAM,cobertura,0.08602035641842949,0.06661203274413215,0.10844411040278186,53
Logit,cobertura,0.11373840915676617,0.09120363662706461,0.14022928136771956,53
GAM,T,0.1316535062300783,0.10487358736598083,0.16231708200521586,54
Logit,T,0.1107635467980296,0.0869612068965518,0.13814655172413792,54
GAM,P,-0.0011025789626195037,-0.0023942335554911235,0.0002725659229209945,54
Logit,P,-0.0002314546508258142,-0.000869313242538361,0.0005261156186613128,54
GAM,slope_mean,0.0035761373514923435,0.0012469211822660725,0.005964756592292154,54
Logit,slope_mean,0.006400680962040028,0.002393328020863464,0.0100025354969574,54
GAM,log_area,0.014349826137351508,0.005339937699217617,0.024090843233845305,54
Logit,log_area,0.013194001738626544,0.004492357287742749,0.021395066647348557,54
GAM,geologia,0.008709794262532633,0.0024702984642133415,0.015357867284845006,54
Logit,geologia,0.011196392350043528,0.0037652129817444396,0.019451789336424257,54
GAM,cobertura,0.09045457838307741,0.07368697478991595,0.11419063314981173,54
Logit,cobertura,0.11321537235583895,0.093162308026659,0.14278741669081427,54
GAM,T,0.13096021794297652,0.10461449470070147,0.15659706672637697,55
Logit,T,0.133962158531124,0.10726134497686211,0.16089061800268686,55
GAM,P,-0.0003328855052993507,-0.00063628899835807,-3.545305269451246e-05,55
Logit,P,-1.903269144652997e-05,-0.00014927601134501477,7.463800567242274e-05,55
GAM,slope_mean,0.007739214808180271,0.0017148081803253557,0.015638528138528087,55
Logit,slope_mean,0.0032471264367815254,-0.0024108075832215497,0.007432079414837879,55
GAM,log_area,0.011050156739811866,0.002632855650096974,0.021504142409314784,55
Logit,log_area,0.012220480668756466,0.002553552769069983,0.022566801015076736,55
GAM,geologia,0.007797805642633188,0.0013593446783101675,0.01612367517539922,55
Logit,geologia,0.007760486639796922,0.0012688460964322384,0.01700906851768912,55
GAM,cobertura,0.1199100612031646,0.09341972682489912,0.15343521421107617,55
Logit,cobertura,0.11707157784743984,0.09196428571428569,0.15004571577847434,55
GAM,T,0.10583905610753935,0.08114041496201045,0.12724923290473408,56
Logit,T,0.10902469316189362,0.08507817066043251,0.128697581823495,56
GAM,P,0.0008978667445937294,-0.0007305669199298454,0.001991708065458722,56
Logit,P,0.0010355786090005458,-0.000459343950905991,0.002724101402688505,56
GAM,slope_mean,0.011679573348918684,0.005071960841612991,0.017577440093512448,56
Logit,slope_mean,0.008733196960841565,0.004819915254237269,0.012898158971361724,56
GAM,log_area,0.011457115721800037,0.0028857393337228783,0.02069604763296315,56
Logit,log_area,0.015458430742255945,0.00683719316189359,0.02475982612507303,56
GAM,geologia,0.0021102425482173335,-0.004611703682057333,0.009217014903565086,56
Logit,geologia,0.0044173728813559025,-0.0024583576855640695,0.010742986557568739,56
GAM,cobertura,0.1363471654003506,0.10909555815312669,0.16216576563413204,56
Logit,cobertura,0.13165035067212152,0.10699243863237869,0.15845631209818817,56
GAM,T,0.10893885154880195,0.08434029807130336,0.13526172559906502,57
Logit,T,0.11716357393337239,0.0925354324956167,0.14476731443600244,57
GAM,P,-0.0012795879602570826,-0.003031852717708894,0.0007150423728814766,57
Logit,P,-0.0003609000584452804,-0.0016994812974867545,0.00109585037989485,57
GAM,slope_mean,0.015190677966101778,0.0068746347165400705,0.024488603156049112,57
Logit,slope_mean,0.010661528345996547,0.0045276884862654136,0.018067833138515513,57
GAM,log_area,0.011705873758036311,0.002262931034482793,0.021553550555230963,57
Logit,log_area,0.013762419637638898,0.0053230932203391,0.0232731224430158,57
GAM,geologia,0.0060348480420807414,-0.003164267971946144,0.014441481589713668,57
Logit,geologia,0.00701636469900649,-0.0020428477498538626,0.014101767971946271,57
GAM,cobertura,0.12123904149620111,0.09031542226767969,0.1451545149035652,57
Logit,cobertura,0.11676578024547055,0.08470375511396855,0.14266419491525426,57
GAM,T,0.10345561261922237,0.08044387380777697,0.13031548055759357,58
Logit,T,0.10331621423330888,0.07976614086573731,0.12885730007336763,58
GAM,P,-6.19955979456599e-05,-0.0014132428466617163,0.0013398752751284102,58
Logit,P,9.53778429934382e-06,-0.0016159207630227963,0.0015058694057227145,58
GAM,slope_mean,0.010298239178283243,0.005865737344093913,0.01664068231841529,58
Logit,slope_mean,0.006834556126192218,0.0032960381511372315,0.010844644167278077,58
GAM,log_area,0.013847762289068288,0.0011913059427733576,0.024967901687454146,58
Logit,log_area,0.01482905355832723,0.0017360601614086174,0.0265929933969185,58
GAM,geologia,0.005182685253118182,-0.00026228906823181627,0.010219185619956042,58
Logit,geologia,0.006809977989728544,0.0005630961115186962,0.012385363169479063,58
GAM,cobertura,0.12380594277329425,0.10193506969919303,0.15044020542920034,58
Logit,cobertura,0.12333932501834191,0.10124082905355838,0.14987160674981653,58
GAM,T,0.11490324458024158,0.09046995489596985,0.14384548232213004,59
Logit,T,0.1162901935108395,0.09072548377709876,0.14594427469809396,59
GAM,P,5.27426160338107e-05,-0.0005838061981667253,0.0005647097337408672,59
Logit,P,0.0001767786992579179,-0.0006010839516950833,0.001148515931907428,59
GAM,slope_mean,0.005270624181580159,0.0007947766623018215,0.009460934089917158,59
Logit,slope_mean,0.00421431689218677,0.0006074494398370434,0.007808635239342247,59
GAM,log_area,0.01209224501673221,0.0011357849556235312,0.02193456278190027,59
Logit,log_area,0.013923323148552274,0.0024916339298704598,0.023164011348755974,59
GAM,geologia,0.00372726611377862,-0.0040111668849119484,0.011695220427760913,59
Logit,geologia,0.005725665648188541,-0.0026753237305397943,0.014028626509530039,59
GAM,cobertura,0.11805288811290562,0.09603793830932647,0.1431461879819584,59
Logit,cobertura,0.11695184053542843,0.0946802706241816,0.14280336097773896,59
GAM,T,0.11074905824398723,0.08056903796001161,0.13789300202839747,60
Logit,T,0.1129944219066937,0.08303933642422483,0.14085228919153872,60
GAM,P,0.00043538104897128285,-0.0004020573746740835,0.0013782237032743416,60
Logit,P,0.00021225731671974278,-0.00036402492031295807,0.0007434439292958447,60
GAM,slope_mean,0.006620906983483024,0.0011192407997681591,0.013679911619820323,60
Logit,slope_mean,0.006595189800057898,0.0024386047522456295,0.010612865835989475,60
GAM,log_area,0.01412742683280205,0.005153397565922832,0.02462239206027237,60
Logit,log_area,0.01664771080846127,0.0065352434077078055,0.026738626485076748,60
GAM,geologia,0.0058396117067516405,-0.0003576861779194667,0.011485801217038518,60
Logit,geologia,0.0061688640973630434,-0.00034591422776011064,0.01173753984352355,60
GAM,cobertura,0.11024159663865543,0.08554313966966098,0.13592980295566495,60
Logit,cobertura,0.10859388583019408,0.08267259490002891,0.13411873370037658,60
GAM,T,0.10274641112919948,0.0793149696610923,0.12554758028710974,61
Logit,T,0.10840239751368937,0.08458727985792495,0.13256530264910446,61
GAM,P,-0.00023457155542386588,-0.00044398401657530506,1.9424300725284466e-05,61
Logit,P,0.00019757288737588197,-3.699866804818264e-05,0.00048283261802555206,61
GAM,slope_mean,0.012873316560603953,0.004611883972177178,0.02029654432440437,61
Logit,slope_mean,0.009591534704750448,0.0036739677371612715,0.01462927334615939,61
GAM,log_area,0.01119061713778318,-0.001183957377534231,0.021998483054610225,61
Logit,log_area,0.013695056977948608,0.0007186991268312487,0.025813045730353572,61
GAM,geologia,0.006747447091904815,-0.002468736125499335,0.014611698978836888,61
Logit,geologia,0.008118617729761541,-0.0017074885304131065,0.016991638301021007,61
GAM,cobertura,0.1215202752700904,0.09423468255142824,0.15450273790143557,61
Logit,cobertura,0.1214285185733312,0.09492563267722341,0.15446111439988144,61
GAM,T,0.12359904622157013,0.09157556859867941,0.15590975788701392,62
Logit,T,0.1240553925165078,0.0906960748349231,0.15658565663976526,62
GAM,P,-0.0001199559794570515,-0.001504035216434274,0.0013086940572266982,62
Logit,P,-0.00043250183418919505,-0.001046404988994773,0.00016599413059442648,62
GAM,slope_mean,0.008067865003668405,0.003228173147468816,0.012757703595010958,62
Logit,slope_mean,0.0065293470286134515,0.0025999633162143987,0.010205429200293518,62
GAM,log_area,0.016418561995597988,0.005541085840058815,0.026058327219369022,62
Logit,log_area,0.01732685253118132,0.006547138664710353,0.0261582905355833,62
GAM,geologia,0.0008008070432868975,-0.007494497432134942,0.009596478356566433,62
Logit,geologia,0.0019897285399854336,-0.00712765957446794,0.010530080704328808,62
GAM,cobertura,0.0832696258253852,0.059459831254585455,0.10971478356566404,62
Logit,cobertura,0.08574358033749091,0.05988811445341164,0.11329512105649309,62
GAM,T,0.14978774268328024,0.11462347870182567,0.18875325992465958,63
Logit,T,0.12467944074181403,0.0947578600405679,0.1577251159084323,63
GAM,P,-0.0009435670820051833,-0.0019025282526803106,0.00040024630541873825,63
Logit,P,-0.0002115328890176338,-0.0007262387713705715,0.0004898942335555264,63
GAM,slope_mean,0.0045508548246885215,0.001215227470298433,0.007848268617792063,63
Logit,slope_mean,0.007104100260794019,0.0029402709359606233,0.011308316430020343,63
GAM,log_area,0.011975514343668538,0.004282273254129237,0.02099934801506816,63
Logit,log_area,0.011041727035641897,0.0040305346276442635,0.01905516516951615,63
GAM,geologia,0.007553607649956554,0.002015720081135916,0.013666328600405626,63
Logit,geologia,0.010018472906403994,0.004051361924080005,0.018066321356128682,63
GAM,cobertura,0.08834540712836862,0.06800565053607649,0.10915314401622718,63
Logit,cobertura,0.1138669950738917,0.08988427267458715,0.13882932483338173,63
GAM,T,0.12801905244856562,0.09684783396117062,0.15320649811648795,64
Logit,T,0.10169407418139675,0.07274340770791085,0.12490039119095919,64
GAM,P,-0.001022167487684762,-0.0037326137351492176,0.0015955520139090428,64
Logit,P,-0.0018201246015647065,-0.003425637496377787,6.429295856278598e-05,64
GAM,slope_mean,0.0032070414372645274,0.00012043610547659291,0.005886880614314666,64
Logit,slope_mean,0.005322732541292421,0.0017005940307157602,0.009093378730802739,64
GAM,log_area,0.019348015068096188,0.006914662416690751,0.032018798898869834,64
Logit,log_area,0.015342654303100604,0.003767024050999712,0.026006048971312687,64
GAM,geologia,0.006585047812228331,0.00037760793972760055,0.013937988988698899,64
Logit,geologia,0.007121124311793726,0.00012405824398730185,0.016168320776586437,64
GAM,cobertura,0.09293755433207763,0.07086261228629373,0.1151812880324543,64
Logit,cobertura,0.12048717762967258,0.09220153578672859,0.1473531222833962,64
GAM,T,0.13237864436880267,0.10105353707266532,0.16004513837501846,65
Logit,T,0.13253366878792364,0.10046895811750776,0.15960115435844308,65
GAM,P,0.0008428296581322559,-0.0005392555867989146,0.0019470549060233695,65
Logit,P,0.0006393369838685492,-0.0004458339499778141,0.0018129347343495722,65
GAM,slope_mean,0.010737753440876059,0.004058753884860061,0.017569742489270204,65
Logit,slope_mean,0.006461447387893996,0.0012080065117654692,0.01191357111143998,65
GAM,log_area,0.011683439396181683,0.0006530264910462297,0.025086021903211363,65
Logit,log_area,0.013690247151102538,0.00125795471363028,0.027461336391889923,65
GAM,geologia,0.0009516057421932301,-0.0058864880864288645,0.00929776528044977,65
Logit,geologia,0.0023442356075181092,-0.005294509397661665,0.012196610922006811,65
GAM,cobertura,0.1095460263430516,0.08399530116915792,0.14429573035370716,65
Logit,cobertura,0.10522014207488527,0.07831600562379752,0.13698664348083467,65
GAM,T,0.11541122523844455,0.08967076302274392,0.14150403521643434,66
Logit,T,0.11777035950110065,0.09071716801173901,0.14499082905355842,66
GAM,P,-0.00045121056493034996,-0.001803008070432971,0.0005172413793103418,66
Logit,P,-0.00023991195891401862,-0.0009170946441671741,0.0004961482024947169,66
GAM,slope_mean,0.007529347028613297,0.002033198826118751,0.014088407923697635,66
Logit,slope_mean,0.006334189288334696,0.0021395818048423306,0.010275128393250328,66
GAM,log_area,0.012637931034482708,0.0011894717534848942,0.022868672046955252,66
Logit,log_area,0.014259354365370656,0.0024358033749084184,0.024498349229640625,66
GAM,geologia,0.006172780630961074,-0.0016571900220103352,0.01357850330154068,66
Logit,geologia,0.007181584739545274,-0.00021184886280252996,0.014329603815113813,66
GAM,cobertura,0.10727072633895812,0.08157465150403514,0.13163609684519442,66
Logit,cobertura,0.11128723404255333,0.084527696258254,0.13740095377843003,66
GAM,T,0.11965879455230359,0.09328636627064604,0.14603647493480135,67
Logit,T,0.12379455230368006,0.09639959432048681,0.15119258910460728,67
GAM,P,-0.00018074471167789152,-0.0017576427122573401,0.001160895392639693,67
Logit,P,-0.00014452332657206802,-0.001612757171834317,0.0012369603013618956,67
GAM,slope_mean,0.01190126050420156,0.004775789626195121,0.02135884526224272,67
Logit,slope_mean,0.00920240509997096,0.002172377571718295,0.016676325702694794,67
GAM,log_area,0.008835844682700546,-0.0014524775427413456,0.017327405099970876,67
Logit,log_area,0.010891770501303905,-0.0006211967545639601,0.01954324833381628,67
GAM,geologia,0.005857360185453378,-0.0018011083743843304,0.012181251811069112,67
Logit,geologia,0.00699724717473191,-0.0008267531150391943,0.01367266734279909,67
GAM,cobertura,0.10701753115039103,0.07141046073601846,0.13291256157635456,67
Logit,cobertura,0.10457620979426246,0.06924532744132134,0.12993697478991595,67
GAM,T,0.13395488379158432,0.10463599422755565,0.16391462858878922,68
Logit,T,0.13992366702111497,0.11007329485037219,0.1684271988455111,68
GAM,P,-0.00022596080814224595,-0.0012152514051345126,0.0013130411666413618,68
Logit,P,3.000151906438431e-05,1.1102230246251565e-16,3.7976606410583535e-05,68
GAM,slope_mean,0.007501519064256338,0.0001746923894880154,0.01409121980859789,68
Logit,slope_mean,0.0046487163907033445,-0.0001775406349687841,0.009250151906425676,68
GAM,log_area,0.017470758013063886,0.0059385918274341976,0.02809984049825293,68
Logit,log_area,0.019824927844447827,0.008533343460428406,0.030202795078231818,68
GAM,geologia,0.012572535318243903,0.006642108461187873,0.02041432477593799,68
Logit,geologia,0.011663375360777764,0.005047090991948969,0.01984847334042228,68
GAM,cobertura,0.1254241986936047,0.09761411970226336,0.1514269709858726,68
Logit,cobertura,0.12111575269633904,0.09373196111195504,0.14674160716998336,68
GAM,T,0.13840643485788487,0.10347713172702351,0.16679772038666862,69
Logit,T,0.14243146732073303,0.1060507141826577,0.17077351752993802,69
GAM,P,-0.002993795989034811,-0.005178726013562301,0.00018395613908524667,69
Logit,P,-0.002132448420141343,-0.004221973741162802,0.00027142547972886205,69
GAM,slope_mean,0.008616721973741123,0.003529432982253636,0.01376514932910108,69
Logit,slope_mean,0.005273409320444443,0.0017773409320445215,0.008578307603520529,69
GAM,log_area,0.010763237628047878,0.00345368633674798,0.020135983263598327,69
Logit,log_area,0.012747439041985355,0.004724246140528127,0.021786178040686832,69
GAM,geologia,0.009969701341797697,0.0006059731640456035,0.018294618381185998,69
Logit,geologia,0.009637858894820429,0.0006249098254220903,0.01684010243832065,69
GAM,cobertura,0.10137173568027698,0.07478267926706107,0.12538865243110658,69
Logit,cobertura,0.1002423892656183,0.07452928870292891,0.12374747511181655,69
GAM,T,0.10452875977977388,0.0836025789626194,0.1313985076789335,70
Logit,T,0.10877752825268029,0.08605657780353519,0.1360484279918863,70
GAM,P,-0.0019606635757752388,-0.0031874818893075666,-0.00037760793972777077,70
Logit,P,-0.0015423065778036316,-0.0026821935670821584,-8.783685888161344e-05,70
GAM,slope_mean,0.006904520428861094,0.002861489423355454,0.01166328600405675,70
Logit,slope_mean,0.004420095624456588,0.0006836786438712606,0.00782381918284547,70
GAM,log_area,0.014061866125760545,0.004074000289770979,0.023671580701245892,70
Logit,log_area,0.014417922341350252,0.0048563822080555765,0.024308171544479843,70
GAM,geologia,0.006529991306867466,0.0001367357287742067,0.012282671689365312,70
Logit,geologia,0.0067665169516081345,0.0011672341350332433,0.01231527093596052,70
GAM,cobertura,0.13248370037670232,0.10371993625036215,0.16704940596928408,70
Logit,cobertura,0.13107722399304542,0.10160822949869591,0.16513510576644444,70
GAM,T,0.11402944184687325,0.08706713909994163,0.13758584161309179,71
Logit,T,0.11807349503214479,0.09078755113968418,0.1408277323202804,71
GAM,P,-0.00019652250146106497,-0.0008228009935709518,0.00020181911163068245,71
Logit,P,-2.082115721813049e-05,-0.00021917007597904714,0.0001461133839858464,71
GAM,slope_mean,0.008047925189947453,0.003043724430157893,0.014868863237872603,71
Logit,slope_mean,0.0065283459964931186,0.0024108708357684083,0.011250730566919831,71
GAM,log_area,0.013453024547048576,0.0041277030976037965,0.024819184687317405,71
Logit,log_area,0.01579156925774386,0.005798874926943182,0.026052016364698862,71
GAM,geologia,0.0025306838106371144,-0.006405245470485074,0.00946723407364115,71
Logit,geologia,0.004543395675043686,-0.005420806545879744,0.011820572764465112,71
GAM,cobertura,0.11412587668030398,0.08610827001753367,0.1420450394506137,71
Logit,cobertura,0.11397501461133824,0.08691280683810616,0.1403766072472236,71
GAM,T,0.10854627173592682,0.08697318007662827,0.1416012746831712,72
Logit,T,0.11273688476274685,0.09008252284114351,0.14501639404656647,72
GAM,P,2.9472443265473604e-05,-0.0001842027704097582,0.000405246094901171,72
Logit,P,6.889183613320804e-05,-0.00029472443265543546,0.0004632699675803727,72
GAM,slope_mean,0.011974285293250744,0.004617042440318198,0.02035532714412017,72
Logit,slope_mean,0.00782640730916592,0.0015657235484821648,0.013512194223401108,72
GAM,log_area,0.018310492189802453,0.006401046271735905,0.031576038903624926,72
Logit,log_area,0.020692602416740345,0.008688844680224055,0.03423224285293254,72
GAM,geologia,0.0062426318891835334,-0.0021072796934866966,0.015145151783082633,72
Logit,geologia,0.007399056881815504,-0.0003352490421455578,0.017140067786619494,72
GAM,cobertura,0.10610226937813139,0.08320254936634235,0.12882312849985256,72
Logit,cobertura,0.10220564397288538,0.08028017241379308,0.1273596374889479,72
GAM,T,0.12035002972651601,0.09044106718192618,0.14359579369797845,73
Logit,T,0.12180328478002389,0.09140625000000009,0.1451304250891796,73
GAM,P,-0.0006595570749108614,-0.002236920332936998,0.00037343935790718147,73
Logit,P,1.114744351966901e-05,-7.431629013077146e-05,7.431629013088248e-05,73
GAM,slope_mean,0.007734096313911956,0.002685604934601557,0.014267798751486288,73
Logit,slope_mean,0.005689283590963253,0.0010720124851368168,0.009619314803805035,73
GAM,log_area,0.006887262187871542,-0.003920184304399587,0.016545593043995263,73
Logit,log_area,0.00918883769322247,-0.0013135404280616267,0.018768579072532876,73
GAM,geologia,-8.80648038050369e-05,-0.007570043103448346,0.006489670035671838,73
Logit,geologia,0.0008709869203330545,-0.00642557223543386,0.008545444411414999,73
GAM,cobertura,0.10644247919143872,0.07682818073721762,0.13786414982164075,73
Logit,cobertura,0.1055540279429252,0.07727593638525579,0.13492215368608804,73
GAM,T,0.14394342219646475,0.1142196102578962,0.17691158359895684,74
Logit,T,0.11834395827296429,0.08928209214720362,0.1469700811359025,74
GAM,P,-0.0012724572587656158,-0.003976202549985525,0.0027935743262821754,74
Logit,P,-0.0018070849029267943,-0.004094827586207053,0.0008919516082293867,74
GAM,slope_mean,0.006988916256157586,0.003192009562445544,0.011772855694001756,74
Logit,slope_mean,0.00871015647638356,0.004155498406258951,0.014164372645609907,74
GAM,log_area,0.012763691683569944,0.0038702549985511424,0.023926035931614034,74
Logit,log_area,0.010904447986090889,0.0029955085482468056,0.021263764126340127,74
GAM,geologia,0.005854824688496053,-0.0009109678354100064,0.011557338452622395,74
Logit,geologia,0.006805273833671314,-0.0007072225441901753,0.014310163720660617,74
GAM,cobertura,0.08167560127499274,0.06107016082294982,0.10451680672268897,74
Logit,cobertura,0.11017857142857132,0.08502155172413779,0.13824163286004035,74
GAM,T,0.14557956411404685,0.11691577101059861,0.1817929914912673,75
Logit,T,0.1180609046126288,0.09141383042245119,0.14792599641737572,75
GAM,P,-0.0005672488431109768,-0.0016616286012838654,0.0006166965218688366,75
Logit,P,-0.00014255859083440626,-0.00033587102552612436,9.423048216149167e-05,75
GAM,slope_mean,0.005088819226750188,1.7726526347142116e-05,0.01003041498731143,75
Logit,slope_mean,0.00493879683534861,-0.0013164278250484937,0.01015823257202573,75
GAM,log_area,0.016301313628899788,0.006986117330944846,0.02741733840871763,75
Logit,log_area,0.013219510374682835,0.0031450589640245608,0.023754478280340333,75
GAM,geologia,0.008070234363337751,0.0026281907747424003,0.014316502463054135,75
Logit,geologia,0.00938834154351401,0.002585273921480921,0.017028660994178352,75
GAM,cobertura,0.10959210329899978,0.08698126586057615,0.13236770413494536,75
Logit,cobertura,0.13806351694282734,0.11011811464397679,0.16824805941185259,75
GAM,T,0.10525346301208374,0.07938402593575014,0.1313006557618627,76
Logit,T,0.10893604479811365,0.08255968169761263,0.13559073828470372,76
GAM,P,9.210138520489797e-05,-0.0006262894193928004,0.00062813144709706,76
Logit,P,-7.736516357218615e-05,-0.0004052460949013348,0.00024038461538447266,76
GAM,slope_mean,0.009768272914824681,0.00348051134689078,0.01698717948717944,76
Logit,slope_mean,0.00732758620689643,0.0030909224874741013,0.012428160919540058,76
GAM,log_area,0.010578396699086388,-0.0004669540229885083,0.02175066312997352,76
Logit,log_area,0.01342175066312986,0.0020566239316238744,0.024855400825228285,76
GAM,geologia,0.004469127615679369,-0.0025106837606837127,0.012324086354258829,76
Logit,geologia,0.005779546124373594,-0.0019129457707045187,0.013321544356027013,76
GAM,cobertura,0.12510204833480698,0.0947078544061303,0.1597120910698497,76
Logit,cobertura,0.12084659593280271,0.0909980106100795,0.15473861626878851,76
GAM,T,0.143995986920333,0.11484467895362674,0.17162139565992868,77
Logit,T,0.11035708977407839,0.08572105380499391,0.13541635701545768,77
GAM,P,2.9726516052376307e-05,-0.00031677318668243694,0.0002972651605232551,77
Logit,P,-0.0006019619500595386,-0.002174680439952506,0.0010404280618309697,77
GAM,slope_mean,0.004815695600475678,0.0011156733055886687,0.008511073127229598,77
Logit,slope_mean,0.0061808858501782755,0.0004263897146253166,0.011561756837098543,77
GAM,log_area,0.011054548156956064,0.00423231272294893,0.01917731866825213,77
Logit,log_area,0.009597205707491013,0.0023140234839476997,0.0173565695600475,77
GAM,geologia,0.007865264565992916,0.0019656658739596266,0.014407141795481537,77
Logit,geologia,0.010179102259215147,0.0020594901902496383,0.017487552021403018,77
GAM,cobertura,0.09282290428061839,0.07156101367419741,0.11282327586206906,77
Logit,cobertura,0.1211901753864446,0.0953840294292508,0.1460342969678953,77
GAM,T,0.14220946441672783,0.10331713132795312,0.1723477622890682,78
Logit,T,0.11606529713866479,0.0832300073367573,0.14347487160674982,78
GAM,P,0.0002729273661041942,-0.00034941305942770285,0.0010656639765224069,78
Logit,P,0.00030117388114460407,-0.0008455612619221925,0.0015443873807777662,78
GAM,slope_mean,0.006690388848129149,0.0029328686720469536,0.01088132795304473,78
Logit,slope_mean,0.008880410858400651,0.003052090975788782,0.014472670579603993,78
GAM,log_area,0.013141966250917117,0.004228723404255316,0.02263664710198096,78
Logit,log_area,0.012202494497432213,0.003979273661041838,0.022517424798239274,78
GAM,geologia,0.0042802641232575385,-0.0009730374174614614,0.010150403521643439,78
Logit,geologia,0.005436170212766037,-0.0014361702127658582,0.013304292002934787,78
GAM,cobertura,0.09782575201760825,0.07408840792369774,0.12268341892883344,78
Logit,cobertura,0.12177072633895823,0.09232758620689659,0.15303741746148197,78
GAM,T,0.11552641232575217,0.08926449009537796,0.1451329787234044,79
Logit,T,0.1174724871606749,0.09161133528980177,0.14720561261922216,79
GAM,P,-2.971386647087182e-05,-0.0013591342626557644,0.0013031914893617516,79
Logit,P,-4.6221570066115044e-05,-0.000976705796038127,0.001036316947908977,79
GAM,slope_mean,0.008644534115920892,0.0023807776962583987,0.015224688187821113,79
Logit,slope_mean,0.006749449743213393,0.0010409024211296609,0.01133528980190746,79
GAM,log_area,0.01442956713132809,0.003860051357300143,0.02528154805575951,79
Logit,log_area,0.01644057226705788,0.005400770359500981,0.027256052824651343,79
GAM,geologia,0.005031181217901826,-0.002440388848128966,0.011686537050623716,79
Logit,geologia,0.00704878943506962,-0.0012894350696992878,0.014815663976522342,79
GAM,cobertura,0.090804108584006,0.06907740278796783,0.11687545854732223,79
Logit,cobertura,0.08799816581071158,0.06717076302274394,0.11350055025678644,79
GAM,T,0.14139617691154427,0.10641585457271373,0.16996064467766123,80
Logit,T,0.13563605697151407,0.10128748125937011,0.16292916041979,80
GAM,P,-0.0001547976011993002,-0.0008264617691153636,0.00037481259370325813,80
Logit,P,5.134932533716552e-05,-0.00014992503748145758,0.00026236881559205116,80
GAM,slope_mean,0.0053991754122939195,0.0008227136431785548,0.011814092953523299,80
Logit,slope_mean,0.003888305847076303,0.000268928035981908,0.008093140929535161,80
GAM,log_area,0.009470764617691219,0.002829835082458765,0.016319340329835095,80
Logit,log_area,0.012010869565217224,0.00395708395802091,0.019006746626686513,80
GAM,geologia,0.006672788605697228,0.0003888680659670657,0.012897301349325336,80
Logit,geologia,0.006993253373313178,-0.00011712893553233176,0.013798725637181212,80
GAM,cobertura,0.09882196401799108,0.07448556971514246,0.12388868065967021,80
Logit,cobertura,0.09574250374812579,0.07393084707646168,0.12142991004497733,80
GAM,T,0.10529697545295143,0.0741644140853301,0.12856881940385734,81
Logit,T,0.11345813851548801,0.080822618351841,0.1365402177089422,81
GAM,P,-2.1917007598459826e-06,-0.0004575175336061693,0.0003844608416129627,81
Logit,P,5.1139684395051786e-05,-0.0002748758036236615,0.0003652834599649518,81
GAM,slope_mean,0.009049167153711209,0.003341430450029226,0.015170222092343581,81
Logit,slope_mean,0.0063325540619520344,0.002951490356516617,0.010156706604324972,81
GAM,log_area,0.013802600818234888,0.00319531706604321,0.025420989187609426,81
Logit,log_area,0.016601037405026265,0.006546792811221444,0.028062901811805874,81
GAM,geologia,0.004123319696084086,-0.0038026008182349856,0.01138497223845695,81
Logit,geologia,0.005872296902396221,-0.0023953462887201515,0.012973042080654635,81
GAM,cobertura,0.126509716540035,0.09942741817650486,0.1546217489772062,81
Logit,cobertura,0.12044637638807715,0.09314362945645824,0.1472932495616597,81
GAM,T,0.10118928833455611,0.07365278796771833,0.12556951577402783,82
Logit,T,0.10099303008070425,0.07274303008070429,0.12567131327953035,82
GAM,P,0.00031951577402787536,-0.0009381878209830857,0.0014325018341891866,82
Logit,P,0.0008187820983124772,-0.0005731841526045251,0.0024110418195157053,82
GAM,slope_mean,0.007307043286867186,0.002714600146735133,0.012695341159207592,82
Logit,slope_mean,0.00601687454145259,0.0014618488628025035,0.009730374174614776,82
GAM,log_area,0.017634996331621414,0.00743580337490822,0.027847578870139358,82
Logit,log_area,0.018395084372707208,0.008772010271459902,0.028695891415994063,82
GAM,geologia,0.006679383712399122,-0.0015462215700660447,0.014611151870873097,82
Logit,geologia,0.007928466617754884,-0.00012931034482776272,0.016319699192956675,82
GAM,cobertura,0.10533345561261923,0.07725696991929572,0.1339269992663243,82
Logit,cobertura,0.1038785766691122,0.07569974321349955,0.1318112619222303,82
GAM,T,0.11410337552742612,0.08815018914593338,0.14606430961734324,83
Logit,T,0.11632656772879389,0.08836570638731264,0.1490360832242107,83
GAM,P,-0.00020042194092826038,-0.0008266041030117993,0.00025461952568017754,83
Logit,P,0.00015459042630584175,-0.00014549687181730775,0.0004919612978321023,83
GAM,slope_mean,0.0067183180561617775,0.0013804015713661522,0.012956496435326642,83
Logit,slope_mean,0.004488578495562363,-0.00011094136476064441,0.008205114215044353,83
GAM,log_area,0.01035428488287502,-0.0017932489451476462,0.025056380037829208,83
Logit,log_area,0.011629564964353306,-0.0013431179979629614,0.023992434162665457,83
GAM,geologia,0.008591954022988502,-0.0007993234395461595,0.01826895096755415,83
Logit,geologia,0.009279426742325078,-0.000123672341044706,0.01942383238760376,83
GAM,cobertura,0.10389422377418882,0.08044976720500517,0.1268014331441875,83
Logit,cobertura,0.10365160774043362,0.08112087152626227,0.1237168994616616,83
GAM,T,0.11975152129817447,0.08878042596348878,0.14943494639235005,84
Logit,T,0.12355186902347154,0.08984805128948137,0.15237340625905535,84
GAM,P,-0.0035515068096203728,-0.006304332077658625,-0.0007171834250941308,84
Logit,P,-0.002460880904085698,-0.0047404737757170525,0.000134924659519009,84
GAM,slope_mean,0.012522457258765605,0.005974717473196167,0.020247754274123456,84
Logit,slope_mean,0.008827513764126414,0.004013329469718991,0.013939800057954276,84
GAM,log_area,0.006169588525065217,-0.003097833961170537,0.014164372645610072,84
Logit,log_area,0.008493914807302298,-0.0008602578962618456,0.017687807881773397,84
GAM,geologia,0.010064474065488292,0.0024757316719790953,0.01901984931903805,84
Logit,geologia,0.011720878006375028,0.0035669008982904538,0.020651622718052823,84
GAM,cobertura,0.12738952477542742,0.09673011445957701,0.15354969574036514,84
Logit,cobertura,0.12462547087800646,0.09472435525934518,0.15242683280208635,84
GAM,T,0.12142867362998996,0.09048147088281583,0.14879900558019746,85
Logit,T,0.12488946916583205,0.09599728144226638,0.15217216339962789,85
GAM,P,-0.0021151094577192874,-0.004203927600515097,0.0011634353984833143,85
Logit,P,-0.0009411217627700719,-0.003112033195020736,0.0012269280297611004,85
GAM,slope_mean,0.00658034053512661,0.0011956288453283087,0.01231399341822866,85
Logit,slope_mean,0.004283516955215322,0.001369115753326705,0.007767563313778764,85
GAM,log_area,0.013131349263127765,0.005311024467019624,0.02449027042495352,85
Logit,log_area,0.015430676777793674,0.007491236228359008,0.026091000143081987,85
GAM,geologia,0.009171555301187554,0.0027981470882815856,0.018044426956646105,85
Logit,geologia,0.010219630848476165,0.0036637931034482762,0.017982722850193148,85
GAM,cobertura,0.1004245957933896,0.07278580626699095,0.12108223637144079,85
Logit,cobertura,0.09751001573901846,0.07239501359278865,0.1177985047932465,85
GAM,T,0.1206936903888481,0.09265315480557589,0.15117571533382246,86
Logit,T,0.12320909757887019,0.09351155539251657,0.15451118855465884,86
GAM,P,0.00020983125458543306,-0.0007180851063830401,0.0008437270726338042,86
Logit,P,3.2648569332418554e-05,-0.0002760454878943386,0.000366837857666949,86
GAM,slope_mean,0.009637564196625063,0.004172780630961029,0.015418195157740249,86
Logit,slope_mean,0.006777696258253897,0.002145084372707279,0.011171129860601644,86
GAM,log_area,0.011617754952311043,0.001385730007336722,0.02221019809244303,86
Logit,log_area,0.013876742479823973,0.0038013573000733854,0.02474779897285399,86
GAM,geologia,0.0028312545854731874,-0.002061628760088169,0.00847120322817318,86
Logit,geologia,0.00359794570799712,-0.00286775495231103,0.00986702127659582,86
GAM,cobertura,0.11476925898752749,0.08811720469552453,0.14127476155539248,86
Logit,cobertura,0.11716287600880414,0.09048422597212041,0.1430245781364637,86
GAM,T,0.1209747723540827,0.09844846245708314,0.14459527541424094,87
Logit,T,0.12192155545603812,0.09743805045529172,0.14658531124048357,87
GAM,P,-0.0001347216002388596,-0.001046798029556728,0.0005047395133602025,87
Logit,P,0.00018025078369893644,-0.0003358710255263464,0.0005971040453797733,87
GAM,slope_mean,0.011219211822660067,0.0039306239737273655,0.018997238393790108,87
Logit,slope_mean,0.004012539184952868,-0.0001856620391105012,0.008661740558292153,87
GAM,log_area,0.009934691745036542,0.002650582176444227,0.018596059113300395,87
Logit,log_area,0.01170958351992824,0.004669540229884928,0.02019331243469162,87
GAM,geologia,0.006070682191371812,0.0008546051649499592,0.012695924764890272,87
Logit,geologia,0.005143304970891074,-0.0009917525003733745,0.013124160322435961,87
GAM,cobertura,0.12798290789670097,0.09926294969398418,0.16053422152560087,87
Logit,cobertura,0.11873227347365269,0.08869793999104332,0.14910341095685914,87
GAM,T,0.15675128393250187,0.12586115187087307,0.1872853998532648,88
Logit,T,0.12491415994130599,0.09771826852531178,0.1508629860601614,88
GAM,P,0.00033272193690394024,-0.0022202861335289203,0.0032859501100513853,88
Logit,P,-0.00021386647101977795,-0.0011564563462949594,0.0007721936903889386,88
GAM,slope_mean,0.004681951577402832,0.0021414159941306604,0.006935069699192991,88
Logit,slope_mean,0.007516140865737372,0.0043561995597946376,0.011042736610418248,88
GAM,log_area,0.009585473220836452,0.0010619955979457945,0.017146001467351502,88
Logit,log_area,0.009391415994130639,0.0011399486426999506,0.01637931034482758,88
GAM,geologia,0.004249449743213554,-0.00033473954512105986,0.008365737344093896,88
Logit,geologia,0.004513206162876055,-0.0013985693323550208,0.010317314746881875,88
GAM,cobertura,0.08572046955245786,0.06549889948642709,0.1082841159207631,88
Logit,cobertura,0.11424394717534855,0.09026870873074104,0.14110051357300082,88
GAM,T,0.11497162356321837,0.08595096982758614,0.14543642241379304,89
Logit,T,0.116777658045977,0.08712015086206897,0.14808908045977012,89
GAM,P,-0.0011239224137931136,-0.0029454022988505994,0.0010075431034482435,89
Logit,P,-0.0013164511494253017,-0.0032435344827586392,0.0007031249999998787,89
GAM,slope_mean,0.0047115660919540055,1.3469827586137806e-05,0.009594109195402312,89
Logit,slope_mean,0.0022596982758620555,0.00019306752873564094,0.004202586206896508,89
GAM,log_area,0.012120330459770113,0.0034886853448276604,0.0225233477011494,89
Logit,log_area,0.01363074712643678,0.004915589080459762,0.023992456896551648,89
GAM,geologia,0.0055581896551724005,-0.0008261494252873591,0.0128071120689654,89
Logit,geologia,0.005813936781609188,-0.0007228807471264281,0.01306303879310334,89
GAM,cobertura,0.09553699712643679,0.0748446479885057,0.12252963362068961,89
Logit,cobertura,0.09591702586206895,0.07625000000000003,0.12145294540229877,89
GAM,T,0.09475243147656935,0.07081030798703217,0.11914511494252869,90
Logit,T,0.09944112879457706,0.0751013115237253,0.1241959549071618,90
GAM,P,0.00025456822870611686,-0.00031406572354850115,0.000736811081638647,90
Logit,P,0.0005352932508105013,-0.00011052166224584659,0.0011438992042440194,90
GAM,slope_mean,0.010729442970822234,0.003215259357500719,0.017920166519304406,90
Logit,slope_mean,0.006176318891836107,2.7630415561447834e-06,0.01085046419098143,90
GAM,log_area,0.012347848511641536,0.0035293250810492253,0.023006005010315148,90
Logit,log_area,0.014543913940465654,0.005602527262010026,0.02456528146183309,90
GAM,geologia,0.005387931034482678,-0.0047634836427940894,0.012740384615384522,90
Logit,geologia,0.008232390215148815,-0.0026350206307103356,0.015897620100206324,90
GAM,cobertura,0.12599101090480394,0.09232150751547298,0.16150622605363985,90
Logit,cobertura,0.12312665782493369,0.0881419466548776,0.16002339375184202,90
GAM,T,0.1191848537756438,0.09159573694165576,0.1452040593627237,91
Logit,T,0.11985413938600314,0.09286701585915892,0.1445338643969154,91
GAM,P,-2.3279499490787004e-05,-0.0009648261312381889,0.0007465808235122853,91
Logit,P,-0.00012658227848107108,-0.0005456132693147403,0.0004192128619233956,91
GAM,slope_mean,0.006561181434599138,0.002286119598428618,0.011185981376400447,91
Logit,slope_mean,0.005032736796158808,0.0011048668703621783,0.00849428924778103,91
GAM,log_area,0.01254110286628836,0.0020469591153790294,0.021990942819729326,91
Logit,log_area,0.013506474610795802,0.0030527062418157836,0.02341135603084529,91
GAM,geologia,0.005578350065473574,-0.001519532955041558,0.013668521751782257,91
Logit,geologia,0.0064509675541975075,-0.00113487560017472,0.015502691692128529,91
GAM,cobertura,0.10667066783064165,0.08505656190891892,0.1285164775207333,91
Logit,cobertura,0.10672595664193213,0.08511476065764571,0.12883475192783353,91
GAM,T,0.14418429440741812,0.1147475369458129,0.17556233700376697,92
Logit,T,0.12294190089829027,0.09615509997102287,0.14865437554332075,92
GAM,P,-0.0014137206606780939,-0.0036646986380758887,0.0013057809330628272,92
Logit,P,-0.001590843233845356,-0.0033468559837729504,0.0004781222833959462,92
GAM,slope_mean,0.005663575775137604,0.0015385033323673525,0.009364133584468278,92
Logit,slope_mean,0.008469284265430234,0.002089068385974999,0.013112141408287203,92
GAM,log_area,0.012848087510866395,0.004509562445667839,0.023798355549116062,92
Logit,log_area,0.01235837438423637,0.004146443059982546,0.023081172124021963,92
GAM,geologia,0.0051666183714865,-1.8110692553446843e-06,0.012452912199362422,92
Logit,geologia,0.006490147783251153,0.00046906693711956383,0.014401622718052638,92
GAM,cobertura,0.0884743552593451,0.06729027818023758,0.10917034917415235,92
Logit,cobertura,0.1161887858591712,0.09008620689655168,0.14178589539263975,92
GAM,T,0.11801467351430682,0.09002842993396933,0.1422899853264858,93
Logit,T,0.12235436537050626,0.09401870873074099,0.15038609684519452,93
GAM,P,0.0008785766691123898,-0.0003897652237710269,0.0020368672046956965,93
Logit,P,0.0005645634629493934,-0.0004787234042553601,0.0017975055025679116,93
GAM,slope_mean,0.008677549523110936,0.002911775495231211,0.016654438738077926,93
Logit,slope_mean,0.004877842993396938,0.0009152604548789495,0.00862435803374893,93
GAM,log_area,0.011436903888481436,0.004193873807777105,0.019184702861335487,93
Logit,log_area,0.01372487160674985,0.006120689655172445,0.02240370506236241,93
GAM,geologia,0.004683418928833592,-0.0026311445341158065,0.011732391782832096,93
Logit,geologia,0.005979457079970674,-0.0019653338224504407,0.01450110051357304,93
GAM,cobertura,0.10997395451210581,0.0813949009537786,0.13738169479090256,93
Logit,cobertura,0.1042153338224505,0.07864086573734418,0.13249449743213504,93
GAM,T,0.11105947551434359,0.08957005215879442,0.13937264560996812,94
Logit,T,0.11466929875398428,0.09361779194436386,0.14421544479860898,94
GAM,P,-2.6803824978351987e-05,-0.0017404375543321777,0.001635395537525237,94
Logit,P,0.000657055925818557,-0.0011781005505651365,0.0023924224862358896,94
GAM,slope_mean,0.004727977397855593,0.0014470443349752198,0.00942661547377561,94
Logit,slope_mean,0.002345334685598334,0.0004636337293538101,0.004256918284555186,94
GAM,log_area,0.009611706751666093,-0.0003459142277601494,0.020849029266879,94
Logit,log_area,0.012418864097363045,0.0026351057664444786,0.0228285279629093,94
GAM,geologia,0.001904520428861115,-0.006365002897710953,0.010284156766154613,94
Logit,geologia,0.005385757751376365,-0.0037326137351492705,0.013510576644450826,94
GAM,cobertura,0.09213162851347427,0.062177629672558625,0.11840861344537802,94
Logit,cobertura,0.09164336424224859,0.06075412923790199,0.11826916111272086,94
GAM,T,0.14634666177549524,0.11469277329420391,0.17843176815847395,95
Logit,T,0.14364966984592809,0.11198000733675714,0.1732859501100513,95
GAM,P,4.328686720468045e-05,-0.0007355099046221752,0.000642883345561229,95
Logit,P,1.724137931034986e-05,-0.00018341892883344535,0.00022010271460015662,95
GAM,slope_mean,0.0073917828319882296,0.0024660674981657805,0.011648019075568668,95
Logit,slope_mean,0.004227072633895793,-1.9258987527517863e-05,0.007724688187820837,95
GAM,log_area,0.010644167278063077,0.0008941672780629212,0.019860601614086534,95
Logit,log_area,0.012293837123991182,0.0021010638297872834,0.022853998532648485,95
GAM,geologia,0.004885913426265558,-0.0015764856933235703,0.011921313279530376,95
Logit,geologia,0.006291636096845183,-0.0006346294937637664,0.01460931768158471,95
GAM,cobertura,0.09485986793837121,0.0742699926632428,0.12023202494497422,95
Logit,cobertura,0.096023110785033,0.07602898019075567,0.12212949376375633,95
GAM,T,0.12267644900953782,0.093278613352898,0.15293195157740277,96
Logit,T,0.12687013939838584,0.09676999266324275,0.15727256052824642,96
GAM,P,0.00010821716801174386,-0.00044020542920031325,0.0006969919295670701,96
Logit,P,0.0001390315480556792,-0.00029347028613357917,0.0006988261188554634,96
GAM,slope_mean,0.011190388848129132,0.005821716801173865,0.01928099779897288,96
Logit,slope_mean,0.008039618488627968,0.0036399486426999333,0.014457079970652919,96
GAM,log_area,0.011894350696991936,0.002836573734409342,0.020714416727806356,96
Logit,log_area,0.013104181951577342,0.004234225972120207,0.022127659574467967,96
GAM,geologia,0.003015407190022018,-0.00430117388114456,0.009536867204695475,96
Logit,geologia,0.003914159941305872,-0.003722487160675006,0.011395818048422504,96
GAM,cobertura,0.11102934702861335,0.0844332355099046,0.13721294937637568,96
Logit,cobertura,0.11076412325752011,0.08393983859134257,0.13845377842993392,96
GAM,T,0.11931577803535212,0.08559203853955373,0.15148417125470887,97
Logit,T,0.12467799188640973,0.09042668791654603,0.1586886047522457,97
GAM,P,0.0002303680092727367,-0.0006900173862647325,0.001381845841785024,97
Logit,P,0.000926543031005509,0.00010685308606206146,0.0016317733990148236,97
GAM,slope_mean,0.01549768183135328,0.007935199942045848,0.022666437264561,97
Logit,slope_mean,0.008831498116487957,0.004832838307736923,0.012774376992176123,97
GAM,log_area,0.011240582439872547,0.003113228049840655,0.021881338742393563,97
Logit,log_area,0.015722616632860044,0.005744711677774503,0.026984026369168395,97
GAM,geologia,0.006248551144595816,-0.0013012532599246283,0.01360113010721543,97
Logit,geologia,0.007857505070993911,0.00024087221095335515,0.015624094465372452,97
GAM,cobertura,0.10561503911909599,0.07383910460736026,0.1304141915386845,97
Logit,cobertura,0.09948420747609386,0.06911855259345119,0.1223476890756303,97
GAM,T,0.1307370503060157,0.10213744588744574,0.15884833557247335,98
Logit,T,0.12913457232422756,0.1011354306612929,0.1580329153605015,98
GAM,P,-0.0001436781609196369,-0.0005224660397074616,0.0002612330198536489,98
Logit,P,5.597850425475004e-06,-0.0003181444991789767,0.00030041797283183395,98
GAM,slope_mean,0.0036147186147184995,-0.0004198387819078858,0.008418234064785653,98
Logit,slope_mean,0.0013125093297507728,-0.0022783251231527023,0.005827362292879627,98
GAM,log_area,0.011139349156590417,0.00023231079265546853,0.021322212270488028,98
Logit,log_area,0.011221824152858696,0.00010635915808322196,0.02159930586654728,98
GAM,geologia,0.0062378713240781,-0.001759590983729037,0.014237199582027082,98
Logit,geologia,0.005923645320197111,-0.0023902821316613364,0.01475406777130916,98
GAM,cobertura,0.11474735035079851,0.08649331989849217,0.13888453500522455,98
Logit,cobertura,0.11523175100761311,0.08696447230929993,0.13821745782952688,98
GAM,T,0.12441546631747422,0.10300087298123095,0.15066746689946173,99
Logit,T,0.1251836898006692,0.10304634075367375,0.15038647606576444,99
GAM,P,-0.00024479848683248704,-0.0011657936854357286,0.0005301542266842559,99
Logit,P,1.8914593336193385e-05,-0.00016459333624332383,0.0002546195256800665,99
GAM,slope_mean,0.007170085843154413,0.0018687254474029386,0.012378146369853064,99
Logit,slope_mean,0.0026211261457877786,-4.364906154530332e-05,0.005174232504001,99
GAM,log_area,0.013506474610795913,0.004739560599447146,0.02404699548959696,99
Logit,log_area,0.014690455405208707,0.006015386294194655,0.024749017896115104,99
GAM,geologia,0.004078641059217279,-0.004856867452349617,0.014735195693292681,99
Logit,geologia,0.006369489305979848,-0.002727156991124821,0.0172923032154808,99
GAM,cobertura,0.11812745525971197,0.092649679906882,0.14204677724428932,99
Logit,cobertura,0.12003128182744063,0.09744743925505593,0.14267968863669422,99
