fecha_hora_evento,incertidumbre_fecha,latitud,longitud,incertidumbre_ubicacion,tipo_movimiento_masa,municipio,corregimiento,vereda_barrio,Codigo,si_no
2014-10-30 04:00:00,baja,6.316441,-75.579412,baja,Deslizamiento,Bello,,Nueva Jerusalen,89,
2016-10-10 21:00:00,baja,6.442787,-75.3624889999999,baja,Flujo,Barbosa,El Hatillo,Quebrada El Bebedero El Chocho,30,
2016-10-26 07:00:00,baja,6.319923,-75.486939,baja,Flujo,Copacabana,,El Cabuyal,70,
2016-12-10 04:00:00,baja,6.187465,-75.652213,baja,Flujo,Medellín,San Antonio de Prado,Santa Rita,2,
2017-04-01 02:00:00,baja,6.193503,-75.66199,baja,Flujo,Medellín,San Antonio de Prado,El Salado,2,
2017-06-12 04:00:00,media,6.277512,-75.535327,baja,,Medellín,,Versalles Nº2,55,
2017-06-23 06:00:00,baja,6.240396,-75.516527,baja,Traslacional,Medellín,Santa Elena,Santa Elena,42,
2017-06-26 19:00:00,baja,6.271302,-75.536001,baja,,Medellín,,La Cruz,16,
2017-06-23 06:00:00,baja,6.240396,-75.5165269999999,baja,Traslacional,Medellín,Santa Elena,"kilometro 7+420, cerca de la Instituciín Educativa Media Luna",42,
2019-06-12 07:00:00,baja,6.049185,-75.6633609999999,baja,,Caldas,,Salinas,171,
2019-11-14 12:00:00,baja,6.288871,-75.542241,baja,Deslizamiento,Medellín,Santo Domingo Savio No.1,Calle 100B con Carrera 31,352,
2020-12-25 02:00:00,baja,6.19373,-75.6046249999999,baja,Deslizamiento,Itaguí,El Ajizal,El Pesebre,395,
2021-03-24 18:00:00,baja,6.20356,-75.6040349999999,baja,Deslizamiento,Medellín,Rodeo Alto,"calle 9A sur con carrera 82, Urbanización Atavanza",22,
2021-05-18 05:00:00,baja,6.218,-75.5639999999999,baja,Deslizamiento,Medellín,La Palmas,Avenida las palmas a la altura de Carulla,49,
2021-06-01 05:00:00,baja,6.253434,-75.534346,baja,Deslizamiento,Medellín,Santa Elena,Vereda Alto de Las Moras,499,
2021-06-26 00:00:00,baja,6.327731,-75.589518,baja,Flujo,Bello,Potrerito,Quebrada La Ortega,539,
2021-06-26 00:00:00,baja,6.325588,-75.596126,baja,Flujo,Bello,Potrerito,Quebrada La Ortega,539,
2021-06-26 00:00:00,baja,6.330665,-75.589238,baja,Flujo,Bello,Potrerito,Quebrada La Ortega,539,
2021-06-26 00:00:00,baja,6.329011,-75.595451,baja,Flujo,Bello,Potrerito,Quebrada La Ortega,539,
2021-10-11 00:00:00,baja,6.353383,-75.503049,baja,Deslizamiento,Copacabana,El Vivero,"Autopista,  kilómetro 8 + 500",32,
2021-10-25 23:00:00,baja,6.267353,-75.531991,baja,Flujo,Medellín,Barrio Manrique,Sector La Honda,16,
2021-11-10 23:00:00,baja,6.271158,-75.599141,baja,Deslizamiento,Medellín,Barrio El Pesebre,Cr 86 con calle 57,12,
2021-12-01 06:00:00,baja,6.279653,-75.621333,baja,Deslizamiento,Medellín,Barrio La Aurora,Calle 63 ae 117 F 45,456,
2022-02-22 15:00:00,baja,6.265813,-75.534688,baja,Deslizamiento,Medellín,Barrio La Cruz,"Sector La Honda,  Cl. 71 con Cra. 24AB",35,
2022-04-05 07:00:00,media,6.237579,-75.510812,baja,,Medellín,Santa Elena,vía a Santa Elena kilometro 11+200,42,
2022-05-07 15:00:00,baja,6.23065,-75.56758,baja,,Medellín,El Poblado,Iglesia San Anselmo,41,
2022-06-27 17:00:00,baja,6.261388,-75.555283,baja,Deslizamiento,Medellín,Manrique,Palos Verdes,211,
2022-07-13 15:00:00,baja,6.195763,-75.6567409999999,baja,Flujo,Medellín,San Antonio de Prado,La Verde,2,
2022-08-05 21:00:00,baja,6.145044,-75.576537,baja,Flujo,Envigado,El Salado,,339,
2022-08-06 09:00:00,baja,6.22745,-75.529669,baja,Deslizamiento,Medellín,Ocho de Marzo,Vía hacia Santa Elena,289,
2022-09-07 21:00:00,baja,6.179093,-75.671125,baja,Flujo,Medellín,San Antonio de Prado,Q. La Manguala,418,
2022-09-07 21:00:00,baja,6.182384,-75.6631419999999,baja,Deslizamiento,Medellín,San Antonio de Prado,Q. La Chorrera,418,
2022-09-08 20:00:00,baja,6.153428,-75.660374,baja,Deslizamiento,La Estrella,Tierra Amarilla,Q. Tierra Amarilla,519,
2022-09-08 20:00:00,baja,6.153292,-75.663229,baja,Deslizamiento,La Estrella,Tierra Amarilla,Q. Tierra Amarilla,519,
2022-09-17 04:00:00,baja,6.178123,-75.630392,baja,Flujo,Itaguí,Villalia,,36,
2022-09-21 17:00:00,baja,6.318974,-75.528842,baja,Flujo,Copacabana,Autopista Medellin Bogotá,Motel El Descanso del Amor,70,
2022-09-23 17:00:00,baja,6.318213,-75.529373,baja,Deslizamiento,Copacabana,Autopista Medellin Bogota,,70,
2021-09-05 00:00:00,baja,6.207845,-75.622413,baja,Flujo,Medellín,Altavista,,22,
2023-05-30 05:00:00,baja,6.3987,-75.51636,baja,Flujo,Copacabana,Zarzal,,47,
2023-05-30 05:00:00,baja,6.31614,-75.50675,baja,Deslizamiento,Copacabana,Chucho Gato,,607,
2023-05-28 09:00:00,baja,6.34877,-75.53275,baja,Deslizamiento,Bello,Navarra,,76,
2023-05-28 01:00:00,baja,6.42251,-75.44893,baja,Flujo,Girardota,San Andrés,,66,
2023-05-28 01:00:00,baja,6.42138,-75.45109,baja,Flujo,Girardota,San Andrés,,66,
2023-05-28 01:00:00,baja,6.41853,-75.44017,baja,Flujo,Girardota,San Andrés,,66,
2023-05-28 01:00:00,baja,6.41823,-75.43963,baja,Flujo,Girardota,San Andrés,,66,
2023-05-28 01:00:00,baja,6.41299,-75.43764,baja,Flujo,Girardota,San Andrés,,66,
2023-05-28 01:00:00,baja,6.41153,-75.4357,baja,Flujo,Girardota,San Andrés,,66,
2023-05-28 01:00:00,baja,6.41153,-75.43519,baja,Flujo,Girardota,San Andrés,,66,
2023-05-28 01:00:00,baja,6.42061,75.46065,baja,Flujo,Girardota,San Andrés,,66,
2023-05-28 01:00:00,baja,6.41762,-75.45542,baja,Flujo,Girardota,San Andrés,,66,
2023-05-28 01:00:00,baja,6.42134,-75.45872,baja,Flujo,Girardota,San Andrés,,66,
2023-05-28 01:00:00,baja,6.42067,-75.46059,baja,Flujo,Girardota,San Andrés,,66,
2023-05-28 01:00:00,baja,6.41689,-75.46948,baja,Flujo,Girardota,San Andrés,,66,
2023-05-28 01:00:00,baja,6.41638,-75.47123,baja,Flujo,Girardota,San Andrés,,66,
2022-09-16 15:00:00,baja,6.252408124,-75.630567262,baja,Deslizamiento,Medellín,Altavista,,53,
2023-11-15 06:00:00,baja,6.09026,-75.655115,baja,Flujo,Caldas,La Valeria,,515,
2023-11-15 06:00:00,baja,6.091019,-75.655996,baja,Flujo,Caldas,La Valeria,,515,
2023-11-15 06:00:00,baja,6.093406,-75.657458,baja,Flujo,Caldas,La Valeria,,515,
2023-11-15 05:00:00,baja,6.090761,-75.625723,baja,Flujo,Caldas,Andalucia,,432,
2024-05-09 14:00:00,baja,6.144733,-75.638184,baja,Flujo,La Estrella,Himalaya,,266,
2024-05-09 12:00:00,baja,6.135043,-75.646801,baja,Flujo,La Estrella,Pueblo Viejo,,62,
2024-05-09 16:00:00,baja,6.04335,-75.66261,baja,Deslizamiento,Caldas,Peaje,,383,
2024-05-02 06:00:00,baja,6.36321,-75.59663,baja,Deslizamiento,Bello,Represa La García,,51,
2022-10-23 20:00:00,media,6.25864,-75.69591,alta,,Medellín,San Antonio de Prado,,3,
2024-06-28 07:00:00,baja,6.27316,-75.615728,baja,Flujo,Medellín,San Cristóbal,Vallejuelos,456,
2024-07-04 17:00:00,baja,6.295127,-75.531569,baja,Flujo,Bello,Granizal,,274,
2024-11-19 15:00:00,baja,6.273236,-75615528.0,baja,Flujo,Medellín,San Cristóbal,Vallejuelos,456,
2024-11-19 15:00:00,baja,6.204329,-75.667531,baja,Flujo,Medellín,San Antonio de Prado,El Salado,18,
2024-11-22 23:00:00,baja,6.23764,-75.510582,baja,Flujo,Medellín,Santa Elena,Media Luna,42,
2025-04-06 18:00:00,baja,6.190766,-75.66048,baja,Flujo,Medellín,San Antonio de Prado,El Salado,418,
2025-04-11 06:00:00,baja,6.15343,-75.6591,baja,Deslizamiento,La Estrella,Tierra Amarilla,,519,
2025-04-11 08:00:00,baja,6.2486,-75.69432,baja,Flujo,Medellín,San Antonio de Prado,El Salado,3,
2025-04-11 08:00:00,baja,6.0394,-75.61774,baja,Flujo,Caldas,Salada,,57,
2025-04-29 08:00:00,baja,6.22055,-75.63255,baja,Flujo,Medellín,Altavista,,1,
2025-04-29 08:00:00,baja,6.2156,-75.63094,baja,Flujo,Medellín,Altavista,,1,
2025-04-29 08:00:00,baja,6.2128,-75.62559,baja,Flujo,Medellín,Altavista,,1,
2025-04-29 08:00:00,baja,6.21003,-75.64077,baja,Flujo,Medellín,Altavista,,1,
2025-04-29 08:00:00,baja,6.21363,-75.64625,baja,Flujo,Medellín,Altavista,,1,
2025-04-29 08:00:00,baja,6.21408,-75.64628,baja,Flujo,Medellín,Altavista,,1,
2025-04-29 08:00:00,baja,6.21763,-75.65198,baja,Flujo,Medellín,Altavista,,1,
2025-04-29 08:00:00,baja,6.21008,-75.64195,baja,Flujo,Medellín,Altavista,,1,
2025-04-29 08:00:00,baja,6.21339,-75.6425,baja,Flujo,Medellín,Altavista,,1,
2025-04-29 08:00:00,baja,6.21491,-75.64097,baja,Flujo,Medellín,Altavista,,1,
2025-04-29 08:00:00,baja,6.21309,-75.6377,baja,Flujo,Medellín,Altavista,,1,
2025-04-29 08:00:00,baja,6.21389,-75.63817,baja,Flujo,Medellín,Altavista,,1,
2025-04-29 08:00:00,baja,6.21466,-75.63702,baja,Flujo,Medellín,Altavista,,1,
2025-04-29 08:00:00,baja,6.21568,-75.63805,baja,Flujo,Medellín,Altavista,,1,
2025-04-29 08:00:00,baja,6.2158,-75.64062,baja,Flujo,Medellín,Altavista,,1,
2025-04-29 08:00:00,baja,6.21645,-75.6424,baja,Flujo,Medellín,Altavista,,1,
2025-04-29 08:00:00,baja,6.2166,-75.64555,baja,Flujo,Medellín,Altavista,,1,
2025-04-29 08:00:00,baja,6.21279,-75.63602,baja,Flujo,Medellín,Altavista,,1,
2025-04-29 08:00:00,baja,6.22534,-75.6445,baja,Flujo,Medellín,Altavista,,1,
2025-04-29 08:00:00,baja,6.22671,-75.64353,baja,Flujo,Medellín,Altavista,,1,
2025-04-29 08:00:00,baja,6.22531,-75.64295,baja,Flujo,Medellín,Altavista,,1,
2025-04-29 08:00:00,baja,6.21023,-75.62711,baja,Flujo,Medellín,Altavista,,1,
2025-05-05 04:00:00,baja,6.1793759,-75.6215912,baja,Flujo,Itaguí,Olivares,,19,
2025-05-05 04:00:00,baja,6.1765024,-75.6229235,baja,Flujo,Itaguí,Olivares,,19,
2025-05-05 04:00:00,baja,6.1758227,-75.6194946,baja,Flujo,Itaguí,Olivares,,19,
2025-05-05 04:00:00,baja,6.175357,-75.6199013,baja,Flujo,Itaguí,Olivares,,19,
2025-05-05 04:00:00,baja,6.1757933,-75.6197104,baja,Flujo,Itaguí,Olivares,,19,
2025-05-05 04:00:00,baja,6.177984,-75.6206542,baja,Flujo,Itaguí,Olivares,,19,
2025-05-05 04:00:00,baja,6.1788245,-75.62091,baja,Flujo,Itaguí,Olivares,,19,
2025-05-05 04:00:00,baja,6.1808021,-75.6228737,baja,Flujo,Itaguí,Olivares,,19,
2025-05-05 04:00:00,baja,6.1779912,-75.6235303,baja,Flujo,Itaguí,La María,,19,
2025-05-05 04:00:00,baja,6.1793192,-75.6239865,baja,Flujo,Itaguí,La María,,19,
2025-05-05 04:00:00,baja,6.1823315,-75.616722,baja,Flujo,Itaguí,El Pedregal,,19,
2025-05-05 04:00:00,baja,6.1823496,-75.616335,baja,Flujo,Itaguí,El Pedregal,,19,
2025-05-05 04:00:00,baja,6.1778986,-75.6186444,baja,Flujo,Itaguí,La Unión,,19,
2025-05-05 04:00:00,baja,6.1790193,-75.6284037,baja,Flujo,Itaguí,La María,,19,
2025-05-05 04:00:00,baja,6.182136,-75.6178516,baja,Flujo,Itaguí,El Pedregal,,19,
2025-05-05 04:00:00,baja,6.1761254,-75.6232654,baja,Flujo,Itaguí,Olivares,,19,
2025-05-05 04:00:00,baja,6.1778091,-75.6204459,baja,Flujo,Itaguí,Olivares,,19,
2025-05-05 04:00:00,baja,6.1799149,-75.6211484,baja,Flujo,Itaguí,Olivares,,19,
2025-05-05 04:00:00,baja,6.1797233,-75.6234618,baja,Flujo,Itaguí,Olivares,,19,
2025-05-05 04:00:00,baja,6.1775527,-75.6202252,baja,Flujo,Itaguí,Olivares,,19,
2025-05-05 04:00:00,baja,6.1771352,-75.6206321,baja,Flujo,Itaguí,Olivares,,19,
2025-05-05 04:00:00,baja,6.1767975,-75.6196912,baja,Flujo,Itaguí,Olivares,,19,
2025-05-05 04:00:00,baja,6.1766993,-75.6209191,baja,Flujo,Itaguí,Olivares,,19,
2025-05-05 04:00:00,baja,6.1762227,-75.6199781,baja,Flujo,Itaguí,Olivares,,19,
2025-05-05 04:00:00,baja,6.1771291,-75.6229567,baja,Flujo,Itaguí,Olivares,,19,
2025-05-05 08:00:00,baja,6.37345,-75.56866,baja,Flujo,Bello,Chachafruto,,295,
2025-05-06 04:00:00,baja,6.317393,-75.531744,baja,Flujo,Bello,Granizal,,70,
2025-05-06 14:00:00,baja,6.183183,-75.548383,baja,Flujo,Medellín,Las Palmas,"deslizamiento de tierra en el sector del Poblado en la loma de los Balsos, cerca a las Palmas. La vía está completamente cerrada.",787,
2025-05-08 18:00:00,baja,6.141191,-75.606534,baja,Deslizamiento,Sabaneta,San Isidro,El Hoyo,65,
2025-05-22 06:00:00,baja,6.4056276,-75.4875739,baja,Flujo,Copacabana,El Zarzal,,127,
2025-06-24 06:00:00,baja,6.295777,-75.527151,baja,Flujo,Bello,Granizal,El Pinar,274,
2011-04-13 21:00:00,Baja,6.19795201199997,-75.551616222,Media,Deslizamiento,Medellín,Corregimiento 90 Santa Elena,Las Palmas,49,verdadero
2017-03-30 22:22:00,Baja,6.205264,-75.629203,Media,Deslizamiento,Medellín,Corregimiento 70 Altavista,El Jardín,8,verdadero
2020-09-03 21:30:00,Baja,6.2738215402489,-75.5420287345674,Media,Deslizamiento,Medellín,Comuna 3 Manrique,Oriente,16,verdadero
2021-03-20 00:00:00,Media,6.248890174,-75.625084805,Media,Deslizamiento,Medellín,Comuna 13 San Javier,Las Independencias,17,verdadero
2021-03-20 00:00:00,Media,6.24745612300001,-75.624614872,Media,Deslizamiento,Medellín,Comuna 13 San Javier,Las Independencias,17,verdadero
2021-03-20 15:15:00,Baja,6.25930887599998,-75.620415659,Media,Deslizamiento,Medellín,Comuna 13 San Javier,Antonio Nariño,53,verdadero
2021-03-22 01:10:00,Baja,6.23582879327044,-75.6089071437217,Media,Deslizamiento,Medellín,Comuna 16 Belén,Las Mercedes,9,verdadero
2021-03-23 00:00:00,Media,6.27305798600003,-75.610671843,Media,Deslizamiento,Medellín,Comuna 7 Robledo,Olaya Herrera,456,verdadero
2021-03-23 00:00:00,Media,6.27377379900003,-75.612085423,Media,Complejo,Medellín,Comuna 7 Robledo,Olaya Herrera,456,verdadero
2021-03-23 23:00:00,Baja,6.29514309899997,-75.540261148,Media,Caida de rocas,Medellín,Comuna 1 Popular,La Avanzada,352,verdadero
2021-03-24 16:30:00,Baja,6.20862802200003,-75.605564732,Media,Deslizamiento,Medellín,Comuna 16 Belén,El Rincón,22,verdadero
2021-03-24 19:30:00,Baja,6.20373199800002,-75.605309563,Media,Deslizamiento,Medellín,Comuna 16 Belén,La Hondonada,22,verdadero
2021-03-24 23:00:00,Baja,6.20356,-75.604035,Baja,Deslizamiento,Medellín,Rodeo Alto,Urbanización Atavanza,22,verdadero
2021-04-06 18:00:00,Baja,6.25909149978151,-75.6217648476517,Media,Deslizamiento,Medellín,Comuna 13 San Javier,Antonio Nariño,53,verdadero
2021-05-06 15:00:00,Baja,6.20592218644869,-75.5550593593029,Media,Deslizamiento,Medellín,Comuna 14 El Poblado,El Tesoro,56,verdadero
2021-05-06 15:30:00,Baja,6.23328436200001,-75.527872237,Media,Deslizamiento,Medellín,Comuna 8 Villa Hermosa,La Sierra,44,verdadero
2021-05-06 18:00:00,Baja,6.2331644292165,-75.5279052350041,Media,Deslizamiento,Medellín,Comuna 8 Villa Hermosa,La Sierra,44,verdadero
2021-05-16 20:00:00,Baja,6.25384337499997,-75.540654438,Media,Deslizamiento,Medellín,Comuna 8 Villa Hermosa,LLanaditas,35,verdadero
2021-05-18 05:00:00,Baja,6.218,-75.564,Baja,Deslizamiento,Medellín,La Palmas,Las Palmas,41,verdadero
2021-05-31 22:00:00,Baja,6.29248414481301,-75.6486145131392,Media,Deslizamiento,Medellín,Corregimiento 60 San Cristóbal,El LLano,21,verdadero
2021-06-01 02:00:00,Baja,6.26615251300001,-75.535721777,Media,Deslizamiento,Medellín,Corregimiento 90 Santa Elena,Piedras Blancas - Matasano,16,verdadero
2021-06-01 02:00:00,Baja,6.26689943700001,-75.541718737,Media,Caida de rocas,Medellín,Comuna 3 Manrique,Versalles No.1,16,verdadero
2021-06-01 02:00:00,Baja,6.24144133300001,-75.538898811,Media,Deslizamiento,Medellín,Comuna 8 Villa Hermosa,Villatina,499,verdadero
2021-06-01 19:00:00,Baja,6.252555788,-75.53395654,Media,Complejo,Medellín,Corregimiento 90 Santa Elena,Piedras Blancas - Matasano,499,verdadero
2021-06-01 19:31:00,Baja,6.226286,-75.532941,Media,Deslizamiento,Medellín,Corregimiento 90 Santa Elena,Las Palmas,289,verdadero
2021-06-01 22:30:00,Baja,6.23710199679644,-75.5345976784811,Media,Deslizamiento,Medellín,Comuna 8 Villa Hermosa,San Antonio,44,verdadero
2021-06-01 22:30:00,Baja,6.22365251475261,-75.6318296432415,Media,Deslizamiento,Medellín,Corregimiento 70 Altavista,Altavista Sector Central,1,verdadero
2021-06-02 03:00:00,Baja,6.2350279,-75.5269421,Media,Deslizamiento,Medellín,Comuna 8 Villa Hermosa,La Sierra,44,verdadero
2021-06-02 17:00:00,Baja,6.28934484003857,-75.5404959088718,Media,Deslizamiento,Medellín,Comuna 1 Popular,Carpinelo,274,verdadero
2021-06-02 18:30:00,Baja,6.29822110966513,-75.5422856413644,Media,Deslizamiento,Medellín,Comuna 1 Popular,Santo Domingo Savio No.1,352,verdadero
2021-06-09 01:00:00,Baja,6.27226573399997,-75.539583266,Media,Deslizamiento,Medellín,Comuna 3 Manrique,La Cruz,16,verdadero
2021-06-11 17:30:00,Baja,6.23250416299999,-75.543077875,Media,Deslizamiento,Medellín,Comuna 9 Buenos Aires,Los Cerros El Vergel,184,verdadero
2021-06-11 18:00:00,Baja,6.24578537899998,-75.545991336,Media,Deslizamiento,Medellín,Comuna 8 Villa Hermosa,El Pinal,129,verdadero
2021-06-11 18:00:00,Baja,6.23814197600001,-75.542311066,Media,Deslizamiento,Medellín,Comuna 8 Villa Hermosa,Villatina,129,verdadero
2021-06-11 18:32:00,Baja,6.23988202319118,-75.5378085533897,Media,Deslizamiento,Medellín,Comuna 8 Villa Hermosa,San Antonio,44,verdadero
2021-06-11 23:00:00,Baja,6.23465267900002,-75.534902863,Media,Deslizamiento,Medellín,Comuna 8 Villa Hermosa,Villa Lilliam,499,verdadero
2021-08-15 18:00:00,Baja,6.2538910728299,-75.5511808436657,Media,Deslizamiento,Medellín,Comuna 8 Villa Hermosa,La Ladera,211,verdadero
2021-08-15 21:00:00,Baja,6.2816621,-75.6018947,Media,Deslizamiento,Medellín,Comuna 7 Robledo,Cucaracho,456,verdadero
2021-08-17 09:30:00,Baja,6.2313974766297,-75.6137160877295,Media,Otro,Medellín,Comuna 16 Belén,Las Violetas,9,verdadero
2021-08-20 00:00:00,Media,6.24862414708297,-75.6259417730203,Media,Deslizamiento,Medellín,Comuna 13 San Javier,Las Independencias,17,verdadero
2021-09-04 21:30:00,Baja,6.222313912,-75.616455147,Media,Deslizamiento,Medellín,Corregimiento 70 Altavista,Área de Expansión Altavista,39,verdadero
2021-09-04 22:00:00,Baja,6.20724018370858,-75.6223377466368,Media,Deslizamiento,Medellín,Corregimiento 70 Altavista,El Jardín,1,verdadero
2021-09-05 09:24:00,Baja,6.25805755948437,-75.6196650366721,Media,Deslizamiento,Medellín,Comuna 13 San Javier,Antonio Nariño,53,verdadero
2021-09-05 11:00:00,Baja,6.22174916,-75.622756688,Media,Deslizamiento,Medellín,Corregimiento 70 Altavista,La Esperanza,1,verdadero
2021-09-05 14:45:00,Baja,6.29209436666238,-75.5350979844962,Media,Deslizamiento,Medellín,Corregimiento 90 Santa Elena,Piedras Blancas - Matasano,274,verdadero
2021-09-23 17:00:00,Baja,6.2672669405034,-75.5327947219568,Media,Caida de rocas,Medellín,Corregimiento 90 Santa Elena,Piedras Blancas - Matasano,16,verdadero
2021-09-23 20:30:00,Baja,6.25231796999998,-75.541385381,Media,Deslizamiento,Medellín,Comuna 8 Villa Hermosa,LLanaditas,35,verdadero
2021-10-22 16:00:00,Baja,6.27422435699998,-75.539690627,Media,Deslizamiento,Medellín,Comuna 3 Manrique,Oriente,16,verdadero
2021-10-22 16:00:00,Baja,6.27004672800001,-75.539623383,Media,Deslizamiento,Medellín,Comuna 3 Manrique,La Cruz,16,verdadero
2021-10-22 22:00:00,Baja,6.26861292308269,-75.5406658703694,Media,Deslizamiento,Medellín,Comuna 3 Manrique,La Cruz,16,verdadero
2021-11-13 16:10:00,Baja,6.2931868,-75.541724,Media,Deslizamiento,Medellín,Comuna 1 Popular,Santo Domingo Savio No.1,352,verdadero
2021-11-13 16:30:00,Baja,6.29463414000003,-75.539938888,Media,Deslizamiento,Medellín,Comuna 1 Popular,La Avanzada,352,verdadero
2021-11-13 17:00:00,Baja,6.291093053,-75.539650315,Media,Deslizamiento,Medellín,Comuna 1 Popular,Carpinelo,352,verdadero
2021-11-13 18:00:00,Baja,6.29621017599999,-75.539886544,Media,Deslizamiento,Medellín,Comuna 1 Popular,La Avanzada,352,verdadero
2021-11-20 18:00:00,Baja,6.20620186999997,-75.563302784,Media,Otro,Medellín,Comuna 14 El Poblado,La Florida,41,verdadero
2021-11-23 12:30:00,Baja,6.28034252700002,-75.543954565,Media,Deslizamiento,Medellín,Comuna 3 Manrique,San José La Cima No.2,55,verdadero
2021-11-25 15:30:00,Baja,6.22553985100001,-75.607602386,Media,Deslizamiento,Medellín,Comuna 16 Belén,Altavista,39,verdadero
2021-11-25 16:00:00,Baja,6.24906578237509,-75.6256682663439,Media,Deslizamiento,Medellín,Comuna 13 San Javier,Las Independencias,17,verdadero
2021-11-30 20:00:00,Baja,6.264569607,-75.624730766,Media,Deslizamiento,Medellín,Corregimiento 60 San Cristóbal,La Loma,53,verdadero
2021-11-30 20:00:00,Baja,6.26468539400003,-75.62465179,Media,Deslizamiento,Medellín,Corregimiento 60 San Cristóbal,La Loma,53,verdadero
2021-11-30 22:00:00,Baja,6.2857564,-75.5866162,Media,Deslizamiento,Medellín,Comuna 7 Robledo,El Diamante,24,verdadero
2021-11-30 22:00:00,Baja,6.28496752400002,-75.589989641,Media,Deslizamiento,Medellín,Comuna 7 Robledo,El Diamante,241,verdadero
2021-11-30 22:30:00,Baja,6.28987364099999,-75.592337797,Media,Deslizamiento,Medellín,Comuna 7 Robledo,Aures No.2,241,verdadero
2021-11-30 23:00:00,Baja,6.26962804800002,-75.541203219,Media,Flujo,Medellín,Comuna 3 Manrique,La Cruz,16,verdadero
2021-11-30 23:00:00,Baja,6.27299223400001,-75.54221653,Media,Deslizamiento,Medellín,Comuna 3 Manrique,Oriente,16,verdadero
2021-11-30 23:00:00,Baja,6.27428107899999,-75.608504142,Media,Deslizamiento,Medellín,Comuna 7 Robledo,Olaya Herrera,456,verdadero
2021-11-30 23:00:00,Baja,6.27957056899999,-75.622362408,Media,Deslizamiento,Medellín,Corregimiento 60 San Cristóbal,Área de Expansión Pajarito,27,verdadero
2021-11-30 23:00:00,Baja,6.28280846500002,-75.634132065,Media,Deslizamiento,Medellín,Corregimiento 60 San Cristóbal,Pedregal Alto,27,verdadero
2021-11-30 23:00:00,Baja,6.27909923800001,-75.557441829,Media,Flujo,Medellín,Comuna 4 Aranjuez,La piñuela,558,verdadero
2021-11-30 23:00:00,Baja,6.26793929000002,-75.623746997,Media,Flujo,Medellín,Corregimiento 60 San Cristóbal,La Loma,27,verdadero
2021-11-30 23:00:00,Baja,6.27844214700002,-75.609449556,Media,Deslizamiento,Medellín,Comuna 7 Robledo,Santa Margarita,456,verdadero
2021-11-30 23:00:00,Baja,6.27377919499997,-75.612063229,Media,Deslizamiento,Medellín,Comuna 7 Robledo,Olaya Herrera,456,verdadero
2021-11-30 23:00:00,Baja,6.29094307123351,-75.6078429331206,Media,Deslizamiento,Medellín,Corregimiento 60 San Cristóbal,Área de Expansión Pajarito,456,verdadero
2021-11-30 23:00:00,Baja,6.27426009800001,-75.627731223,Media,Deslizamiento,Medellín,Corregimiento 60 San Cristóbal,La Loma,27,verdadero
2021-11-30 23:00:00,Baja,6.27275585899997,-75.540563688,Media,Deslizamiento,Medellín,Comuna 3 Manrique,La Cruz,16,verdadero
2021-11-30 23:00:00,Baja,6.28450078580038,-75.5426702958539,Media,Deslizamiento,Medellín,Comuna 3 Manrique,San José La Cima No.1,55,verdadero
2021-11-30 23:00:00,Baja,6.2819625,-75.5895265,Media,Deslizamiento,Medellín,Comuna 7 Robledo,Bello Horizonte,24,verdadero
2021-11-30 23:00:00,Baja,6.27917931899998,-75.557473714,Media,Deslizamiento,Medellín,Comuna 4 Aranjuez,La piñuela,558,verdadero
2021-11-30 23:00:00,Baja,6.27187857565756,-75.5420048042253,Media,Caida de rocas,Medellín,Comuna 3 Manrique,La Cruz,16,verdadero
2021-11-30 23:30:00,Baja,6.27193459799997,-75.543981522,Media,Deslizamiento,Medellín,Comuna 3 Manrique,Santa Inés,16,verdadero
2021-11-30 23:30:00,Baja,6.27029845700002,-75.541367835,Media,Deslizamiento,Medellín,Comuna 3 Manrique,La Cruz,16,verdadero
2021-11-30 23:30:00,Baja,6.27008579099999,-75.541565246,Media,Deslizamiento,Medellín,Comuna 3 Manrique,La Cruz,16,verdadero
2021-12-01 00:00:00,Media,6.30552105800001,-75.585304721,Media,Otro,Medellín,Comuna 6 Doce de Octubre,El Triunfo,281,verdadero
2021-12-01 00:00:00,Media,6.278895,-75.601113,Media,Deslizamiento,Medellín,Comuna 7 Robledo,Cucaracho,456,verdadero
2021-12-01 01:00:00,Baja,6.28221559899998,-75.538068534,Media,Deslizamiento,Medellín,Comuna 3 Manrique,María Cano-Carambolas,55,verdadero
2021-12-01 03:00:00,Baja,6.29477481890119,-75.5938914399625,Media,Deslizamiento,Medellín,Comuna 7 Robledo,Aures No.2,48,verdadero
2022-03-05 08:00:00,Baja,6.27808977900003,-75.607312859,Media,Deslizamiento,Medellín,Comuna 7 Robledo,Fuente Clara,456,verdadero
2022-03-05 08:30:00,Baja,6.27197106400001,-75.615801698,Media,Deslizamiento,Medellín,Comuna 7 Robledo,Olaya Herrera,456,verdadero
2022-03-05 17:00:00,Baja,6.2978699247571,-75.6624112807558,Media,Flujo,Medellín,Corregimiento 60 San Cristóbal,La Cuchilla,10,verdadero
2022-03-05 22:00:00,Baja,6.27249371211301,-75.5983312864755,Media,Deslizamiento,Medellín,Comuna 13 San Javier,El Pesebre,456,verdadero
2022-03-06 14:00:00,Baja,6.26983982500002,-75.629186534,Media,Deslizamiento,Medellín,Corregimiento 60 San Cristóbal,La Loma,27,verdadero
2022-03-27 02:00:00,Baja,6.27208233629879,-75.6139644355515,Media,Deslizamiento,Medellín,Comuna 7 Robledo,Olaya Herrera,456,verdadero
2022-03-27 03:00:00,Baja,6.27620079000002,-75.595416575,Media,Deslizamiento,Medellín,Comuna 7 Robledo,Robledo,456,verdadero
2022-03-27 14:00:00,Baja,6.28701223799999,-75.597031694,Media,Deslizamiento,Medellín,Comuna 7 Robledo,Monteclaro,456,verdadero
2022-03-28 01:30:00,Baja,6.27340886341173,-75.5459914154409,Media,Deslizamiento,Medellín,Comuna 3 Manrique,Santa Inés,16,verdadero
2022-03-28 23:00:00,Baja,6.196908081,-75.642884323,Media,Deslizamiento,Medellín,Corregimiento 80 San Antonio de Prado,La Verde,2,verdadero
2022-03-28 23:00:00,Baja,6.18620389400002,-75.637104688,Media,Deslizamiento,Medellín,Corregimiento 80 San Antonio de Prado,La Verde,2,verdadero
2022-03-29 03:00:00,Baja,6.25287545381219,-75.6301271056583,Media,Deslizamiento,Medellín,Comuna 13 San Javier,El Salado,17,verdadero
2022-03-29 03:00:00,Baja,6.19072628,-75.64010596,Media,Deslizamiento,Medellín,Corregimiento 80 San Antonio de Prado,La Verde,2,verdadero
2022-03-29 06:15:00,Baja,6.18777829636544,-75.6478636260456,Media,Deslizamiento,Medellín,Corregimiento 80 San Antonio de Prado,San Antonio de Prado,2,verdadero
2022-03-29 12:29:00,Baja,6.18374008412349,-75.6396357608787,Media,Deslizamiento,Medellín,Corregimiento 80 San Antonio de Prado,San Antonio de Prado,2,verdadero
2022-03-29 15:00:00,Baja,6.27493275,-75.63002585,Media,Deslizamiento,Medellín,Corregimiento 60 San Cristóbal,La Loma,27,verdadero
2022-03-29 16:00:00,Baja,6.27219772737919,-75.6138519653816,Media,Deslizamiento,Medellín,Comuna 7 Robledo,Olaya Herrera,456,verdadero
2022-03-29 17:00:00,Baja,6.27531471408504,-75.6068153246572,Media,Deslizamiento,Medellín,Comuna 13 San Javier,Blanquizal,456,verdadero
2022-03-29 17:30:00,Baja,6.27198694600003,-75.612708379,Media,Deslizamiento,Medellín,Comuna 7 Robledo,Olaya Herrera,456,verdadero
2022-03-29 20:35:00,Baja,6.27215588785673,-75.615022511819,Media,Deslizamiento,Medellín,Comuna 7 Robledo,Olaya Herrera,456,verdadero
2022-04-03 21:30:00,Baja,6.35340852600001,-75.702042332,Media,Deslizamiento,Medellín,Corregimiento 50 San Sebastián de Palmitas,Potrera Miserenga,320,verdadero
2022-04-04 00:00:00,Media,6.18537928299997,-75.672430027,Media,Deslizamiento,Medellín,Corregimiento 80 San Antonio de Prado,Potrerito,43,verdadero
2022-04-05 03:00:00,Baja,6.24865198245084,-75.6260625582446,Media,Deslizamiento,Medellín,Comuna 13 San Javier,Las Independencias,17,verdadero
2022-04-05 03:00:00,Baja,6.27035761633246,-75.6168024624635,Media,Deslizamiento,Medellín,Corregimiento 60 San Cristóbal,La Loma,456,verdadero
2022-04-05 03:00:00,Baja,6.266546135,-75.613741149,Media,Deslizamiento,Medellín,Comuna 13 San Javier,Juan XXIII La Quiebra,456,verdadero
2022-04-05 03:00:00,Baja,6.267234884,-75.614615396,Media,Deslizamiento,Medellín,Comuna 13 San Javier,Juan XXIII La Quiebra,456,verdadero
2022-04-05 03:00:00,Baja,6.29706334572298,-75.6470996816282,Media,Deslizamiento,Medellín,Corregimiento 60 San Cristóbal,El LLano,21,verdadero
2022-04-05 03:05:00,Baja,6.27224253600002,-75.617432266,Media,Deslizamiento,Medellín,Comuna 7 Robledo,Olaya Herrera,456,verdadero
2022-04-05 03:45:00,Baja,6.272073299,-75.612308502,Media,Deslizamiento,Medellín,Comuna 7 Robledo,Olaya Herrera,456,verdadero
2022-04-05 04:00:00,Baja,6.28032660566956,-75.5405126571198,Media,Deslizamiento,Medellín,Comuna 3 Manrique,María Cano-Carambolas,55,verdadero
2022-04-05 05:00:00,Baja,6.23758729674327,-75.51106781083,Media,Caida de rocas,Medellín,Corregimiento 90 Santa Elena,Media Luna,42,verdadero
2022-04-05 14:48:00,Baja,6.27742335519463,-75.6090888797017,Media,Deslizamiento,Medellín,Comuna 7 Robledo,Santa Margarita,456,verdadero
2022-04-05 16:30:00,Baja,6.264529,-75.612807,Media,Deslizamiento,Medellín,Comuna 13 San Javier,Juan XXIII La Quiebra,456,verdadero
2022-04-05 16:30:00,Baja,6.27964573600002,-75.613175876,Media,Deslizamiento,Medellín,Corregimiento 60 San Cristóbal,Área de Expansión Pajarito,456,verdadero
2022-04-07 01:15:00,Baja,6.29639992259483,-75.5972123196317,Media,Deslizamiento,Medellín,Corregimiento 60 San Cristóbal,El Picacho,48,verdadero
2022-04-07 03:00:00,Baja,6.27010538518242,-75.6238737538952,Media,Deslizamiento,Medellín,Corregimiento 60 San Cristóbal,La Loma,27,verdadero
2022-04-07 03:00:00,Baja,6.35791,-75.696018,Media,Deslizamiento,Medellín,Corregimiento 50 San Sebastián de Palmitas,Potrera Miserenga,320,verdadero
2022-04-07 03:00:00,Baja,6.330282,-75.696183,Media,Deslizamiento,Medellín,Corregimiento 50 San Sebastián de Palmitas,La Frisola,4,verdadero
2022-04-07 09:00:00,Baja,6.17262809504016,-75.6515001339844,Media,Deslizamiento,Medellín,Corregimiento 80 San Antonio de Prado,Área de Expansión San Antonio de Prado,36,verdadero
2022-04-07 15:00:00,Baja,6.32291008483751,-75.6918888280108,Media,Complejo,Medellín,Corregimiento 50 San Sebastián de Palmitas,La Frisola,4,verdadero
2022-04-07 19:00:00,Baja,6.27308882058376,-75.5395398304488,Media,Deslizamiento,Medellín,Comuna 3 Manrique,La Cruz,16,verdadero
2022-05-04 23:00:00,Baja,6.22423439627319,-75.6721041031613,Media,Deslizamiento,Medellín,Corregimiento 80 San Antonio de Prado,El Astillero,18,verdadero
2022-05-05 22:30:00,Baja,6.1911895738299,-75.6629666589807,Media,Flujo,Medellín,Corregimiento 80 San Antonio de Prado,Potrerito,418,verdadero
2022-05-06 01:00:00,Baja,6.19680902599998,-75.679782228,Media,Deslizamiento,Medellín,Corregimiento 80 San Antonio de Prado,Yarumalito,43,verdadero
2022-05-07 05:00:00,Baja,6.23259954000002,-75.56405125,Media,Deslizamiento,Medellín,Comuna 9 Buenos Aires,Asomadera No.1,46,verdadero
2022-05-07 05:00:00,Baja,6.30365726899998,-75.544288733,Media,Deslizamiento,Medellín,Comuna 1 Popular,Popular,352,verdadero
2022-05-07 14:00:00,Baja,6.22677549263292,-75.568386091652,Media,Otro,Medellín,Comuna 10 La Candelaria,San Diego,45,verdadero
2022-05-07 15:30:00,Baja,6.22914366956255,-75.5601666377614,Media,Deslizamiento,Medellín,Comuna 9 Buenos Aires,Loreto,46,verdadero
2022-05-07 16:00:00,Baja,6.22969224266054,-75.5666823525571,Media,Deslizamiento,Medellín,Comuna 10 La Candelaria,San Diego,46,verdadero
2022-05-07 16:00:00,Baja,6.23174705000002,-75.562826023,Media,Deslizamiento,Medellín,Comuna 9 Buenos Aires,Asomadera No.1,46,verdadero
2022-05-07 17:00:00,Baja,6.23044051599999,-75.567961074,Media,Deslizamiento,Medellín,Comuna 10 La Candelaria,San Diego,45,verdadero
2022-05-10 17:00:00,Baja,6.248114859,-75.499618177,Media,Deslizamiento,Medellín,Corregimiento 90 Santa Elena,Mazo,42,verdadero
2022-05-12 05:00:00,Baja,6.18188246127512,-75.6508853564801,Media,Deslizamiento,Medellín,Corregimiento 80 San Antonio de Prado,San Antonio de Prado,2,verdadero
2022-05-17 07:00:00,Baja,6.28231528477653,-75.6612136327629,Media,Deslizamiento,Medellín,Corregimiento 60 San Cristóbal,El Patio,11,verdadero
2022-05-18 06:00:00,Baja,6.21190509002407,-75.671893594459,Media,Deslizamiento,Medellín,Corregimiento 80 San Antonio de Prado,El Salado,18,verdadero
2022-05-18 07:00:00,Baja,6.25572062700002,-75.628911049,Media,Deslizamiento,Medellín,Comuna 13 San Javier,El Salado,53,verdadero
2022-05-18 07:00:00,Baja,6.19972799599998,-75.662800832,Media,Deslizamiento,Medellín,Corregimiento 80 San Antonio de Prado,El Salado,418,verdadero
2022-05-22 02:30:00,Baja,6.27184493072266,-75.5427508866591,Media,Deslizamiento,Medellín,Comuna 3 Manrique,La Cruz,16,verdadero
2022-06-02 01:15:00,Baja,6.25567918885828,-75.6289957118407,Media,Deslizamiento,Medellín,Comuna 13 San Javier,El Salado,53,verdadero
2022-06-02 08:00:00,Baja,6.21337787599998,-75.55969237,Media,Deslizamiento,Medellín,Comuna 14 El Poblado,Las Lomas No.2,41,verdadero
2022-06-02 08:00:00,Baja,6.21469853100001,-75.559412289,Media,Deslizamiento,Medellín,Comuna 14 El Poblado,Las Lomas No.2,41,verdadero
2022-06-02 18:00:00,Baja,6.2609158,-75.5989846,Media,Deslizamiento,Medellín,Comuna 12 La América,Calasanz,12,verdadero
2022-06-02 18:00:00,Baja,6.3255937280883,-75.6888921273402,Media,Deslizamiento,Medellín,Corregimiento 50 San Sebastián de Palmitas,Volcana Guayabal,4,verdadero
2022-06-02 19:30:00,Baja,6.23855783099998,-75.530677003,Media,Deslizamiento,Medellín,Comuna 8 Villa Hermosa,Villa Turbay,44,verdadero
2022-06-02 21:30:00,Baja,6.27094769055755,-75.5360525498189,Media,Deslizamiento,Medellín,Comuna 3 Manrique,La Cruz,16,verdadero
2022-06-02 21:30:00,Baja,6.27093144301123,-75.5352614170174,Media,Deslizamiento,Medellín,Comuna 3 Manrique,La Cruz,16,verdadero
2022-06-03 08:30:00,Baja,6.27203142500002,-75.59882734,Media,Deslizamiento,Medellín,Comuna 13 San Javier,El Pesebre,456,verdadero
2022-06-03 10:30:00,Baja,6.23692840899997,-75.534660302,Media,Deslizamiento,Medellín,Comuna 8 Villa Hermosa,San Antonio,44,verdadero
2022-06-07 07:00:00,Baja,6.29694225242034,-75.5793074260757,Media,Deslizamiento,Medellín,Comuna 6 Doce de Octubre,San Martín de Porres,7,verdadero
2022-06-07 15:00:00,Baja,6.29822281999998,-75.550746283,Media,Flujo,Medellín,Comuna 2 Santa Cruz,La Francia,353,verdadero
2022-06-08 21:30:00,Baja,6.29976682500001,-75.552439041,Media,Deslizamiento,Medellín,Comuna 2 Santa Cruz,La Francia,353,verdadero
2022-06-08 23:00:00,Baja,6.29689916299998,-75.551355189,Media,Deslizamiento,Medellín,Comuna 2 Santa Cruz,Andalucía,353,verdadero
2022-06-11 00:30:00,Baja,6.18656844899999,-75.646169327,Media,Deslizamiento,Medellín,Corregimiento 80 San Antonio de Prado,San Antonio de Prado,2,verdadero
2022-06-11 06:01:00,Baja,6.25145005577192,-75.541202046179,Media,Deslizamiento,Medellín,Comuna 8 Villa Hermosa,LLanaditas,35,verdadero
2022-06-11 08:00:00,Baja,6.267127131,-75.63008602,Media,Deslizamiento,Medellín,Corregimiento 60 San Cristóbal,La Loma,27,verdadero
2022-06-12 02:00:00,Baja,6.26800944387254,-75.6013337055412,Media,Otro,Medellín,Comuna 12 La América,Calasanz Parte Alta,456,verdadero
2022-06-12 02:30:00,Baja,6.26991276000001,-75.629378247,Media,Deslizamiento,Medellín,Corregimiento 60 San Cristóbal,La Loma,27,verdadero
2022-06-14 05:00:00,Baja,6.273447191,-75.597980939,Media,Deslizamiento,Medellín,Comuna 13 San Javier,El Pesebre,456,verdadero
2022-06-14 05:00:00,Baja,6.27402604000002,-75.635283749,Media,Deslizamiento,Medellín,Corregimiento 60 San Cristóbal,La Loma,27,verdadero
2022-06-14 22:00:00,Baja,6.2690851724439,-75.6277489493371,Media,Deslizamiento,Medellín,Corregimiento 60 San Cristóbal,La Loma,27,verdadero
2022-06-20 02:00:00,Baja,6.25157,-75.53712,Media,Deslizamiento,Medellín,Corregimiento 90 Santa Elena,Piedras Blancas - Matasano,499,verdadero
2022-06-20 02:00:00,Baja,6.25156749366569,-75.5371226959486,Media,Deslizamiento,Medellín,Corregimiento 90 Santa Elena,Piedras Blancas - Matasano,499,verdadero
2022-06-27 22:40:00,Baja,6.21002949899997,-75.607144754,Media,Deslizamiento,Medellín,Comuna 16 Belén,El Rincón,22,verdadero
2022-06-27 23:00:00,Baja,6.26129585863961,-75.5552688033979,Media,Deslizamiento,Medellín,Comuna 3 Manrique,Manrique Central No.2,211,verdadero
2022-06-28 01:00:00,Baja,6.26950888800002,-75.553737259,Media,Deslizamiento,Medellín,Comuna 3 Manrique,Campo Valdés No.2,558,verdadero
2022-06-28 05:00:00,Baja,6.23352293440268,-75.6154172322244,Media,Deslizamiento,Medellín,Comuna 16 Belén,Las Violetas,9,verdadero
2022-06-28 06:00:00,Baja,6.25016947527644,-75.6269768165676,Media,Deslizamiento,Medellín,Comuna 13 San Javier,Nuevos Conquistadores,17,verdadero
2022-06-28 08:00:00,Baja,6.2161401,-75.56697,Media,Deslizamiento,Medellín,Comuna 14 El Poblado,Castropol,41,verdadero
2022-06-28 09:00:00,Baja,6.23379829445972,-75.5612860791294,Media,Deslizamiento,Medellín,Comuna 9 Buenos Aires,El Salvador,46,verdadero
2022-06-28 11:00:00,Baja,6.26033673612977,-75.5809951425629,Media,Deslizamiento,Medellín,Comuna 7 Robledo,Ecoparque Cerro El Volador,23,verdadero
2022-08-01 19:00:00,Baja,6.29485847778135,-75.544415608739,Media,Deslizamiento,Medellín,Comuna 1 Popular,Santo Domingo Savio No.1,352,verdadero
2022-08-01 19:00:00,Baja,6.29999705400002,-75.551633477,Media,Deslizamiento,Medellín,Corregimiento 60 San Cristóbal,La Loma,353,verdadero
2022-08-01 19:30:00,Baja,6.296410998,-75.543978146,Media,Deslizamiento,Medellín,Comuna 1 Popular,Santo Domingo Savio No.1,352,verdadero
2022-08-01 19:40:00,Baja,6.29696853899998,-75.542870455,Media,Deslizamiento,Medellín,Comuna 1 Popular,Santo Domingo Savio No.1,352,verdadero
2022-08-01 22:00:00,Baja,6.28651591599998,-75.551660313,Media,Otro,Medellín,Comuna 1 Popular,Villa Guadalupe,40,verdadero
2022-08-01 22:00:00,Baja,6.29227338300001,-75.545551429,Media,Deslizamiento,Medellín,Comuna 1 Popular,Granizal,352,verdadero
2022-08-01 22:00:00,Baja,6.290661629,-75.551385362,Media,Deslizamiento,Medellín,Comuna 1 Popular,Moscú No.2,40,verdadero
2022-08-01 22:00:00,Baja,6.29044333490299,-75.5512102988812,Media,Deslizamiento,Medellín,Comuna 1 Popular,Moscú No.2,40,verdadero
2022-08-01 23:00:00,Baja,6.27758803099999,-75.53562097,Media,Deslizamiento,Medellín,Corregimiento 90 Santa Elena,Piedras Blancas - Matasano,55,verdadero
2022-08-01 23:00:00,Baja,6.28555945699998,-75.541412542,Media,Deslizamiento,Medellín,Comuna 3 Manrique,San José La Cima No.1,55,verdadero
2022-08-02 16:00:00,Baja,6.23612134000001,-75.532031411,Media,Otro,Medellín,Comuna 8 Villa Hermosa,Villa Lilliam,44,verdadero
2022-08-05 23:00:00,Baja,6.25323446499999,-75.631736756,Media,Deslizamiento,Medellín,Comuna 13 San Javier,El Salado,53,verdadero
2022-08-06 01:40:00,Baja,6.27169700799999,-75.627379146,Media,Deslizamiento,Medellín,Corregimiento 60 San Cristóbal,La Loma,27,verdadero
2022-08-06 02:00:00,Baja,6.26394508987854,-75.6111927596073,Media,Deslizamiento,Medellín,Comuna 13 San Javier,La Pradera,12,verdadero
2022-08-06 03:00:00,Baja,6.27486962400002,-75.607424688,Media,Deslizamiento,Medellín,Comuna 13 San Javier,Blanquizal,456,verdadero
2022-08-06 03:00:00,Baja,6.25411654511287,-75.6313371845968,Media,Deslizamiento,Medellín,Comuna 13 San Javier,El Salado,53,verdadero
2022-08-06 07:00:00,Baja,6.22744264741598,-75.5295992264469,Media,Deslizamiento,Medellín,Corregimiento 90 Santa Elena,Las Palmas,289,verdadero
2022-08-06 10:50:00,Baja,6.26898759,-75.540897627,Media,Deslizamiento,Medellín,Comuna 3 Manrique,La Cruz,16,verdadero
2022-08-06 15:30:00,Baja,6.252512411,-75.626084933,Media,Deslizamiento,Medellín,Comuna 13 San Javier,Nuevos Conquistadores,17,verdadero
2022-08-06 16:00:00,Baja,6.23605788399999,-75.536104367,Media,Otro,Medellín,Comuna 8 Villa Hermosa,Villatina,551,verdadero
2022-09-16 00:00:00,Media,6.18364864452453,-75.6606496556635,Media,Deslizamiento,Medellín,Corregimiento 80 San Antonio de Prado,San Antonio de Prado,418,verdadero
2022-09-16 02:00:00,Baja,6.25106014599999,-75.624569194,Media,Deslizamiento,Medellín,Comuna 13 San Javier,Veinte de Julio,17,verdadero
2022-09-16 07:00:00,Baja,6.25331013700003,-75.629269746,Media,Deslizamiento,Medellín,Comuna 13 San Javier,El Salado,53,verdadero
2022-09-16 08:00:00,Baja,6.18478802499999,-75.647394612,Media,Otro,Medellín,Corregimiento 80 San Antonio de Prado,San Antonio de Prado,2,verdadero
2022-09-16 11:00:00,Baja,6.24883,-75.63008,Media,Deslizamiento,Medellín,Comuna 13 San Javier,Nuevos Conquistadores,17,verdadero
2022-09-16 11:00:00,Baja,6.24888504280748,-75.6300428608483,Media,Deslizamiento,Medellín,Comuna 13 San Javier,Nuevos Conquistadores,17,verdadero
2022-09-16 20:00:00,Baja,6.17202180259378,-75.6679089980829,Media,Deslizamiento,Medellín,Corregimiento 80 San Antonio de Prado,La Florida,418,verdadero
2022-09-17 00:00:00,Media,6.17456122201986,-75.6489008709651,Media,Deslizamiento,Medellín,Corregimiento 80 San Antonio de Prado,San Antonio de Prado,36,verdadero
2022-09-17 00:00:00,Media,6.17186281089531,-75.6494198675429,Media,Deslizamiento,Medellín,Corregimiento 80 San Antonio de Prado,San Antonio de Prado,36,verdadero
2022-09-18 01:00:00,Baja,6.16983999799999,-75.657294367,Media,Deslizamiento,Medellín,Corregimiento 80 San Antonio de Prado,San José,36,verdadero
2022-09-18 04:00:00,Baja,6.18295567098035,-75.6561427532819,Media,Deslizamiento,Medellín,Corregimiento 80 San Antonio de Prado,San Antonio de Prado,418,verdadero
2022-09-18 05:00:00,Baja,6.17262604699999,-75.656830924,Media,Deslizamiento,Medellín,Corregimiento 80 San Antonio de Prado,La Florida,36,verdadero
2022-09-18 08:00:00,Baja,6.17531700882429,-75.6663647515618,Media,Deslizamiento,Medellín,Corregimiento 80 San Antonio de Prado,La Florida,418,verdadero
2022-09-18 10:24:00,Baja,6.18484840887273,-75.6607267941501,Media,Deslizamiento,Medellín,Corregimiento 80 San Antonio de Prado,Potrerito,418,verdadero
2022-09-18 14:30:00,Baja,6.17485306600003,-75.648879759,Media,Deslizamiento,Medellín,Corregimiento 80 San Antonio de Prado,San Antonio de Prado,36,verdadero
2022-09-18 18:00:00,Baja,6.17259,-75.65682,Media,Deslizamiento,Medellín,Corregimiento 80 San Antonio de Prado,La Florida,36,verdadero
2022-09-18 19:00:00,Baja,6.35313151698231,-75.7023778588457,Media,Deslizamiento,Medellín,Corregimiento 50 San Sebastián de Palmitas,Potrera Miserenga,4,verdadero
2022-09-29 14:00:00,Baja,6.2376818453598,-75.5344471588855,Media,Otro,Medellín,Comuna 8 Villa Hermosa,San Antonio,44,verdadero
2022-10-20 00:00:00,Media,6.23222439737262,-75.6142416526701,Media,Deslizamiento,Medellín,Comuna 16 Belén,Las Violetas,9,verdadero
2022-10-20 02:00:00,Baja,6.24915326299998,-75.625464498,Media,Deslizamiento,Medellín,Comuna 13 San Javier,Las Independencias,17,verdadero
2022-10-20 03:00:00,Baja,6.24740228500002,-75.624955721,Media,Deslizamiento,Medellín,Comuna 13 San Javier,El Corazón,17,verdadero
2022-10-20 03:30:00,Baja,6.24937306800001,-75.62533587,Media,Deslizamiento,Medellín,Comuna 13 San Javier,Las Independencias,17,verdadero
2022-10-20 06:00:00,Baja,6.23205638299999,-75.644055734,Media,Deslizamiento,Medellín,Corregimiento 70 Altavista,Aguas Frias,29,verdadero
2022-10-20 14:00:00,Baja,6.24906421063696,-75.6255079301351,Media,Deslizamiento,Medellín,Comuna 13 San Javier,Las Independencias,17,verdadero
2022-10-23 12:00:00,Baja,6.28949594599999,-75.539724461,Media,Deslizamiento,Medellín,Comuna 1 Popular,Carpinelo,274,verdadero
2022-10-23 22:00:00,Baja,6.17717195300003,-75.650406924,Media,Deslizamiento,Medellín,Corregimiento 80 San Antonio de Prado,San Antonio de Prado,36,verdadero
2022-10-23 22:00:00,Baja,6.177168241,-75.650175778,Media,Deslizamiento,Medellín,Corregimiento 80 San Antonio de Prado,San Antonio de Prado,36,verdadero
2022-10-24 04:00:00,Baja,6.17402225518654,-75.6648520527167,Media,Deslizamiento,Medellín,Corregimiento 80 San Antonio de Prado,La Florida,418,verdadero
2022-10-24 04:00:00,Baja,6.17373733483816,-75.6646515165332,Media,Deslizamiento,Medellín,Corregimiento 80 San Antonio de Prado,La Florida,418,verdadero
2022-10-24 14:00:00,Baja,6.29241989227721,-75.5456175808503,Media,Deslizamiento,Medellín,Comuna 1 Popular,Granizal,352,verdadero
2022-10-24 15:00:00,Baja,6.23337592299998,-75.534677536,Media,Deslizamiento,Medellín,Comuna 8 Villa Hermosa,Las Estancias,551,verdadero
2022-10-24 15:00:00,Baja,6.2386625,-75.564787,Media,Deslizamiento,Medellín,Comuna 10 La Candelaria,Las Palmas,71,verdadero
2022-10-24 15:00:00,Baja,6.28286632200002,-75.542569596,Media,Deslizamiento,Medellín,Comuna 3 Manrique,San José La Cima No.1,55,verdadero
2022-10-24 15:00:00,Baja,6.23686111500001,-75.537935743,Media,Deslizamiento,Medellín,Comuna 8 Villa Hermosa,Villatina,551,verdadero
2022-10-24 15:30:00,Baja,6.29278743244304,-75.5478275696157,Media,Deslizamiento,Medellín,Comuna 1 Popular,Granizal,352,verdadero
2022-10-24 17:00:00,Baja,6.29848764989538,-75.5431070452267,Media,Deslizamiento,Medellín,Comuna 1 Popular,Santo Domingo Savio No.1,352,verdadero
2022-10-24 17:00:00,Baja,6.292310697,-75.537947897,Media,Deslizamiento,Medellín,Comuna 1 Popular,La Avanzada,352,verdadero
2022-10-24 17:30:00,Baja,6.19085090300001,-75.558794149,Media,Deslizamiento,Medellín,Comuna 14 El Poblado,Los Balsos No.1,56,verdadero
2022-10-24 17:30:00,Baja,6.19166137392285,-75.5583619042169,Media,Deslizamiento,Medellín,Comuna 14 El Poblado,Los Balsos No.1,56,verdadero
2022-10-24 18:00:00,Baja,6.240772343,-75.517290566,Media,Deslizamiento,Medellín,Corregimiento 90 Santa Elena,Media Luna,42,verdadero
2022-10-24 20:00:00,Baja,6.23937667299998,-75.537574392,Media,Otro,Medellín,Comuna 8 Villa Hermosa,San Antonio,551,verdadero
2022-10-24 20:05:00,Baja,6.29509161009067,-75.5397419929221,Media,Deslizamiento,Medellín,Comuna 1 Popular,La Avanzada,352,verdadero
2022-10-24 22:00:00,Baja,6.23598626099999,-75.531245434,Media,Deslizamiento,Medellín,Comuna 8 Villa Hermosa,Villa Turbay,551,verdadero
2022-10-25 06:00:00,Baja,6.24082270345801,-75.5413730931311,Media,Caida de rocas,Medellín,Comuna 8 Villa Hermosa,La Libertad,551,verdadero
2022-10-25 07:00:00,Baja,6.23326640200003,-75.532170249,Media,Deslizamiento,Medellín,Comuna 8 Villa Hermosa,Las Estancias,551,verdadero
2022-10-25 12:00:00,Baja,6.2791289974413,-75.5404478410811,Media,Deslizamiento,Medellín,Comuna 3 Manrique,María Cano-Carambolas,55,verdadero
2022-10-25 13:00:00,Baja,6.28219157400002,-75.544770788,Media,Deslizamiento,Medellín,Comuna 3 Manrique,Las Granjas,55,verdadero
2022-10-25 14:00:00,Baja,6.23652826099999,-75.535221199,Media,Complejo,Medellín,Comuna 8 Villa Hermosa,Villa Lilliam,551,verdadero
2022-10-25 14:00:00,Baja,6.29635355,-75.541541057,Media,Deslizamiento,Medellín,Comuna 1 Popular,Santo Domingo Savio No.1,352,verdadero
2022-10-25 14:00:00,Baja,6.2962352889365,-75.5418012497364,Media,Deslizamiento,Medellín,Comuna 1 Popular,Santo Domingo Savio No.1,352,verdadero
2022-10-28 10:00:00,Baja,6.25395988009126,-75.6243841269385,Media,Deslizamiento,Medellín,Comuna 13 San Javier,El Salado,53,verdadero
2022-10-28 18:00:00,Baja,6.28909116300002,-75.65003432,Media,Deslizamiento,Medellín,Corregimiento 60 San Cristóbal,El Uvito,612,verdadero
2022-10-28 23:30:00,Baja,6.28322455,-75.601436132,Media,Deslizamiento,Medellín,Comuna 7 Robledo,Cucaracho,456,verdadero
2022-10-29 03:00:00,Baja,6.22047272213568,-75.6355836336248,Media,Otro,Medellín,Corregimiento 70 Altavista,Buga Patio Bonito,8,verdadero
2022-10-29 09:00:00,Baja,6.19195296300001,-75.660836114,Media,Deslizamiento,Medellín,Corregimiento 80 San Antonio de Prado,Potrerito,418,verdadero
2022-11-08 04:00:00,Baja,6.26999029799998,-75.58712089,Media,Deslizamiento,Medellín,Comuna 7 Robledo,San Germán,60,verdadero
2022-11-08 17:30:00,Baja,6.23865005514116,-75.5331139352177,Media,Flujo,Medellín,Comuna 8 Villa Hermosa,San Antonio,44,verdadero
2022-11-08 17:30:00,Baja,6.23877768398997,-75.5329175443696,Media,Flujo,Medellín,Comuna 8 Villa Hermosa,San Antonio,44,verdadero
2022-11-08 19:00:00,Baja,6.27323530400002,-75.536941438,Media,Deslizamiento,Medellín,Comuna 3 Manrique,La Cruz,16,verdadero
2022-11-08 20:00:00,Baja,6.2105764,-75.5524157,Media,Deslizamiento,Medellín,Comuna 14 El Poblado,Altos del Poblado,49,verdadero
2022-11-08 21:30:00,Baja,6.23984356699998,-75.53754177,Media,Deslizamiento,Medellín,Comuna 8 Villa Hermosa,San Antonio,551,verdadero
2022-11-10 17:00:00,Baja,6.24218681399998,-75.548427471,Media,Deslizamiento,Medellín,Comuna 8 Villa Hermosa,El Pinal,129,verdadero
2022-11-10 20:00:00,Baja,6.2518014494325,-75.5379957571106,Media,Complejo,Medellín,Corregimiento 90 Santa Elena,Piedras Blancas - Matasano,499,verdadero
2022-11-10 23:00:00,Baja,6.2521717,-75.5400433,Media,Deslizamiento,Medellín,Comuna 8 Villa Hermosa,LLanaditas,35,verdadero
2022-11-13 00:01:00,Baja,6.25019665048188,-75.5391391107853,Media,Deslizamiento,Medellín,Comuna 8 Villa Hermosa,LLanaditas,499,verdadero
2022-11-20 23:00:00,Baja,6.2747047,-75.5378599,Media,Deslizamiento,Medellín,Comuna 3 Manrique,La Cruz,16,verdadero
2022-11-21 13:30:00,Baja,6.27058,-75.54223,Media,Deslizamiento,Medellín,Comuna 3 Manrique,La Cruz,16,verdadero
2022-11-21 13:30:00,Baja,6.27058173299898,-75.5422320198555,Media,Deslizamiento,Medellín,Comuna 3 Manrique,La Cruz,16,verdadero
2022-11-23 03:00:00,Baja,6.35646610499998,-75.700193714,Media,Deslizamiento,Medellín,Corregimiento 50 San Sebastián de Palmitas,Potrera Miserenga,320,verdadero
2022-11-23 06:00:00,Baja,6.26825641860653,-75.5856641654477,Media,Deslizamiento,Medellín,Comuna 7 Robledo,San Germán,60,verdadero
2022-11-23 22:00:00,Baja,6.36021739713246,-75.7007670198907,Media,Deslizamiento,Medellín,Corregimiento 50 San Sebastián de Palmitas,Potrera Miserenga,320,verdadero
2022-11-24 04:00:00,Baja,6.25152642650263,-75.5501817014028,Media,Deslizamiento,Medellín,Comuna 8 Villa Hermosa,Enciso,211,verdadero
2022-11-24 06:00:00,Baja,6.26776907509463,-75.5514057746107,Media,Deslizamiento,Medellín,Comuna 3 Manrique,El Pomar,16,verdadero
2022-11-24 14:00:00,Baja,6.36183352699999,-75.693430419,Media,Deslizamiento,Medellín,Corregimiento 50 San Sebastián de Palmitas,Urquita,320,verdadero
2022-11-28 12:00:00,Baja,6.2781983,-75.5473213,Media,Deslizamiento,Medellín,Comuna 3 Manrique,Las Granjas,16,verdadero
2022-11-28 12:00:00,Baja,6.27870859299998,-75.547747348,Media,Deslizamiento,Medellín,Comuna 3 Manrique,Las Granjas,16,verdadero
2023-01-14 20:00:00,Baja,6.21963066699999,-75.634755621,Media,Deslizamiento,Medellín,Corregimiento 70 Altavista,Buga Patio Bonito,8,verdadero
2023-01-14 21:00:00,Baja,6.27224004197722,-75.6152221639559,Media,Deslizamiento,Medellín,Comuna 7 Robledo,Olaya Herrera,456,verdadero
2023-01-14 21:00:00,Baja,6.27243348692662,-75.6151981743855,Media,Deslizamiento,Medellín,Comuna 7 Robledo,Olaya Herrera,456,verdadero
2023-01-14 22:00:00,Baja,6.28748158033192,-75.599164461121,Media,Deslizamiento,Medellín,Comuna 7 Robledo,Monteclaro,456,verdadero
2023-01-14 23:00:00,Baja,6.2896573,-75.6106246,Media,Deslizamiento,Medellín,Corregimiento 60 San Cristóbal,Área de Expansión Pajarito,20,verdadero
2023-01-14 23:00:00,Baja,6.249679872,-75.629369286,Media,Deslizamiento,Medellín,Comuna 13 San Javier,Nuevos Conquistadores,17,verdadero
2023-01-14 23:59:00,Baja,6.27121827299999,-75.626441826,Media,Deslizamiento,Medellín,Corregimiento 60 San Cristóbal,La Loma,27,verdadero
2023-01-15 10:00:00,Baja,6.29222071200002,-75.609793194,Media,Deslizamiento,Medellín,Corregimiento 60 San Cristóbal,Área de Expansión Pajarito,20,verdadero
2023-01-17 18:00:00,Baja,6.20284997713644,-75.6038692564513,Media,Deslizamiento,Medellín,Comuna 16 Belén,La Hondonada,22,verdadero
2023-01-17 19:00:00,Baja,6.22953394763442,-75.5237423908823,Media,Deslizamiento,Medellín,Corregimiento 90 Santa Elena,Media Luna,44,verdadero
2023-01-17 19:00:00,Baja,6.2296293514096,-75.5283449966214,Media,Deslizamiento,Medellín,Comuna 9 Buenos Aires,Juan Pablo II,44,verdadero
2023-01-17 19:00:00,Baja,6.2295165402227,-75.5237674600198,Media,Flujo,Medellín,Corregimiento 90 Santa Elena,Media Luna,44,verdadero
2023-01-17 20:00:00,Baja,6.20357598540368,-75.6035996719982,Media,Deslizamiento,Medellín,Comuna 16 Belén,La Hondonada,22,verdadero
2023-03-13 08:00:00,Baja,6.293831,-75.649566795,Media,Deslizamiento,Medellín,Corregimiento 60 San Cristóbal,El LLano,612,verdadero
2023-03-18 23:00:00,Baja,6.29427668800002,-75.538858528,Media,Deslizamiento,Medellín,Comuna 1 Popular,La Avanzada,352,verdadero
2023-05-11 17:00:00,Baja,6.29381224048875,-75.6578678464433,Media,Deslizamiento,Medellín,Corregimiento 60 San Cristóbal,La Cuchilla,612,verdadero
2023-05-23 20:00:00,Baja,6.28914604759439,-75.5863477041108,Media,Deslizamiento,Medellín,Comuna 6 Doce de Octubre,Kennedy,241,verdadero
2023-05-23 22:30:00,Baja,6.29312999699999,-75.543840186,Media,Deslizamiento,Medellín,Comuna 1 Popular,Santo Domingo Savio No.1,352,verdadero
2023-05-23 23:00:00,Baja,6.27433004648836,-75.6063671965384,Media,Otro,Medellín,Comuna 13 San Javier,Blanquizal,456,verdadero
2023-05-24 03:30:00,Baja,6.27323368331995,-75.6155229602141,Media,Flujo,Medellín,Comuna 7 Robledo,Olaya Herrera,456,verdadero
2023-05-24 11:56:00,Baja,6.28226912600002,-75.595342533,Media,Deslizamiento,Medellín,Comuna 7 Robledo,Aures No.1,456,verdadero
2023-05-25 21:00:00,Baja,6.29497068400002,-75.542817166,Media,Deslizamiento,Medellín,Comuna 1 Popular,Santo Domingo Savio No.1,352,verdadero
2023-05-25 21:00:00,Baja,6.28996657900001,-75.552503494,Media,Deslizamiento,Medellín,Comuna 1 Popular,Moscú No.2,40,verdadero
2023-05-25 22:00:00,Baja,6.29504069374809,-75.5425213628071,Media,Deslizamiento,Medellín,Comuna 1 Popular,Santo Domingo Savio No.1,352,verdadero
2023-05-25 22:00:00,Baja,6.29096697984291,-75.5406987041978,Media,Deslizamiento,Medellín,Comuna 1 Popular,Carpinelo,352,verdadero
2023-05-26 16:00:00,Baja,6.249478,-75.627715,Media,Deslizamiento,Medellín,Comuna 13 San Javier,Nuevos Conquistadores,17,verdadero
2023-05-26 16:00:00,Baja,6.24899162600002,-75.628346473,Media,Deslizamiento,Medellín,Comuna 13 San Javier,Nuevos Conquistadores,17,verdadero
2023-05-26 17:00:00,Baja,6.26597763667523,-75.5400658883687,Media,Deslizamiento,Medellín,Comuna 3 Manrique,Versalles No.2,16,verdadero
2023-05-26 17:30:00,Baja,6.29687785599998,-75.550789285,Media,Deslizamiento,Medellín,Comuna 2 Santa Cruz,La Francia,353,verdadero
2023-05-28 19:30:00,Baja,6.26233576111067,-75.6243686516549,Media,Deslizamiento,Medellín,Corregimiento 60 San Cristóbal,La Loma,53,verdadero
2023-05-29 02:30:00,Baja,6.27601394190296,-75.6348783152079,Media,Otro,Medellín,Corregimiento 60 San Cristóbal,La Loma,27,verdadero
2023-06-01 12:22:00,Baja,6.224094,-75.661217,Media,Flujo,Medellín,Corregimiento 80 San Antonio de Prado,El Salado,18,verdadero
2023-10-08 03:00:00,Baja,6.274915,-75.543359,Media,Caida de rocas,Medellín,Comuna 3 Manrique,Oriente,16,verdadero
2023-10-30 23:45:00,Baja,6.29394538416338,-75.5364410710598,Media,Deslizamiento,Medellín,Comuna 1 Popular,La Avanzada,352,verdadero
2023-10-31 13:00:00,Baja,6.23740969200003,-75.535200493,Media,Deslizamiento,Medellín,Comuna 8 Villa Hermosa,San Antonio,44,verdadero
2023-10-31 18:00:00,Baja,6.27823252299999,-75.563779864,Media,Deslizamiento,Medellín,Comuna 4 Aranjuez,Aranjuez,558,verdadero
2023-10-31 19:00:00,Baja,6.29352892499998,-75.544483017,Media,Deslizamiento,Medellín,Comuna 1 Popular,Santo Domingo Savio No.1,352,verdadero
2023-10-31 21:00:00,Baja,6.29335389002527,-75.5465197667714,Media,Deslizamiento,Medellín,Comuna 1 Popular,Granizal,352,verdadero
2023-11-01 03:00:00,Baja,6.30058869997623,-75.5428517073776,Media,Deslizamiento,Medellín,Comuna 1 Popular,Santo Domingo Savio No.1,352,verdadero
2023-11-01 04:30:00,Baja,6.27422836620626,-75.5437238948611,Media,Deslizamiento,Medellín,Comuna 3 Manrique,Oriente,55,verdadero
2023-11-01 05:00:00,Baja,6.28452763899998,-75.539514839,Media,Deslizamiento,Medellín,Comuna 3 Manrique,María Cano-Carambolas,55,verdadero
2023-11-01 09:00:00,Baja,6.29520017800002,-75.550158242,Media,Deslizamiento,Medellín,Comuna 2 Santa Cruz,Villa del Socorro,353,verdadero
2023-11-01 10:44:00,Baja,6.300944716,-75.54296297,Media,Otro,Medellín,Comuna 1 Popular,Santo Domingo Savio No.1,352,verdadero
2023-11-03 04:30:00,Baja,6.27137506100001,-75.598350136,Media,Deslizamiento,Medellín,Comuna 13 San Javier,El Pesebre,456,verdadero
2023-11-17 20:00:00,Baja,6.215378547,-75.552553759,Media,Deslizamiento,Medellín,Comuna 14 El Poblado,Altos del Poblado,49,verdadero
2023-11-18 00:00:00,Media,6.33215214423384,-75.69432492483,Media,Caida de rocas,Medellín,Corregimiento 50 San Sebastián de Palmitas,Volcana Guayabal,4,verdadero
2023-11-24 23:59:00,Baja,6.25010561200003,-75.636349625,Media,Deslizamiento,Medellín,Corregimiento 70 Altavista,El Corazón El Morro,17,verdadero
2023-11-24 23:59:00,Baja,6.24646384300002,-75.620999859,Media,Deslizamiento,Medellín,Comuna 13 San Javier,Betania,17,verdadero
2023-12-16 15:00:00,Baja,6.297920729,-75.542413543,Media,Deslizamiento,Medellín,Comuna 1 Popular,Santo Domingo Savio No.1,352,verdadero
2023-12-25 22:00:00,Baja,6.19241920338696,-75.6675393418217,Media,Flujo,Medellín,Corregimiento 80 San Antonio de Prado,Montañita,418,verdadero
2024-04-21 23:30:00,Baja,6.2696192293194,-75.5398409474851,Media,Deslizamiento,Medellín,Comuna 3 Manrique,La Cruz,16,verdadero
2024-04-22 10:00:00,Baja,6.2691588,-75.5473213,Media,Deslizamiento,Medellín,Comuna 3 Manrique,El Raizal,16,verdadero
2024-05-02 12:00:00,Baja,6.19246789571275,-75.6674038151728,Media,Deslizamiento,Medellín,Corregimiento 80 San Antonio de Prado,Montañita,418,verdadero
2024-05-04 06:30:00,Baja,6.24289971,-75.54203293,Media,Otro,Medellín,Comuna 8 Villa Hermosa,El Pinal,551,verdadero
2024-05-04 10:30:00,Baja,6.28457566621704,-75.6093251770118,Media,Deslizamiento,Medellín,Corregimiento 60 San Cristóbal,Pajarito,456,verdadero
2024-05-14 16:00:00,Baja,6.29472696,-75.58045582,Media,Deslizamiento,Medellín,Comuna 6 Doce de Octubre,San Martín de Porres,241,verdadero
2024-05-15 09:00:00,Baja,6.2068644,-75.6048047,Media,Deslizamiento,Medellín,Comuna 16 Belén,El Rincón,22,verdadero
2024-05-15 10:00:00,Baja,6.19957637396212,-75.593448913561,Media,Deslizamiento,Medellín,Comuna 15 Guayabal,El Rodeo,22,verdadero
2024-05-15 11:00:00,Baja,6.23818785,-75.53879716,Media,Deslizamiento,Medellín,Comuna 8 Villa Hermosa,Villa Hermosa,551,verdadero
2024-05-15 14:40:00,Baja,6.21900725897521,-75.6352452007805,Media,Otro,Medellín,Corregimiento 70 Altavista,Buga Patio Bonito,8,verdadero
2024-05-15 23:00:00,Baja,6.23675013,-75.47640063,Media,Deslizamiento,Medellín,Corregimiento 90 Santa Elena,Barro Blanco,42,verdadero
2024-05-16 11:00:00,Baja,6.23727947,-75.47809422,Media,Deslizamiento,Medellín,Corregimiento 90 Santa Elena,Barro Blanco,42,verdadero
2024-05-17 02:03:00,Baja,6.24930602,-75.54147577,Media,Deslizamiento,Medellín,Comuna 8 Villa Hermosa,Trece de Noviembre,499,verdadero
2024-05-21 18:00:00,Baja,6.26817717,-75.60244862,Media,Otro,Medellín,Comuna 12 La América,Calasanz Parte Alta,456,verdadero
2024-05-21 18:00:00,Baja,6.27220874488114,-75.5970439249964,Media,Deslizamiento,Medellín,Comuna 13 San Javier,El Pesebre,456,verdadero
2024-05-21 18:00:00,Baja,6.27963465605577,-75.6132180009716,Media,Deslizamiento,Medellín,Corregimiento 60 San Cristóbal,Área de Expansión Pajarito,456,verdadero
2024-05-23 20:30:00,Baja,6.28803944,-75.60124339,Media,Deslizamiento,Medellín,Comuna 7 Robledo,Monteclaro,20,verdadero
2024-05-23 23:00:00,Baja,6.27964356,-75.61318049,Media,Deslizamiento,Medellín,Corregimiento 60 San Cristóbal,Área de Expansión Pajarito,456,verdadero
2024-05-24 08:30:00,Baja,6.27840541654882,-75.560584487671,Media,Deslizamiento,Medellín,Comuna 4 Aranjuez,Aranjuez,558,verdadero
2024-05-24 10:00:00,Baja,6.26998090112545,-75.58695830696,Media,Deslizamiento,Medellín,Comuna 7 Robledo,San Germán,60,verdadero
2024-05-24 17:00:00,Baja,6.2968266,-75.553067,Media,Deslizamiento,Medellín,Comuna 1 Popular,Moscú No.2,353,verdadero
2024-06-01 04:00:00,Baja,6.28886187,-75.65373452,Media,Deslizamiento,Medellín,Corregimiento 60 San Cristóbal,El Uvito,612,verdadero
2024-06-09 03:00:00,Baja,6.2951939,-75.5545989,Media,Deslizamiento,Medellín,Comuna 2 Santa Cruz,Moscú No.1,353,verdadero
2024-06-09 08:00:00,Baja,6.29656578,-75.56387143,Media,Deslizamiento,Medellín,Comuna 5 Castilla,Belalcázar,376,verdadero
2024-06-09 12:00:00,Baja,6.31164206313797,-75.5595900638633,Media,Deslizamiento,Medellín,Comuna 5 Castilla,Las Brisas,89,verdadero
2024-06-09 18:00:00,Baja,6.3033664,-75.5465935,Media,Deslizamiento,Medellín,Comuna 1 Popular,Popular,154,verdadero
2024-06-11 11:00:00,Baja,6.28062433,-75.54357725,Media,Deslizamiento,Medellín,Comuna 3 Manrique,San José La Cima No.1,55,verdadero
2024-06-15 14:00:00,Baja,6.1901037,-75.5694576,Media,Deslizamiento,Medellín,Comuna 14 El Poblado,El Castillo,15,verdadero
2024-06-19 18:00:00,Baja,6.27081412506656,-75.6310862939251,Media,Deslizamiento,Medellín,Corregimiento 60 San Cristóbal,La Loma,27,verdadero
2024-06-23 21:00:00,Baja,6.27351028,-75.61216409,Media,Otro,Medellín,Comuna 7 Robledo,Olaya Herrera,456,verdadero
2024-06-26 08:00:00,Baja,6.25177484030786,-75.5390564333476,Media,Deslizamiento,Medellín,Comuna 8 Villa Hermosa,Villatina,499,verdadero
2024-06-26 10:00:00,Baja,6.26188207,-75.61782122,Media,Deslizamiento,Medellín,Comuna 13 San Javier,El Socorro,53,verdadero
2024-06-26 13:27:00,Baja,6.26881188,-75.58520042,Media,Deslizamiento,Medellín,Comuna 7 Robledo,San Germán,60,verdadero
2024-06-26 13:30:00,Baja,6.27052516,-75.61630802,Media,Deslizamiento,Medellín,Comuna 13 San Javier,Juan XXIII La Quiebra,456,verdadero
2024-06-26 14:00:00,Baja,6.26922707188946,-75.6367832253511,Media,Deslizamiento,Medellín,Corregimiento 60 San Cristóbal,La Loma,27,verdadero
2024-06-26 14:00:00,Baja,6.27631443935555,-75.6430201164262,Media,Deslizamiento,Medellín,Corregimiento 60 San Cristóbal,La Palma,11,verdadero
2024-06-26 18:00:00,Baja,6.27007461661658,-75.6239485571875,Media,Deslizamiento,Medellín,Corregimiento 60 San Cristóbal,La Loma,27,verdadero
2024-06-28 02:00:00,Baja,6.27296802398555,-75.6160517601172,Media,Deslizamiento,Medellín,Comuna 7 Robledo,Olaya Herrera,456,verdadero
2024-06-28 02:00:00,Baja,6.27624876766072,-75.6083664766271,Media,Deslizamiento,Medellín,Comuna 7 Robledo,Olaya Herrera,456,verdadero
2024-06-28 02:40:00,Baja,6.25561873660208,-75.6290628236967,Media,Deslizamiento,Medellín,Comuna 13 San Javier,El Salado,53,verdadero
2024-06-28 06:00:00,Baja,6.2687454,-75.6018947,Media,Deslizamiento,Medellín,Comuna 13 San Javier,El Pesebre,456,verdadero
2024-06-28 07:00:00,Baja,6.26660555,-75.62980022,Media,Deslizamiento,Medellín,Corregimiento 60 San Cristóbal,La Loma,27,verdadero
2024-06-28 18:00:00,Baja,6.258274,-75.6200813,Media,Deslizamiento,Medellín,Comuna 13 San Javier,Antonio Nariño,53,verdadero
2024-06-28 20:00:00,Baja,6.27635655852733,-75.6089195265219,Media,Deslizamiento,Medellín,Comuna 7 Robledo,Olaya Herrera,456,verdadero
2024-06-28 23:00:00,Baja,6.24907811,-75.62583053,Media,Deslizamiento,Medellín,Comuna 13 San Javier,Las Independencias,17,verdadero
2024-06-28 23:00:00,Baja,6.2689886,-75.6106246,Media,Deslizamiento,Medellín,Comuna 13 San Javier,Blanquizal,456,verdadero
2024-06-30 21:30:00,Baja,6.27955015322681,-75.5395887944712,Media,Deslizamiento,Medellín,Comuna 3 Manrique,Oriente,55,verdadero
2024-07-01 12:00:00,Baja,6.29530059,-75.5643389,Media,Deslizamiento,Medellín,Comuna 5 Castilla,Belalcázar,376,verdadero
