ID,latitud,longitud,incer_ubicacion,fecha_hora,incer_fecha,incer_hora,tipo,municipio,corregimiento,vereda_barrio,Pluvio,Acum,I,Duracion,Radar,Unnamed: 16,Unnamed: 17,Unnamed: 18
1,6.316441,-75.579412,baja,2014-10-30 04:00:00,baja,baja,deslizamiento,Bello,,Nueva Jerusalen,89,26,30,4,,,,
2,6.442787,-75.3624889999999,baja,2016-10-10 21:00:00,baja,baja,flujo,Barbosa,El Hatillo,Quebrada El Bebedero El Chocho,30,7,9,3,buscar,,,
3,6.319923,-75.486939,baja,2016-10-26 07:00:00,baja,baja,flujo,Copacabana,,El Cabuyal,70,19,21,4,buscar,,,
4,6.187465,-75.652213,baja,2016-12-10 04:00:00,baja,baja,flujo,Medellín,San Antonio de Prado,Santa Rita,2,81,65,4,,,,
5,6.193503,-75.66199,baja,2017-04-01 02:00:00,baja,baja,flujo,Medellín,San Antonio de Prado,El Salado,2,48,33,12,,,,
6,6.277512,-75.535327,baja,2017-06-12 04:00:00,media,alta,,Medellín,,Versalles Nº2,55,28,17,10,,,,
7,6.240396,-75.516527,baja,2017-06-23 06:00:00,baja,baja,traslacional,Medellín,Santa Elena,Santa Elena,42,7.5,8.1,6,buscar,,,
8,6.271302,-75.536001,baja,2017-06-26 19:00:00,baja,baja,,Medellín,,La Cruz,16,46,54.4,12,,,,
9,6.240396,-75.5165269999999,baja,2017-06-23 06:00:00,baja,baja,traslacional-complejo,Medellín,Santa Elena,"kilometro 7+420, cerca de la Instituciín Educativa Media Luna",42,7.5,8.1,6,buscar,,,
10,6.049185,-75.6633609999999,baja,2019-06-12 07:00:00,baja,baja,,Caldas,,Salinas,171,2.2,3.6,6,buscar,,,
11,6.288871,-75.542241,baja,2019-11-14 12:00:00,baja,baja,deslizamiento,Medellín,Santo Domingo Savio No.1,Calle 100B con Carrera 31,352,11.4,15.7,5,buscar,,,
12,6.19373,-75.6046249999999,baja,2020-12-25 02:00:00,baja,baja,deslizamiento,Itaguí,El Ajizal,El Pesebre,395,51.7,48.8,7,buscar,,,
13,6.20356,-75.6040349999999,baja,2021-03-24 18:00:00,baja,baja,deslizamiento,Medellín,Rodeo Alto,"calle 9A sur con carrera 82, Urbanización Atavanza",22,32.4,78.7,2,,,,
14,6.218,-75.5639999999999,baja,2021-05-18 05:00:00,baja,baja,deslizamiento,Medellín,La Palmas,Avenida las palmas a la altura de Carulla,49,21.8,12.7,11,,,,
15,6.253434,-75.534346,baja,2021-06-01 05:00:00,baja,baja,deslizamiento,Medellín,Santa Elena,Vereda Alto de Las Moras,499,53.1,46.2,12,,,,
16,6.327731,-75.589518,baja,2021-06-26 00:00:00,baja,baja,flujo,Bello,Potrerito,Quebrada La Ortega,539,60.6,138.7,4,,,,
17,6.325588,-75.596126,baja,2021-06-26 00:00:00,baja,baja,flujo,Bello,Potrerito,Quebrada La Ortega,539,60.7,138.8,4,,,,
18,6.330665,-75.589238,baja,2021-06-26 00:00:00,baja,baja,flujo,Bello,Potrerito,Quebrada La Ortega,539,60.8,138.9,4,,,,
19,6.329011,-75.595451,baja,2021-06-26 00:00:00,baja,baja,flujo,Bello,Potrerito,Quebrada La Ortega,539,60.9,138.7,4,,,,
20,6.353383,-75.503049,baja,2021-10-11 00:00:00,baja,baja,deslizamiento,Copacabana,El Vivero,"Autopista,  kilómetro 8 + 500",32,11.8,29.5,1,buscar,,,
21,6.267353,-75.531991,baja,2021-10-25 23:00:00,baja,baja,flujo,Medellín,Barrio Manrique,Sector La Honda,16,11.4,19.5,4,buscar,,,
22,6.271158,-75.599141,baja,2021-11-10 23:00:00,baja,baja,deslizamiento,Medellín,Barrio El Pesebre,Cr 86 con calle 57,12,15.5,14.7,3,buscar,,,
23,6.279653,-75.621333,baja,2021-12-01 06:00:00,baja,baja,deslizamiento,Medellín,Barrio La Aurora,Calle 63 ae 117 F 45,456,57.2,47.2,7,,,,
24,6.265813,-75.534688,baja,2022-02-22 15:00:00,baja,baja,deslizamiento,Medellín,Barrio La Cruz,"Sector La Honda,  Cl. 71 con Cra. 24AB",35,19.9,40.6,1,,,,
25,6.237579,-75.510812,baja,2022-04-05 07:00:00,media,media,,Medellín,Santa Elena,vía a Santa Elena kilometro 11+200,42,36.4,27.4,12,,,,
26,6.23065,-75.56758,baja,2022-05-07 15:00:00,baja,baja,,Medellín,El Poblado,Iglesia San Anselmo,41,38.5,27.9,12,,,,
27,6.261388,-75.555283,baja,2022-06-27 17:00:00,baja,baja,deslizamiento,Medellín,Manrique,Palos Verdes,211,16.8,24.9,2,,,,
28,6.195763,-75.6567409999999,baja,2022-07-13 15:00:00,baja,baja,flujo,Medellín,San Antonio de Prado,La Verde,2,53.7,98.6,4,,,,
29,6.145044,-75.576537,baja,2022-08-05 21:00:00,baja,baja,flujo,Envigado,El Salado,,339,44.7,38.6,8,,,,
30,6.22745,-75.529669,baja,2022-08-06 09:00:00,baja,baja,deslizamiento,Medellín,Ocho de Marzo,Vía hacia Santa Elena,289,55.1,47.2,14,,,,
31,6.179093,-75.671125,baja,2022-09-07 21:00:00,baja,baja,flujo,Medellín,San Antonio de Prado,Q. La Manguala,418,22.1,52.3,1,buscar,,,
32,6.182384,-75.6631419999999,baja,2022-09-07 21:00:00,baja,baja,deslizamiento,Medellín,San Antonio de Prado,Q. La Chorrera,418,23.1,52.4,1,buscar,,,
33,6.153428,-75.660374,baja,2022-09-08 20:00:00,baja,baja,deslizamiento,La Estrella,Tierra Amarilla,Q. Tierra Amarilla,519,105,123.4,6,buscar,,,
34,6.153292,-75.663229,baja,2022-09-08 20:00:00,baja,baja,deslizamiento,La Estrella,Tierra Amarilla,Q. Tierra Amarilla,519,105,123.4,6,buscar,,,
35,6.178123,-75.630392,baja,2022-09-17 04:00:00,baja,baja,flujo,Itaguí,Villalia,,36,89.2,102.6,7,,,,
36,6.318974,-75.528842,baja,2022-09-21 17:00:00,baja,baja,flujo,Copacabana,Autopista Medellin Bogotá,Motel El Descanso del Amor,70,26.8,39.6,16,,,,
37,6.318213,-75.529373,baja,2022-09-23 17:00:00,baja,baja,deslizamiento,Copacabana,Autopista Medellin Bogota,,70,35.9,61.5,3,,,,
38,6.207845,-75.622413,baja,2021-09-05 00:00:00,baja,media,flujo,Medellín,Altavista,,22,33.8,62.5,1.5,,,,
39,6.3987,-75.51636,baja,2023-05-30 05:00:00,baja,media,flujo,Copacabana,Zarzal,,47,24.5,31.5,8,,,,
40,6.31614,-75.50675,baja,2023-05-30 05:00:00,baja,media,deslizamiento,Copacabana,Chucho Gato,,607,21.8,12.7,8,,,,
41,6.34877,-75.53275,baja,2023-05-28 09:00:00,baja,baja,deslizamiento,Bello,Navarra,,76,38.1,41.1,6,,,,
42,6.42251,-75.44893,baja,2023-05-28 01:00:00,baja,baja,flujo,Girardota,San Andrés,,66,114.2,65.5,8,,,,
43,6.42138,-75.45109,baja,2023-05-28 01:00:00,baja,baja,flujo,Girardota,San Andrés,,66,114.2,65.5,8,,,,
44,6.41853,-75.44017,baja,2023-05-28 01:00:00,baja,baja,flujo,Girardota,San Andrés,,66,114.2,65.5,8,,,,
45,6.41823,-75.43963,baja,2023-05-28 01:00:00,baja,baja,flujo,Girardota,San Andrés,,66,114.2,65.5,8,,,,
46,6.41299,-75.43764,baja,2023-05-28 01:00:00,baja,baja,flujo,Girardota,San Andrés,,66,114.2,65.5,8,,,,
47,6.41153,-75.4357,baja,2023-05-28 01:00:00,baja,baja,flujo,Girardota,San Andrés,,66,114.2,65.5,8,,,,
48,6.41153,-75.43519,baja,2023-05-28 01:00:00,baja,baja,flujo,Girardota,San Andrés,,66,114.2,65.5,8,,,,
49,6.42061,75.46065,baja,2023-05-28 01:00:00,baja,baja,flujo,Girardota,San Andrés,,66,114.2,65.5,8,,,,
50,6.41762,-75.45542,baja,2023-05-28 01:00:00,baja,baja,flujo,Girardota,San Andrés,,66,114.2,65.5,8,,,,
51,6.42134,-75.45872,baja,2023-05-28 01:00:00,baja,baja,flujo,Girardota,San Andrés,,66,114.2,65.5,8,,,,
52,6.42067,-75.46059,baja,2023-05-28 01:00:00,baja,baja,flujo,Girardota,San Andrés,,66,114.2,65.5,8,,,,
53,6.41689,-75.46948,baja,2023-05-28 01:00:00,baja,baja,flujo,Girardota,San Andrés,,66,114.2,65.5,8,,,,
54,6.41638,-75.47123,baja,2023-05-28 01:00:00,baja,baja,flujo,Girardota,San Andrés,,66,114.2,65.5,8,,,,
55,6.252408124,-75.630567262,baja,2022-09-16 15:00:00,baja,baja,deslizamiento,Medellín,Altavista,,53,50.5,30.5,7,,,,
56,6.09026,-75.655115,baja,2023-11-15 06:00:00,baja,baja,flujo,Caldas,La Valeria,,515,76.7,39.6,5,hay otro evento antes,30.9,71.6,6.0
57,6.091019,-75.655996,baja,2023-11-15 06:00:00,baja,baja,flujo,Caldas,La Valeria,,515,76.7,39.6,5,hay otro evento antes,30.9,71.6,6.0
58,6.093406,-75.657458,baja,2023-11-15 06:00:00,baja,baja,flujo,Caldas,La Valeria,,515,76.7,39.6,5,hay otro evento antes,30.9,71.6,6.0
59,6.090761,-75.625723,baja,2023-11-15 05:00:00,baja,baja,flujo,Caldas,Andalucia,,432,76.9,47.2,6,hay otro evento antes,59.1,71.1,5.0
60,6.144733,-75.638184,baja,2024-05-09 14:00:00,baja,baja,flujo,La Estrella,Himalaya,,266,19.7,7.6,7,,,,
61,6.135043,-75.646801,baja,2024-05-09 12:00:00,baja,baja,flujo,La Estrella,Pueblo Viejo,,62,44.4,31,7,,,,
62,6.04335,-75.66261,baja,2024-05-09 16:00:00,baja,baja,deslizamiento,Caldas,Peaje,,383,40.1,72.1,6,hay otro evento antes,49.3,35.1,7.0
63,6.36321,-75.59663,baja,2024-05-02 06:00:00,baja,baja,deslizamiento,Bello,Represa La García,,51,165.2,97.5,9,,,,
64,6.25864,-75.69591,alta,2022-10-23 20:00:00,media,media,,Medellín,San Antonio de Prado,,3,50.8,68.1,6,,,,
65,6.04335,-75.66261,baja,2024-05-29 09:00:00,media,media,deslizamiento,Caldas,Peaje,,383,38.2,73.7,6,,,,
66,6.27316,-75.615728,baja,2024-06-28 07:00:00,baja,baja,flujo,Medellín,San Cristóbal,Vallejuelos,456,49.4,34.5,8,,,,
67,6.295127,-75.531569,baja,2024-07-04 17:00:00,baja,baja,flujo,Bello,Granizal,,274,11.9,8.1,8,,,,
68,6.273236,-75615528.0,baja,2024-11-19 15:00:00,baja,baja,flujo,Medellín,San Cristóbal,Vallejuelos,456,2025-05-29 00:00:00,79.8,1,,,,
69,6.204329,-75.667531,baja,2024-11-19 15:00:00,baja,baja,flujo,Medellín,San Antonio de Prado,El Salado,18,30,85.3,2025-05-01 00:00:00,,,,
70,6.23764,-75.510582,baja,2024-11-22 23:00:00,baja,baja,flujo,Medellín,Santa Elena,Media Luna,42,2025-08-26 00:00:00,2025-04-26 00:00:00,4,,,,
71,6.190766,-75.66048,baja,2025-04-06 18:00:00,baja,baja,flujo,Medellín,San Antonio de Prado,El Salado,418,18.8,22.9,4,,,,
72,6.15343,-75.6591,baja,2025-04-11 06:00:00,baja,baja,deslizamiento,La Estrella,Tierra Amarilla,,519,47.6,22.9,12,,,,
73,6.2486,-75.69432,baja,2025-04-11 08:00:00,baja,baja,flujo,Medellín,San Antonio de Prado,El Salado,3,67.6,42.7,12,,,,
74,6.0394,-75.61774,baja,2025-04-11 08:00:00,baja,baja,flujo,Caldas,Salada,,57,99.3,37.1,14,,,,
75,6.22055,-75.63255,baja,2025-04-29 08:00:00,baja,baja,flujo,Medellín,Altavista,,1,59.4,51.8,4,,,,
76,6.2156,-75.63094,baja,2025-04-29 08:00:00,baja,baja,flujo,Medellín,Altavista,,1,59.4,51.8,4,,,,
77,6.2128,-75.62559,baja,2025-04-29 08:00:00,baja,baja,flujo,Medellín,Altavista,,1,59.4,51.8,4,,,,
78,6.21003,-75.64077,baja,2025-04-29 08:00:00,baja,baja,flujo,Medellín,Altavista,,1,59.4,51.8,4,,,,
79,6.21363,-75.64625,baja,2025-04-29 08:00:00,baja,baja,flujo,Medellín,Altavista,,1,59.4,51.8,4,,,,
80,6.21408,-75.64628,baja,2025-04-29 08:00:00,baja,baja,flujo,Medellín,Altavista,,1,59.4,51.8,4,,,,
81,6.21763,-75.65198,baja,2025-04-29 08:00:00,baja,baja,flujo,Medellín,Altavista,,1,59.4,51.8,4,,,,
82,6.21008,-75.64195,baja,2025-04-29 08:00:00,baja,baja,flujo,Medellín,Altavista,,1,59.4,51.8,4,,,,
83,6.21339,-75.6425,baja,2025-04-29 08:00:00,baja,baja,flujo,Medellín,Altavista,,1,59.4,51.8,4,,,,
84,6.21491,-75.64097,baja,2025-04-29 08:00:00,baja,baja,flujo,Medellín,Altavista,,1,59.4,51.8,4,,,,
85,6.21309,-75.6377,baja,2025-04-29 08:00:00,baja,baja,flujo,Medellín,Altavista,,1,59.4,51.8,4,,,,
86,6.21389,-75.63817,baja,2025-04-29 08:00:00,baja,baja,flujo,Medellín,Altavista,,1,59.4,51.8,4,,,,
87,6.21466,-75.63702,baja,2025-04-29 08:00:00,baja,baja,flujo,Medellín,Altavista,,1,59.4,51.8,4,,,,
88,6.21568,-75.63805,baja,2025-04-29 08:00:00,baja,baja,flujo,Medellín,Altavista,,1,59.4,51.8,4,,,,
89,6.2158,-75.64062,baja,2025-04-29 08:00:00,baja,baja,flujo,Medellín,Altavista,,1,59.4,51.8,4,,,,
90,6.21645,-75.6424,baja,2025-04-29 08:00:00,baja,baja,flujo,Medellín,Altavista,,1,59.4,51.8,4,,,,
91,6.2166,-75.64555,baja,2025-04-29 08:00:00,baja,baja,flujo,Medellín,Altavista,,1,59.4,51.8,4,,,,
92,6.21279,-75.63602,baja,2025-04-29 08:00:00,baja,baja,flujo,Medellín,Altavista,,1,59.4,51.8,4,,,,
93,6.22534,-75.6445,baja,2025-04-29 08:00:00,baja,baja,flujo,Medellín,Altavista,,1,59.4,51.8,4,,,,
94,6.22671,-75.64353,baja,2025-04-29 08:00:00,baja,baja,flujo,Medellín,Altavista,,1,59.4,51.8,4,,,,
95,6.22531,-75.64295,baja,2025-04-29 08:00:00,baja,baja,flujo,Medellín,Altavista,,1,59.4,51.8,4,,,,
96,6.21023,-75.62711,baja,2025-04-29 08:00:00,baja,baja,flujo,Medellín,Altavista,,1,59.4,51.8,4,,,,
97,6.1793759,-75.6215912,baja,2025-05-05 04:00:00,baja,baja,flujo,Itaguí,Olivares,,19,108.8,111.3,6,,,,
98,6.1765024,-75.6229235,baja,2025-05-05 04:00:00,baja,baja,flujo,Itaguí,Olivares,,19,108.8,111.3,6,,,,
99,6.1758227,-75.6194946,baja,2025-05-05 04:00:00,baja,baja,flujo,Itaguí,Olivares,,19,108.8,111.3,6,,,,
100,6.175357,-75.6199013,baja,2025-05-05 04:00:00,baja,baja,flujo,Itaguí,Olivares,,19,108.8,111.3,6,,,,
101,6.1757933,-75.6197104,baja,2025-05-05 04:00:00,baja,baja,flujo,Itaguí,Olivares,,19,108.8,111.3,6,,,,
102,6.177984,-75.6206542,baja,2025-05-05 04:00:00,baja,baja,flujo,Itaguí,Olivares,,19,108.8,111.3,6,,,,
103,6.1788245,-75.62091,baja,2025-05-05 04:00:00,baja,baja,flujo,Itaguí,Olivares,,19,108.8,111.3,6,,,,
104,6.1808021,-75.6228737,baja,2025-05-05 04:00:00,baja,baja,flujo,Itaguí,Olivares,,19,108.8,111.3,6,,,,
105,6.1779912,-75.6235303,baja,2025-05-05 04:00:00,baja,baja,flujo,Itaguí,La María,,19,108.8,111.3,6,,,,
106,6.1793192,-75.6239865,baja,2025-05-05 04:00:00,baja,baja,flujo,Itaguí,La María,,19,108.8,111.3,6,,,,
107,6.1823315,-75.616722,baja,2025-05-05 04:00:00,baja,baja,flujo,Itaguí,El Pedregal,,19,108.8,111.3,6,,,,
108,6.1823496,-75.616335,baja,2025-05-05 04:00:00,baja,baja,flujo,Itaguí,El Pedregal,,19,108.8,111.3,6,,,,
109,6.1778986,-75.6186444,baja,2025-05-05 04:00:00,baja,baja,flujo,Itaguí,La Unión,,19,108.8,111.3,6,,,,
110,6.1790193,-75.6284037,baja,2025-05-05 04:00:00,baja,baja,flujo,Itaguí,La María,,19,108.8,111.3,6,,,,
111,6.182136,-75.6178516,baja,2025-05-05 04:00:00,baja,baja,flujo,Itaguí,El Pedregal,,19,108.8,111.3,6,,,,
112,6.1761254,-75.6232654,baja,2025-05-05 04:00:00,baja,baja,flujo,Itaguí,Olivares,,19,108.8,111.3,6,,,,
113,6.1778091,-75.6204459,baja,2025-05-05 04:00:00,baja,baja,flujo,Itaguí,Olivares,,19,108.8,111.3,6,,,,
114,6.1799149,-75.6211484,baja,2025-05-05 04:00:00,baja,baja,flujo,Itaguí,Olivares,,19,108.8,111.3,6,,,,
115,6.1797233,-75.6234618,baja,2025-05-05 04:00:00,baja,baja,flujo,Itaguí,Olivares,,19,108.8,111.3,6,,,,
116,6.1775527,-75.6202252,baja,2025-05-05 04:00:00,baja,baja,flujo,Itaguí,Olivares,,19,108.8,111.3,6,,,,
117,6.1771352,-75.6206321,baja,2025-05-05 04:00:00,baja,baja,flujo,Itaguí,Olivares,,19,108.8,111.3,6,,,,
118,6.1767975,-75.6196912,baja,2025-05-05 04:00:00,baja,baja,flujo,Itaguí,Olivares,,19,108.8,111.3,6,,,,
119,6.1766993,-75.6209191,baja,2025-05-05 04:00:00,baja,baja,flujo,Itaguí,Olivares,,19,108.8,111.3,6,,,,
120,6.1762227,-75.6199781,baja,2025-05-05 04:00:00,baja,baja,flujo,Itaguí,Olivares,,19,108.8,111.3,6,,,,
121,6.1771291,-75.6229567,baja,2025-05-05 04:00:00,baja,baja,flujo,Itaguí,Olivares,,19,108.8,111.3,6,,,,
122,6.37345,-75.56866,baja,2025-05-05 08:00:00,baja,baja,flujo,Bello,Chachafruto,,295,36.9,51.8,10,,,,
123,6.317393,-75.531744,baja,2025-05-06 04:00:00,baja,baja,flujo,Bello,Granizal,,70,41.9,25.4,8,,,,
124,6.183183,-75.548383,baja,2025-05-06 14:00:00,baja,baja,flujo,Medellín,Las Palmas,"deslizamiento de tierra en el sector del Poblado en la loma de los Balsos, cerca a las Palmas. La vía está completamente cerrada.",787,87,45.7,8,,,,
125,6.141191,-75.606534,baja,2025-05-08 18:00:00,baja,baja,deslizamiento,Sabaneta,San Isidro,El Hoyo,65,78.2,111.8,3,,,,
126,6.4056276,-75.4875739,baja,2025-05-22 06:00:00,baja,baja,flujo,Copacabana,El Zarzal,,127,28.7,27.9,9,,,,
127,6.295777,-75.527151,baja,2025-06-24 06:00:00,baja,baja,flujo,Bello,Granizal,El Pinar,274,70.4,109.7,2,,,,
