modelo,n_obs,n_train,n_test,threshold,auc,ap,f1,bacc,tp,tn,fp,fn,recall,precision,pofd,hk,mc_id
GAM,1269,888,381,0.5,0.9782318699975746,0.9651690203207769,0.882562277580071,0.9177783167596409,124,224,24,9,0.9323308270676691,0.8378378378378378,0.0967741935483871,0.835556633519282,0
Logit,1269,888,381,0.5,0.9765037593984962,0.9628004276993924,0.8707482993197277,0.9146707494542808,128,215,33,5,0.9624060150375939,0.7950310559006211,0.13306451612903225,0.8293414989085617,0
RandomForest,1269,888,381,0.5,0.9824157167111327,0.9710983263722518,0.8978102189781022,0.9261156924569488,123,230,18,10,0.924812030075188,0.8723404255319149,0.07258064516129033,0.8522313849138976,0
GAM,1269,888,381,0.5,0.9886914867814698,0.9822897375260494,0.9288389513108615,0.9460041232112539,124,238,10,9,0.9323308270676691,0.9253731343283582,0.04032258064516129,0.8920082464225079,1
Logit,1269,888,381,0.5,0.9865389279650739,0.9789191703365027,0.9163636363636363,0.9414261460101867,126,232,16,7,0.9473684210526315,0.8873239436619719,0.06451612903225806,0.8828522920203734,1
RandomForest,1269,888,381,0.5,0.9896010186757215,0.9820121985444966,0.917910447761194,0.9382124666504972,123,236,12,10,0.924812030075188,0.9111111111111111,0.04838709677419355,0.8764249333009945,1
GAM,1275,892,383,0.5,0.9859248120300752,0.978502381733351,0.9288389513108615,0.9461654135338345,124,240,10,9,0.9323308270676691,0.9253731343283582,0.04,0.8923308270676691,2
Logit,1275,892,383,0.5,0.9850526315789474,0.9769136369745995,0.9025270758122743,0.9319248120300752,125,231,19,8,0.9398496240601504,0.8680555555555556,0.076,0.8638496240601504,2
RandomForest,1275,892,383,0.5,0.9876090225563909,0.9790410294280816,0.9172932330827067,0.9366466165413534,122,239,11,11,0.9172932330827067,0.9172932330827067,0.044,0.8732932330827067,2
GAM,1267,886,381,0.5,0.9833222551211553,0.972773267998847,0.929889298892989,0.9478820472536105,126,236,11,8,0.9402985074626866,0.9197080291970803,0.044534412955465584,0.895764094507221,3
Logit,1267,886,381,0.5,0.9831711885914557,0.9723654744505171,0.8992805755395685,0.9279563719862227,125,228,19,9,0.9328358208955224,0.8680555555555556,0.07692307692307693,0.8559127439724454,3
RandomForest,1267,886,381,0.5,0.9843192942171732,0.9682688724081701,0.915129151291513,0.9363707776904948,124,234,13,10,0.9253731343283582,0.9051094890510949,0.05263157894736842,0.8727415553809899,3
GAM,1252,876,376,0.5,0.9818682508740988,0.9729469175643058,0.9277566539923955,0.9421857111915591,122,235,8,11,0.9172932330827067,0.9384615384615385,0.03292181069958848,0.8843714223831183,4
Logit,1252,876,376,0.5,0.9828274389677898,0.9727255953330078,0.8985507246376812,0.9270707633280733,124,224,19,9,0.9323308270676691,0.8671328671328671,0.07818930041152264,0.8541415266561465,4
RandomForest,1252,876,376,0.5,0.9891085739038955,0.9823955580141313,0.9328358208955223,0.9493486803428324,125,233,10,8,0.9398496240601504,0.9259259259259259,0.0411522633744856,0.8986973606856647,4
