modelo,n_obs,n_train,n_test,threshold,auc,ap,f1,bacc,tp,tn,fp,fn,recall,precision,pofd,hk,best_lam,mc_id
GAM,1165,815,350,0.5,0.9476127320954907,0.9357614146433796,0.8660714285714286,0.8945991747715885,97,223,11,19,0.8362068965517241,0.8981481481481481,0.04700854700854701,0.7891983495431771,1.0,0
Logit,1165,815,350,0.5,0.944665487768936,0.9294701392729371,0.8489795918367347,0.8948570586501621,104,209,25,12,0.896551724137931,0.8062015503875969,0.10683760683760683,0.7897141173003243,,0
RandomForest,1165,815,350,0.5,0.9545019157088123,0.9359544060796067,0.853658536585366,0.8991674034777484,105,209,25,11,0.9051724137931034,0.8076923076923077,0.10683760683760683,0.7983348069554966,,0
GAM,1151,805,346,0.5,0.9532983508245877,0.9368090689071986,0.8818181818181818,0.9028860569715143,97,223,7,19,0.8362068965517241,0.9326923076923077,0.030434782608695653,0.8057721139430284,1.0,1
Logit,1151,805,346,0.5,0.9482383808095952,0.928019138236071,0.865546218487395,0.9026611694152924,103,211,19,13,0.8879310344827587,0.8442622950819673,0.08260869565217391,0.8053223388305848,,1
RandomForest,1151,805,346,0.5,0.956446776611694,0.9409258770940471,0.8974358974358974,0.9243253373313343,105,217,13,11,0.9051724137931034,0.8898305084745762,0.05652173913043478,0.8486506746626686,,1
GAM,1167,816,351,0.5,0.9531181217901689,0.9371107723410993,0.8699551569506727,0.8968268525311812,97,225,10,19,0.8362068965517241,0.9065420560747663,0.0425531914893617,0.7936537050623624,1.0,2
Logit,1167,816,351,0.5,0.9483125458547322,0.9296402956523144,0.8666666666666666,0.9057226705796038,104,215,20,12,0.896551724137931,0.8387096774193549,0.0851063829787234,0.8114453411592076,,2
RandomForest,1167,816,351,0.5,0.9580337490829054,0.9427523075593873,0.8860759493670886,0.9185436537050624,105,219,16,11,0.9051724137931034,0.8677685950413223,0.06808510638297872,0.8370873074101247,,2
GAM,1183,828,355,0.5,0.966022219016015,0.9532448692927857,0.8928571428571429,0.9142980810849806,100,231,8,16,0.8620689655172413,0.9259259259259259,0.03347280334728033,0.828596162169961,1.0,3
Logit,1183,828,355,0.5,0.9653729620545376,0.9507755363715034,0.8851063829787235,0.9168951089308902,104,224,15,12,0.896551724137931,0.8739495798319328,0.06276150627615062,0.8337902178617804,,3
RandomForest,1183,828,355,0.5,0.9717933920069254,0.9570220455833067,0.8898305084745763,0.9212054537584764,105,224,15,11,0.9051724137931034,0.875,0.06276150627615062,0.8424109075169528,,3
GAM,1171,819,352,0.5,0.9480201636469902,0.9329843194979123,0.868421052631579,0.8991817650496785,99,223,13,17,0.853448275862069,0.8839285714285714,0.05508474576271186,0.7983635300993571,1.0,4
Logit,1171,819,352,0.5,0.9473261250730567,0.9243128738696653,0.8619246861924686,0.9015926358854471,103,216,20,13,0.8879310344827587,0.8373983739837398,0.0847457627118644,0.8031852717708943,,4
RandomForest,1171,819,352,0.5,0.954156925774401,0.9364144861032865,0.8333333333333334,0.880187025131502,100,212,24,16,0.8620689655172413,0.8064516129032258,0.1016949152542373,0.7603740502630041,,4
GAM,1175,822,353,0.5,0.9480939909791939,0.9334964327654484,0.8646288209606987,0.8971882729521315,99,223,14,17,0.853448275862069,0.8761061946902655,0.05907172995780591,0.7943765459042631,1.0,5
Logit,1175,822,353,0.5,0.9456205441583007,0.9298955957935353,0.8595041322314049,0.9018623599592609,104,215,22,12,0.896551724137931,0.8253968253968254,0.09282700421940929,0.8037247199185218,,5
RandomForest,1175,822,353,0.5,0.9527498908773461,0.9347540850545533,0.8582995951417004,0.9041539356903827,106,212,25,10,0.9137931034482759,0.8091603053435115,0.10548523206751055,0.8083078713807653,,5
GAM,1156,809,347,0.5,0.9569711897298103,0.9437602883836542,0.8744588744588744,0.9050417972831766,101,217,14,15,0.8706896551724138,0.8782608695652174,0.06060606060606061,0.8100835945663531,5.62341325190349,6
Logit,1156,809,347,0.5,0.9521943573667712,0.9442888146208591,0.8548387096774194,0.9006194954470816,106,205,26,10,0.9137931034482759,0.803030303030303,0.11255411255411256,0.8012389908941634,,6
RandomForest,1156,809,347,0.5,0.9627556351694284,0.9531658598396016,0.8744939271255061,0.9157336915957606,108,208,23,8,0.9310344827586207,0.8244274809160306,0.09956709956709957,0.8314673831915211,,6
GAM,1182,827,355,0.5,0.9601067667003318,0.9394977454793847,0.8622222222222222,0.8929988457654018,97,227,12,19,0.8362068965517241,0.8899082568807339,0.0502092050209205,0.7859976915308036,1.0,7
Logit,1182,827,355,0.5,0.958411484634252,0.9336640564338636,0.8535564853556484,0.8957221180204877,102,218,21,14,0.8793103448275862,0.8292682926829268,0.08786610878661087,0.7914442360409754,,7
RandomForest,1182,827,355,0.5,0.9677896407444814,0.9515366176359573,0.8991596638655462,0.9298261434136488,107,224,15,9,0.9224137931034483,0.8770491803278688,0.06276150627615062,0.8596522868272977,,7
GAM,1181,826,355,0.5,0.9610806521425479,0.9405108660593818,0.8849557522123893,0.9101139806665705,100,229,10,16,0.8620689655172413,0.9090909090909091,0.04184100418410042,0.8202279613331409,1.0,8
Logit,1181,826,355,0.5,0.9597821382195931,0.9378043250107013,0.8702928870292886,0.9085269080940701,104,220,19,12,0.896551724137931,0.8455284552845529,0.0794979079497908,0.8170538161881402,,8
RandomForest,1181,826,355,0.5,0.9666714759774924,0.9495116755933317,0.8879310344827587,0.916768864521714,103,226,13,13,0.8879310344827587,0.8879310344827587,0.05439330543933055,0.8335377290434282,,8
GAM,1186,830,356,0.5,0.9536278735632184,0.9341428877072134,0.8412017167381974,0.8828304597701149,98,221,19,18,0.8448275862068966,0.8376068376068376,0.07916666666666666,0.76566091954023,1.0,9
Logit,1186,830,356,0.5,0.9529094827586206,0.93065068029123,0.8292682926829268,0.8813218390804598,102,212,28,14,0.8793103448275862,0.7846153846153846,0.11666666666666667,0.7626436781609195,,9
RandomForest,1186,830,356,0.5,0.9626436781609196,0.9442771327597927,0.848,0.8985632183908046,106,212,28,10,0.9137931034482759,0.7910447761194029,0.11666666666666667,0.7971264367816092,,9
GAM,1169,818,351,0.5,0.9417094644167278,0.909240718009305,0.825531914893617,0.8712949376375642,97,213,22,19,0.8362068965517241,0.8151260504201681,0.09361702127659574,0.7425898752751283,5.62341325190349,10
Logit,1169,818,351,0.5,0.9407556859867938,0.91236591776043,0.8078431372549019,0.8673697725605283,103,199,36,13,0.8879310344827587,0.7410071942446043,0.15319148936170213,0.7347395451210565,,10
RandomForest,1169,818,351,0.5,0.9526412325752017,0.9305344819965264,0.8326530612244898,0.8822083639031548,102,208,27,14,0.8793103448275862,0.7906976744186046,0.1148936170212766,0.7644167278063096,,10
GAM,1167,816,351,0.5,0.9485326485693323,0.9356401346157782,0.8820960698689956,0.9098129126925899,101,223,12,15,0.8706896551724138,0.8938053097345132,0.05106382978723404,0.8196258253851798,1.0,11
Logit,1167,816,351,0.5,0.9488994864269993,0.9335342534541555,0.8455284552845529,0.8929567131327953,104,209,26,12,0.896551724137931,0.8,0.11063829787234042,0.7859134262655907,,11
RandomForest,1167,816,351,0.5,0.9543286867204696,0.9401789892173507,0.8582995951417004,0.9037050623624359,106,210,25,10,0.9137931034482759,0.8091603053435115,0.10638297872340426,0.8074101247248716,,11
GAM,1173,821,352,0.5,0.9535724722384571,0.9377332054829804,0.8859649122807018,0.9120397428404442,101,225,11,15,0.8706896551724138,0.9017857142857143,0.046610169491525424,0.8240794856808884,1.0,12
Logit,1173,821,352,0.5,0.950905902980713,0.9314891657284187,0.8936170212765958,0.9229251899473991,105,222,14,11,0.9051724137931034,0.8823529411764706,0.059322033898305086,0.8458503798947984,,12
RandomForest,1173,821,352,0.5,0.958686440677966,0.9396498615693761,0.869198312236287,0.9058299240210403,103,218,18,13,0.8879310344827587,0.8512396694214877,0.07627118644067797,0.8116598480420807,,12
GAM,1170,819,351,0.5,0.9492296404988995,0.9297038638817788,0.8658008658008657,0.8991195891415994,100,220,15,16,0.8620689655172413,0.8695652173913043,0.06382978723404255,0.7982391782831988,1.0,13
Logit,1170,819,351,0.5,0.9465517241379311,0.926923473852886,0.8306451612903226,0.8822633895818048,103,206,29,13,0.8879310344827587,0.7803030303030303,0.12340425531914893,0.7645267791636098,,13
RandomForest,1170,819,351,0.5,0.9542553191489362,0.9320824121237468,0.8366533864541832,0.8887564196625092,105,205,30,11,0.9051724137931034,0.7777777777777778,0.1276595744680851,0.7775128393250184,,13
GAM,1175,822,353,0.5,0.9598064891604832,0.941359957239557,0.8789237668161435,0.9034264513312964,98,228,9,18,0.8448275862068966,0.9158878504672897,0.0379746835443038,0.8068529026625928,1.0,14
Logit,1175,822,353,0.5,0.9588607594936708,0.9395666309350432,0.8927038626609441,0.9208497017314128,104,224,13,12,0.896551724137931,0.8888888888888888,0.05485232067510549,0.8416994034628256,,14
RandomForest,1175,822,353,0.5,0.9676633202386148,0.9522022806068693,0.8898305084745763,0.9209406372762985,105,222,15,11,0.9051724137931034,0.875,0.06329113924050633,0.8418812745525971,,14
GAM,1162,813,349,0.5,0.9548246263134528,0.9391122611085161,0.8928571428571429,0.9138671007843717,100,225,8,16,0.8620689655172413,0.9259259259259259,0.034334763948497854,0.8277342015687434,5.62341325190349,15
Logit,1162,813,349,0.5,0.9533446795915348,0.9421213148799613,0.8813559322033899,0.9139410981204676,104,217,16,12,0.896551724137931,0.8666666666666667,0.06866952789699571,0.8278821962409353,,15
RandomForest,1162,813,349,0.5,0.9631123279561936,0.9534062573378953,0.888888888888889,0.91823294361403,104,219,14,12,0.896551724137931,0.8813559322033898,0.060085836909871244,0.8364658872280598,,15
GAM,1169,818,351,0.5,0.9531548055759355,0.9360937867618623,0.8672566371681416,0.8968818782098313,98,223,12,18,0.8448275862068966,0.8909090909090909,0.05106382978723404,0.7937637564196626,1.0,16
Logit,1169,818,351,0.5,0.9511005135730007,0.9325866030988674,0.8559670781893004,0.8993396918561996,104,212,23,12,0.896551724137931,0.8188976377952756,0.09787234042553192,0.7986793837123991,,16
RandomForest,1169,818,351,0.5,0.9595377842993398,0.9350169513409974,0.8728813559322035,0.9077953044754219,103,218,17,13,0.8879310344827587,0.8583333333333333,0.07234042553191489,0.8155906089508438,,16
GAM,1186,830,356,0.5,0.965014367816092,0.934103736711331,0.8660714285714286,0.8951867816091954,97,229,11,19,0.8362068965517241,0.8981481481481481,0.04583333333333333,0.7903735632183908,1.0,17
Logit,1186,830,356,0.5,0.9644396551724137,0.9314992541388296,0.8680851063829788,0.9042385057471265,102,223,17,14,0.8793103448275862,0.8571428571428571,0.07083333333333333,0.8084770114942529,,17
RandomForest,1186,830,356,0.5,0.9698635057471264,0.9467488947316113,0.8680851063829788,0.9042385057471265,102,223,17,14,0.8793103448275862,0.8571428571428571,0.07083333333333333,0.8084770114942529,,17
GAM,1179,825,354,0.5,0.962148652564474,0.9444948981488103,0.8738738738738739,0.899195885250652,97,229,9,19,0.8362068965517241,0.9150943396226415,0.037815126050420166,0.7983917705013039,1.0,18
Logit,1179,825,354,0.5,0.9604824688496089,0.9417400517781538,0.8595041322314049,0.9020573746740075,104,216,22,12,0.896551724137931,0.8253968253968254,0.09243697478991597,0.8041147493480151,,18
RandomForest,1179,825,354,0.5,0.967436974789916,0.949338490887428,0.8760330578512397,0.9148797450014489,106,218,20,10,0.9137931034482759,0.8412698412698413,0.08403361344537816,0.8297594900028977,,18
GAM,1172,820,352,0.5,0.9561294564582117,0.9278330406357208,0.8648648648648648,0.8926066627703098,96,226,10,20,0.8275862068965517,0.9056603773584906,0.0423728813559322,0.7852133255406195,1.0,19
Logit,1172,820,352,0.5,0.9544491525423728,0.9183225053112168,0.8851063829787235,0.9164962010520163,104,221,15,12,0.896551724137931,0.8739495798319328,0.0635593220338983,0.8329924021040327,,19
RandomForest,1172,820,352,0.5,0.9619374634716541,0.9394000234622224,0.8739495798319327,0.9101402688486265,104,218,18,12,0.896551724137931,0.8524590163934426,0.07627118644067797,0.8202805376972531,,19
GAM,1173,821,352,0.5,0.9549970777323202,0.939167194255814,0.8918918918918919,0.9118936294564581,99,229,7,17,0.853448275862069,0.9339622641509434,0.029661016949152543,0.8237872589129164,1.0,20
Logit,1173,821,352,0.5,0.9533533021624782,0.9346424243762799,0.8619246861924686,0.9015926358854471,103,216,20,13,0.8879310344827587,0.8373983739837398,0.0847457627118644,0.8031852717708943,,20
RandomForest,1173,821,352,0.5,0.9580289304500292,0.9392349567529683,0.8666666666666666,0.9059029807130333,104,216,20,12,0.896551724137931,0.8387096774193549,0.0847457627118644,0.8118059614260666,,20
GAM,1168,817,351,0.5,0.9500366837857668,0.9140353294366672,0.8820960698689956,0.9098129126925899,101,223,12,15,0.8706896551724138,0.8938053097345132,0.05106382978723404,0.8196258253851798,1.0,21
Logit,1168,817,351,0.5,0.948349229640499,0.8999484444029842,0.8688524590163935,0.9100880410858401,106,213,22,10,0.9137931034482759,0.828125,0.09361702127659574,0.8201760821716801,,21
RandomForest,1168,817,351,0.5,0.9585840058694056,0.9437007912115809,0.8641975308641975,0.9057776962582538,105,213,22,11,0.9051724137931034,0.8267716535433071,0.09361702127659574,0.8115553925165077,,21
GAM,1175,822,353,0.5,0.9531500072748436,0.9373905324643692,0.8646288209606987,0.8971882729521315,99,223,14,17,0.853448275862069,0.8761061946902655,0.05907172995780591,0.7943765459042631,1.0,22
Logit,1175,822,353,0.5,0.9490397206460061,0.9283029592722135,0.8500000000000001,0.8932416703040884,102,215,22,14,0.8793103448275862,0.8225806451612904,0.09282700421940929,0.7864833406081769,,22
RandomForest,1175,822,353,0.5,0.958642514185945,0.9398915031114676,0.8851063829787235,0.9166302924487124,104,222,15,12,0.896551724137931,0.8739495798319328,0.06329113924050633,0.8332605848974247,,22
GAM,1179,825,354,0.5,0.9596131556070704,0.9297850117016733,0.8831168831168832,0.9123442480440451,102,225,13,14,0.8793103448275862,0.8869565217391304,0.0546218487394958,0.8246884960880904,1.0,23
Logit,1179,825,354,0.5,0.9585265140538974,0.924753239522234,0.8666666666666666,0.9062590553462764,104,218,20,12,0.896551724137931,0.8387096774193549,0.08403361344537816,0.8125181106925529,,23
RandomForest,1179,825,354,0.5,0.9689220515792524,0.9523486060928407,0.8724279835390947,0.9127789046653144,106,217,21,10,0.9137931034482759,0.8346456692913385,0.08823529411764706,0.8255578093306288,,23
GAM,1166,816,350,0.5,0.9486811081638667,0.921990813871467,0.8559322033898306,0.8947465369879163,101,215,19,15,0.8706896551724138,0.8416666666666667,0.0811965811965812,0.7894930739758326,1.0,24
Logit,1166,816,350,0.5,0.9468759210138521,0.9198258942238746,0.8455284552845529,0.89272030651341,104,208,26,12,0.896551724137931,0.8,0.1111111111111111,0.7854406130268199,,24
RandomForest,1166,816,350,0.5,0.9532124963159446,0.9320506836907609,0.8677685950413223,0.9077144120247569,105,213,21,11,0.9051724137931034,0.8333333333333334,0.08974358974358974,0.8154288240495137,,24
GAM,1164,814,350,0.5,0.9410919540229885,0.9240077112358926,0.8384279475982533,0.8774683171234896,96,217,17,20,0.8275862068965517,0.8495575221238938,0.07264957264957266,0.7549366342469791,1.0,25
Logit,1164,814,350,0.5,0.9394709696433834,0.918355066699728,0.8512396694214875,0.8948202180960803,103,211,23,13,0.8879310344827587,0.8174603174603174,0.09829059829059829,0.7896404361921604,,25
RandomForest,1164,814,350,0.5,0.949049513704686,0.9317406406440146,0.834008097165992,0.8841364574123195,103,206,28,13,0.8879310344827587,0.7862595419847328,0.11965811965811966,0.768272914824639,,25
GAM,1178,824,354,0.5,0.9609533468559838,0.9357107538984798,0.8622222222222222,0.8928933642422485,97,226,12,19,0.8362068965517241,0.8899082568807339,0.05042016806722689,0.7857867284844972,1.0,26
Logit,1178,824,354,0.5,0.960446247464503,0.9342552501449857,0.869198312236287,0.9061503911909592,103,220,18,13,0.8879310344827587,0.8512396694214877,0.07563025210084033,0.8123007823819184,,26
RandomForest,1178,824,354,0.5,0.9649739206027239,0.9332582836791753,0.8927038626609441,0.9209649376992176,104,225,13,12,0.896551724137931,0.8888888888888888,0.0546218487394958,0.8419298753984352,,26
GAM,1166,816,350,0.5,0.9534335396404362,0.936938507315718,0.8648648648648648,0.8924255820807545,96,224,10,20,0.8275862068965517,0.9056603773584906,0.042735042735042736,0.784851164161509,1.0,27
Logit,1166,816,350,0.5,0.9505968169761273,0.9318546053398226,0.8583333333333333,0.8990937223695845,103,213,21,13,0.8879310344827587,0.8306451612903226,0.08974358974358974,0.7981874447391689,,27
RandomForest,1166,816,350,0.5,0.957964927792514,0.9457222308393775,0.875,0.9119879162982611,105,215,19,11,0.9051724137931034,0.8467741935483871,0.0811965811965812,0.8239758325965222,,27
GAM,1161,812,349,0.5,0.9409871244635193,0.8935695837868659,0.8620689655172413,0.8966997188101228,100,217,16,16,0.8620689655172413,0.8620689655172413,0.06866952789699571,0.7933994376202456,1.0,28
Logit,1161,812,349,0.5,0.9370652656504365,0.8844988763259156,0.8387096774193549,0.8881900251590943,104,205,28,12,0.896551724137931,0.7878787878787878,0.12017167381974249,0.7763800503181886,,28
RandomForest,1161,812,349,0.5,0.9554906023383158,0.938462347209768,0.8429752066115702,0.8881530264910463,102,209,24,14,0.8793103448275862,0.8095238095238095,0.10300429184549356,0.7763060529820927,,28
GAM,1170,819,351,0.5,0.9457079970652972,0.9206007326881492,0.8584070796460176,0.8904438738077769,97,222,13,19,0.8362068965517241,0.8818181818181818,0.05531914893617021,0.7808877476155539,1.0,29
Logit,1170,819,351,0.5,0.9415994130594277,0.9151205179572568,0.8512396694214875,0.8950293470286134,103,212,23,13,0.8879310344827587,0.8174603174603174,0.09787234042553192,0.7900586940572267,,29
RandomForest,1170,819,351,0.5,0.9519442406456345,0.9302728062162832,0.8547717842323651,0.8971570066030814,103,213,22,13,0.8879310344827587,0.824,0.09361702127659574,0.7943140132061629,,29
GAM,1175,822,353,0.5,0.9503128182744071,0.9368037925207189,0.8584070796460176,0.8906772879383094,97,224,13,19,0.8362068965517241,0.8818181818181818,0.05485232067510549,0.7813545758766186,1.0,30
Logit,1175,822,353,0.5,0.9478393714535138,0.9300447274376827,0.8666666666666666,0.9060817692419614,104,217,20,12,0.896551724137931,0.8387096774193549,0.08438818565400844,0.8121635384839226,,30
RandomForest,1175,822,353,0.5,0.9620980648916049,0.9539695915862582,0.8841201716738197,0.9144296522624764,103,223,14,13,0.8879310344827587,0.8803418803418803,0.05907172995780591,0.8288593045249528,,30
GAM,1169,818,351,0.5,0.9528980190755686,0.9361217131681495,0.8660714285714286,0.8946991929567132,97,224,11,19,0.8362068965517241,0.8981481481481481,0.04680851063829787,0.7893983859134263,1.0,31
Logit,1169,818,351,0.5,0.9513573000733675,0.9321689051098467,0.8523206751054853,0.8927916360968452,101,215,20,15,0.8706896551724138,0.8347107438016529,0.0851063829787234,0.7855832721936904,,31
RandomForest,1169,818,351,0.5,0.9561261922230374,0.9360024746050446,0.8512396694214875,0.8950293470286134,103,212,23,13,0.8879310344827587,0.8174603174603174,0.09787234042553192,0.7900586940572267,,31
GAM,1183,828,355,0.5,0.9600346270379455,0.9407613170880689,0.8789237668161435,0.9035853412206031,98,230,9,18,0.8448275862068966,0.9158878504672897,0.03765690376569038,0.8071706824412062,5.62341325190349,32
Logit,1183,828,355,0.5,0.9614774202856731,0.943591860202379,0.888888888888889,0.9189871591400952,104,225,14,12,0.896551724137931,0.8813559322033898,0.058577405857740586,0.8379743182801904,,32
RandomForest,1183,828,355,0.5,0.9708555763959025,0.9550284448307464,0.8776371308016878,0.9127110085124801,104,222,17,12,0.896551724137931,0.859504132231405,0.07112970711297072,0.8254220170249603,,32
GAM,1174,821,353,0.5,0.9540593627237014,0.9303569263320336,0.8738738738738739,0.8991161065037101,97,228,9,19,0.8362068965517241,0.9150943396226415,0.0379746835443038,0.7982322130074203,1.0,33
Logit,1174,821,353,0.5,0.9533318783646152,0.9247686792500313,0.8813559322033899,0.9145205878073621,104,221,16,12,0.896551724137931,0.8666666666666667,0.06751054852320675,0.8290411756147243,,33
RandomForest,1174,821,353,0.5,0.9655899898152189,0.9556955442570322,0.8869565217391304,0.9143387167175905,102,225,12,14,0.8793103448275862,0.8947368421052632,0.05063291139240506,0.8286774334351811,,33
GAM,1176,823,353,0.5,0.9401644114651535,0.9253264668329582,0.8448275862068967,0.8844391095591445,98,219,18,18,0.8448275862068966,0.8448275862068966,0.0759493670886076,0.768878219118289,1.0,34
Logit,1176,823,353,0.5,0.9384911974392551,0.9214293368233587,0.846774193548387,0.895624181580096,105,210,27,11,0.9051724137931034,0.7954545454545454,0.11392405063291139,0.7912483631601921,,34
RandomForest,1176,823,353,0.5,0.9523134002618944,0.936274825433378,0.8442622950819673,0.891222901207624,103,212,25,13,0.8879310344827587,0.8046875,0.10548523206751055,0.7824458024152481,,34
GAM,1155,808,347,0.5,0.9692864606657711,0.9649495675990233,0.91324200913242,0.9245409762651142,100,228,3,16,0.8620689655172413,0.970873786407767,0.012987012987012988,0.8490819525302283,1.0,35
Logit,1155,808,347,0.5,0.9650694133452753,0.9593102582039958,0.887029288702929,0.9201000149276012,106,214,17,10,0.9137931034482759,0.8617886178861789,0.0735930735930736,0.8402000298552024,,35
RandomForest,1155,808,347,0.5,0.97585460516495,0.9705821561989727,0.9198312236286921,0.9438535602328706,109,219,12,7,0.9396551724137931,0.9008264462809917,0.05194805194805195,0.8877071204657412,,35
GAM,1163,814,349,0.5,0.9526047062305756,0.9367421400332174,0.8634361233480176,0.8945167973952938,98,220,13,18,0.8448275862068966,0.8828828828828829,0.055793991416309016,0.7890335947905875,1.0,36
Logit,1163,814,349,0.5,0.9493858221104041,0.9336480994999178,0.8666666666666666,0.9053574071333432,104,213,20,12,0.896551724137931,0.8387096774193549,0.08583690987124463,0.8107148142666865,,36
RandomForest,1163,814,349,0.5,0.9596714518277342,0.9437136706925588,0.8813559322033899,0.9139410981204676,104,217,16,12,0.896551724137931,0.8666666666666667,0.06866952789699571,0.8278821962409353,,36
GAM,1162,813,349,0.5,0.9616323812342755,0.9514574772141596,0.8959276018099547,0.9138486014503477,99,227,6,17,0.853448275862069,0.9428571428571428,0.02575107296137339,0.8276972029006956,5.62341325190349,37
Logit,1162,813,349,0.5,0.9594864584874946,0.9514784993352486,0.8860759493670886,0.9182514429480538,105,217,16,11,0.9051724137931034,0.8677685950413223,0.06866952789699571,0.8365028858961077,,37
RandomForest,1162,813,349,0.5,0.9656652360515021,0.9588827606062498,0.9012875536480686,0.9268351339351784,105,221,12,11,0.9051724137931034,0.8974358974358975,0.05150214592274678,0.8536702678703566,,37
GAM,1177,823,354,0.5,0.9493625036221384,0.9309827548827789,0.853448275862069,0.8910098522167488,99,221,17,17,0.853448275862069,0.853448275862069,0.07142857142857142,0.7820197044334976,1.0,38
Logit,1177,823,354,0.5,0.9454868154158215,0.9252920835447688,0.8249027237354086,0.8833671399594321,106,203,35,10,0.9137931034482759,0.75177304964539,0.14705882352941177,0.7667342799188641,,38
RandomForest,1177,823,354,0.5,0.9450159374094464,0.9227735201471694,0.8366533864541832,0.8895609968125181,105,208,30,11,0.9051724137931034,0.7777777777777778,0.12605042016806722,0.7791219936250362,,38
GAM,1173,821,352,0.5,0.9487872589129165,0.9344141233403889,0.875,0.9012273524254821,98,226,10,18,0.8448275862068966,0.9074074074074074,0.0423728813559322,0.8024547048509644,1.0,39
Logit,1173,821,352,0.5,0.9451344243132671,0.9272504117895276,0.865546218487395,0.9037112799532437,103,217,19,13,0.8879310344827587,0.8442622950819673,0.08050847457627118,0.8074225599064875,,39
RandomForest,1173,821,352,0.5,0.9603667445938048,0.9438159915653729,0.8860759493670886,0.9186879018118059,105,220,16,11,0.9051724137931034,0.8677685950413223,0.06779661016949153,0.8373758036236119,,39
GAM,1172,820,352,0.5,0.9415911747516073,0.928908192161415,0.868421052631579,0.8991817650496785,99,223,13,17,0.853448275862069,0.8839285714285714,0.05508474576271186,0.7983635300993571,1.0,40
Logit,1172,820,352,0.5,0.9400569842197545,0.9258149427600083,0.8320000000000001,0.8847165400350672,104,206,30,12,0.896551724137931,0.7761194029850746,0.1271186440677966,0.7694330800701344,,40
RandomForest,1172,820,352,0.5,0.9517825832846291,0.9373945297478694,0.8524590163934426,0.8974284044418469,104,212,24,12,0.896551724137931,0.8125,0.1016949152542373,0.7948568088836938,,40
GAM,1164,814,350,0.5,0.9447760094311819,0.9260938093261533,0.8620689655172413,0.8968464485705865,100,218,16,16,0.8620689655172413,0.8620689655172413,0.06837606837606838,0.793692897141173,1.0,41
Logit,1164,814,350,0.5,0.9432287061597406,0.9204466160449778,0.853658536585366,0.8991674034777484,105,209,25,11,0.9051724137931034,0.8076923076923077,0.10683760683760683,0.7983348069554966,,41
RandomForest,1164,814,350,0.5,0.9493810786914235,0.9224367663032712,0.860655737704918,0.9034409077512526,105,211,23,11,0.9051724137931034,0.8203125,0.09829059829059829,0.8068818155025052,,41
GAM,1166,816,350,0.5,0.9571912761567933,0.9463371044600474,0.881057268722467,0.9075302092543471,100,223,11,16,0.8620689655172413,0.9009009009009009,0.04700854700854701,0.8150604185086943,1.0,42
Logit,1166,816,350,0.5,0.9571912761567934,0.9466616426991223,0.8776371308016878,0.9119510757441792,104,217,17,12,0.896551724137931,0.859504132231405,0.07264957264957266,0.8239021514883584,,42
RandomForest,1166,816,350,0.5,0.9637857353374595,0.9478467845827316,0.8945147679324894,0.924845269672856,106,219,15,10,0.9137931034482759,0.8760330578512396,0.0641025641025641,0.8496905393457118,,42
GAM,1168,817,351,0.5,0.9561628760088041,0.9408976639077311,0.8648648648648648,0.892516507703595,96,225,10,20,0.8275862068965517,0.9056603773584906,0.0425531914893617,0.7850330154071901,1.0,43
Logit,1168,817,351,0.5,0.9526779163609684,0.9360858717216839,0.864406779661017,0.9013573000733676,102,217,18,14,0.8793103448275862,0.85,0.07659574468085106,0.8027146001467351,,43
RandomForest,1168,817,351,0.5,0.9616287600880411,0.946572882318666,0.875,0.9121606749816581,105,216,19,11,0.9051724137931034,0.8467741935483871,0.08085106382978724,0.8243213499633162,,43
GAM,1173,821,352,0.5,0.9653345996493279,0.9513618060109863,0.9009009009009009,0.9183226183518409,100,230,6,16,0.8620689655172413,0.9433962264150944,0.025423728813559324,0.836645236703682,1.0,44
Logit,1173,821,352,0.5,0.9619374634716541,0.947475641260359,0.9035087719298246,0.9248977206312099,103,227,9,13,0.8879310344827587,0.9196428571428571,0.038135593220338986,0.8497954412624197,,44
RandomForest,1173,821,352,0.5,0.9715809468147282,0.9592658913565361,0.9106382978723405,0.9357831677381648,107,224,12,9,0.9224137931034483,0.8991596638655462,0.05084745762711865,0.8715663354763297,,44
GAM,1178,824,354,0.5,0.9600840336134454,0.9465406225861439,0.8738738738738739,0.899195885250652,97,229,9,19,0.8362068965517241,0.9150943396226415,0.037815126050420166,0.7983917705013039,1.0,45
Logit,1178,824,354,0.5,0.9580918574326281,0.943099007730708,0.865546218487395,0.9040495508548247,103,219,19,13,0.8879310344827587,0.8442622950819673,0.07983193277310924,0.8080991017096495,,45
RandomForest,1178,824,354,0.5,0.9654810199942045,0.9496440031236039,0.8898305084745763,0.9210736018545349,105,223,15,11,0.9051724137931034,0.875,0.06302521008403361,0.8421472037090698,,45
GAM,1181,826,355,0.5,0.9610085124801616,0.9427327705146473,0.8658008658008657,0.8996537296205454,100,224,15,16,0.8620689655172413,0.8695652173913043,0.06276150627615062,0.7993074592410907,1.0,46
Logit,1181,826,355,0.5,0.959565719232434,0.9384290431845351,0.865546218487395,0.9042165632664839,103,220,19,13,0.8879310344827587,0.8442622950819673,0.0794979079497908,0.8084331265329678,,46
RandomForest,1181,826,355,0.5,0.9726951377867552,0.9597335755548547,0.8765957446808511,0.910492713894099,103,223,16,13,0.8879310344827587,0.865546218487395,0.06694560669456066,0.820985427788198,,46
GAM,1185,829,356,0.5,0.9639367816091955,0.9473721674197033,0.8722466960352423,0.9017241379310345,99,228,12,17,0.853448275862069,0.8918918918918919,0.05,0.8034482758620689,1.0,47
Logit,1185,829,356,0.5,0.9638649425287357,0.9444449119041474,0.8559670781893004,0.9003591954022989,104,217,23,12,0.896551724137931,0.8188976377952756,0.09583333333333334,0.8007183908045977,,47
RandomForest,1185,829,356,0.5,0.9639727011494253,0.9432851303608051,0.8641975308641975,0.9067528735632184,105,218,22,11,0.9051724137931034,0.8267716535433071,0.09166666666666666,0.8135057471264368,,47
GAM,1166,816,350,0.5,0.9535440613026821,0.937842949685524,0.8623853211009175,0.8880783966990864,94,226,8,22,0.8103448275862069,0.9215686274509803,0.03418803418803419,0.7761567933981727,1.0,48
Logit,1166,816,350,0.5,0.9522546419098142,0.934704678913061,0.8702928870292886,0.9076775714706748,104,215,19,12,0.896551724137931,0.8455284552845529,0.0811965811965812,0.8153551429413498,,48
RandomForest,1166,816,350,0.5,0.9612068965517242,0.9435528682013766,0.869198312236287,0.9055039787798409,103,216,18,13,0.8879310344827587,0.8512396694214877,0.07692307692307693,0.8110079575596818,,48
GAM,1159,811,348,0.5,0.9487217598097503,0.9319737710323965,0.8596491228070176,0.8922413793103449,98,218,14,18,0.8448275862068966,0.875,0.0603448275862069,0.7844827586206897,1.0,49
Logit,1159,811,348,0.5,0.9435196195005945,0.9213995548167102,0.853658536585366,0.8987068965517242,105,207,25,11,0.9051724137931034,0.8076923076923077,0.10775862068965517,0.7974137931034483,,49
RandomForest,1159,811,348,0.5,0.9593118311533888,0.948209061686821,0.8728813559322035,0.9073275862068966,103,215,17,13,0.8879310344827587,0.8583333333333333,0.07327586206896551,0.8146551724137931,,49
