T_days,P_days,n_obs,median_auc,mean_auc,std_auc
1,9,1369,0.9910415671285236,0.9898285024154589,0.007028794354475606
1,70,1369,0.9910415671285235,0.9900144927536231,0.005919614621748342
1,71,1369,0.9909221213569039,0.9898702818920211,0.005940411051558413
1,67,1369,0.9908026755852843,0.9895572012528534,0.006034926250663063
1,69,1369,0.9908026755852843,0.9896841853798377,0.006017661281659393
1,66,1369,0.9908026755852842,0.9894186441577747,0.006116232239702875
1,72,1369,0.9907522429261559,0.9897288580984234,0.006004516002727987
1,68,1369,0.9905637840420449,0.9895665711100495,0.006011752032062505
1,10,1369,0.9905120242076764,0.9894297924297925,0.006914879361112701
1,8,1369,0.9904761904761905,0.9894628125497692,0.007120830071544382
1,73,1369,0.9904602643733078,0.9896738068694592,0.00601654674289333
1,77,1369,0.9904602643733078,0.9893074534161491,0.006422819946144415
1,11,1369,0.9904443382704252,0.9890161384509212,0.007366943053043396
1,64,1369,0.9904443382704252,0.9891780007432182,0.006155147209965828
1,50,1369,0.9903381642512077,0.9890212878908531,0.006650455527300821
1,65,1369,0.9903248924988055,0.9892093751658969,0.006082743923105964
1,83,1369,0.9902054467271859,0.9885962202049157,0.00689479840821308
1,74,1369,0.9901510325423368,0.9895281095715879,0.006175633246232675
1,78,1369,0.9901510325423368,0.9891433083824387,0.006549171490474647
1,63,1369,0.9900860009555662,0.9890704199182463,0.006055814147835051
1,76,1369,0.9900315867707172,0.989427138079312,0.006198942738523403
1,75,1369,0.9899771725858683,0.9894991240643415,0.006186737386092615
1,47,1369,0.9899665551839465,0.9890140680575463,0.006554438348454437
1,52,1369,0.9899665551839465,0.989226309921962,0.006379647036096767
1,56,1369,0.9898656898656899,0.9890789138397834,0.006164711740028034
1,49,1369,0.9898577268142486,0.9888292190900886,0.006696097801897315
1,51,1369,0.9898471094123268,0.9890420714551149,0.006500897636487862
1,58,1369,0.9898471094123268,0.9889815788076658,0.006098447001495763
1,85,1369,0.9897913680522377,0.9886866008387749,0.006816112261082676
1,84,1369,0.9897913680522377,0.9887469607686998,0.006810994733685938
1,82,1369,0.9897900408769974,0.9886393268567183,0.006955899202686116
1,80,1369,0.9897356266921484,0.9886056166056167,0.00678275781123635
1,48,1369,0.9897356266921484,0.9887820778255562,0.006632156074821171
1,46,1369,0.9897276636407072,0.9889253331209852,0.006554803977876663
1,53,1369,0.9897276636407071,0.9889846047672134,0.006410655284843857
1,55,1369,0.9897276636407071,0.9889449222275308,0.006289612504113915
1,62,1369,0.9897276636407071,0.9887804055847534,0.006173184588729688
1,57,1369,0.9896692679301375,0.9890055741360091,0.006171951010186966
1,34,1369,0.9896161809205287,0.9885561395126612,0.007573283614064962
1,79,1369,0.9896135265700483,0.9888205128205128,0.0066763442817698
1,45,1369,0.9896082178690875,0.9887990922121357,0.006708472538963309
1,61,1369,0.9896082178690875,0.9888837394489568,0.006162505247720299
1,42,1369,0.9894887720974678,0.9887209746774963,0.006907809302947156
1,41,1369,0.9894887720974678,0.9886223124701384,0.00698616317148535
1,60,1369,0.9894887720974677,0.988864601581993,0.006113451512022502
1,33,1369,0.9894887720974677,0.9883708658491268,0.007325987184845125
1,81,1369,0.9894303763868981,0.9885688538514625,0.006862135154965399
1,54,1369,0.9893693263258481,0.9890585549715984,0.006351830836010722
1,86,1369,0.9893693263258481,0.9884592026331157,0.007017826390322568
1,59,1369,0.9893693263258481,0.9888526304613261,0.006170571710052586
1,44,1369,0.9893109306152785,0.9888483835005576,0.006870662971148384
1,39,1369,0.9892498805542284,0.9886567128523651,0.00688738921108335
1,35,1369,0.9892498805542282,0.9885122896427245,0.0071363633549872945
1,38,1369,0.9891330891330892,0.9886727982162763,0.006894496056021556
1,12,1369,0.9891304347826088,0.988506635876201,0.0073473840853583204
1,87,1369,0.9891304347826086,0.9888228221054305,0.006855773299424153
1,13,1369,0.9891304347826086,0.9877259383128947,0.008134750303733408
1,43,1369,0.989010989010989,0.9883435525826829,0.00717381690279393
1,37,1369,0.989010989010989,0.9884789244571853,0.0068809241198584045
1,88,1369,0.988949938949939,0.9885492912884217,0.006987069602497681
1,36,1369,0.9888915432393693,0.9884466210118384,0.0070338360724875645
1,30,1369,0.9886526516961299,0.9870242342198864,0.008094645030928027
1,14,1369,0.9886526516961299,0.9877538355364444,0.007948561543658897
1,89,1369,0.9886473429951691,0.988389950629081,0.007170564305138245
1,31,1369,0.9885332059245102,0.9873580984233159,0.00779734861812423
1,15,1369,0.9884137601528906,0.9880440091309657,0.007545838428136553
1,29,1369,0.9884137601528906,0.9870177841482192,0.00810642143415716
1,40,1369,0.9884137601528906,0.9876438657960397,0.0073977948897442245
1,32,1369,0.9884137601528906,0.9879365875670223,0.00744861579520827
1,22,1369,0.9881748686096512,0.9874618304400913,0.007442147263544158
1,21,1369,0.9880554228380316,0.9875577852099591,0.007397550179936844
1,16,1369,0.9880554228380315,0.9879575834793224,0.007405271131585529
1,28,1369,0.9879359770664119,0.987013271752402,0.008141733987900345
1,23,1369,0.9879227053140096,0.9874194670064235,0.0076496990117392765
1,17,1369,0.9877488453575409,0.9878086478738652,0.007388669730969509
1,19,1369,0.9876970855231726,0.9876333280246324,0.0073097445540961405
1,18,1369,0.9876293995859213,0.9874781812390507,0.007430470253046483
1,20,1369,0.9875776397515528,0.9875453363062059,0.007636355374915594
1,24,1369,0.98743961352657,0.9871193130540956,0.0077999883666227
1,27,1369,0.9872007219833308,0.9864671922280617,0.008389779323335298
1,25,1369,0.9869804108934543,0.9860983171417953,0.008545475397459996
1,26,1369,0.9869804108934543,0.9861072888464193,0.008479172913870781
2,76,1369,0.9859053989488773,0.9850969103360407,0.007663739620338301
2,75,1369,0.9859053989488773,0.9849672984020811,0.007725174780045131
2,69,1369,0.9855868768912246,0.985285608111695,0.008110225813832877
2,70,1369,0.9855470616340182,0.9849783139565748,0.008032221084001647
2,73,1369,0.9853081700907788,0.9849529118224771,0.008058791401847542
2,71,1369,0.985188724319159,0.9850044858523118,0.008009357867065055
2,68,1369,0.9848303870043,0.9849141052184529,0.00807656276076249
2,77,1369,0.9848303870043,0.9844060359929925,0.00792342322828526
2,74,1369,0.9847826086956522,0.9845964325529541,0.00809118643368594
2,67,1369,0.984472049689441,0.9846343366778149,0.008344238259069998
2,72,1369,0.9843526039178212,0.9847972872538091,0.00814664850532029
2,66,1369,0.9839942666029622,0.9842221160482029,0.00833718698885871
2,86,1369,0.9838217338217337,0.9838155757286193,0.008266330448674739
2,64,1369,0.9837553750597228,0.9839862770080161,0.008247289629167188
2,79,1369,0.9837275043796783,0.983798906407602,0.00826434302171098
2,63,1369,0.9837022880501142,0.984175452566757,0.00781178043687991
2,49,1369,0.9836359292881032,0.9838119127249562,0.008023773521374473
2,65,1369,0.9835775335775336,0.9842979508414289,0.007930267929318918
2,78,1369,0.9835456813717682,0.9839255985560333,0.00804104031029381
2,62,1369,0.983452779104953,0.9838886234538409,0.0077378181379276585
2,80,1369,0.9833333333333334,0.9838735467431121,0.008075649980315769
2,8,1369,0.9833054626532888,0.9837586929978233,0.00837268494673511
2,44,1369,0.9833054626532888,0.9834369857195944,0.008356333819973201
2,83,1369,0.9832775919732442,0.9836862292297076,0.008379766821849823
2,43,1369,0.9832775919732442,0.9832426341774169,0.008396660376056448
2,52,1369,0.9832775919732442,0.9839240855762594,0.00795561495873497
2,51,1369,0.9831581462016244,0.983467006423528,0.008111478630841874
2,40,1369,0.983063916759569,0.983790492116579,0.00809941332415955
2,87,1369,0.9829192546583851,0.9831942188246536,0.008659347949338795
2,48,1369,0.9827998088867653,0.9830253490470882,0.008422625871499964
2,41,1369,0.9827055794447099,0.9833918352179222,0.008301507551532018
2,50,1369,0.9826803631151457,0.9833126559430909,0.008230583427006031
2,60,1369,0.9826086956521738,0.9828659022137282,0.008287356530344335
2,9,1369,0.9825834793226098,0.9826017147104105,0.008906416324809364
2,53,1369,0.982560917343526,0.9834157774592556,0.008147573458043504
2,42,1369,0.982560917343526,0.9828296172426606,0.00856830553096549
2,85,1369,0.982560917343526,0.9833450655624568,0.008473729251885654
2,82,1369,0.9824892498805543,0.9835709773318468,0.008347929454326684
2,84,1369,0.9824414715719063,0.9835271009184052,0.008369833084138021
2,81,1369,0.9824414715719063,0.9833387747518182,0.00833544480159609
2,47,1369,0.9824414715719063,0.9827019695280564,0.00858459649494599
2,37,1369,0.9823432606041302,0.9827481817699208,0.008829662177638222
2,56,1369,0.9823220258002867,0.9821634018155757,0.008802580818558335
2,46,1369,0.9823220258002867,0.9831078728035249,0.008528367231063625
2,57,1369,0.9823220258002867,0.9825719859850295,0.00844777651453229
2,61,1369,0.9822477039868345,0.9828949142644795,0.008284372464400737
2,59,1369,0.982202580028667,0.9824759781281521,0.00852868331392793
2,55,1369,0.982202580028667,0.9828320857886077,0.008376430222606965
2,45,1369,0.982202580028667,0.9833084355258269,0.008351779277826205
2,88,1369,0.9819636884854276,0.9828307055263577,0.008631882387082436
2,10,1369,0.981929181929182,0.9827017040930085,0.00878367804509246
2,54,1369,0.981905292774858,0.9824536019536018,0.008673556119361683
2,38,1369,0.9818641503424111,0.9826869193608323,0.00863564307654113
2,58,1369,0.9816451664277752,0.9823515156341243,0.008478870011145641
2,39,1369,0.9816451664277752,0.9824714126453258,0.008943065370826684
2,34,1369,0.981523066305675,0.9813351117481554,0.009592797126115363
2,36,1369,0.9813664596273293,0.9817206826989435,0.009324213772849735
2,33,1369,0.9813664596273292,0.9815020703933748,0.009762236437091532
2,16,1369,0.9812815204119553,0.9809963900833466,0.009466771410793145
2,32,1369,0.9812470138557096,0.9809214577692839,0.00981544228991623
2,12,1369,0.9812470138557094,0.9805957158783248,0.010197737967716931
2,35,1369,0.980952380952381,0.9814828794394014,0.00924440832910728
2,30,1369,0.9808886765408504,0.9809640070074852,0.009478002737297285
2,11,1369,0.980661729574773,0.9810393374741202,0.00920382065318627
2,14,1369,0.9805436109783936,0.9810582895365505,0.009328487617210255
2,31,1369,0.980449381536338,0.9806190476190477,0.009842461464674337
2,13,1369,0.9804228380315336,0.98068657429527,0.009546510337882985
2,28,1369,0.9804108934543717,0.9806945904337211,0.009748044497223707
2,29,1369,0.9803020650846739,0.9807282475978129,0.009625217550812831
2,18,1369,0.9802914476827521,0.9805112544460373,0.009652885652500973
2,15,1369,0.980291447682752,0.9805201199766417,0.009536928547333762
2,17,1369,0.9801812921378139,0.9807384668471623,0.009616374581060915
2,20,1369,0.980072463768116,0.9805065562456866,0.010287029737818804
2,19,1369,0.9800525561395127,0.9804621224186443,0.01027691532447112
2,27,1369,0.979933110367893,0.9804845782237086,0.009470843053678525
2,24,1369,0.9797021818760949,0.9794559377820248,0.010929637939093797
2,26,1369,0.9796942188246536,0.9801088549132027,0.009586922466483754
3,39,1369,0.979574773053034,0.9785474066995806,0.008664916084584758
2,25,1369,0.9794685990338164,0.9792250756489886,0.010479856194278409
2,23,1369,0.9794553272814144,0.9794151669586452,0.010238130432247448
2,22,1369,0.9794553272814142,0.9792473854647769,0.010055338037164067
3,68,1369,0.9793491532621967,0.9790069809417635,0.008304665190901341
3,69,1369,0.9793491532621967,0.9791059351276742,0.008318521560774865
3,75,1369,0.9792270531400966,0.978636088549132,0.008176120944498157
3,73,1369,0.9791129160694378,0.9787073313160269,0.008154602165411886
3,67,1369,0.9790969899665553,0.9785118384031428,0.008017012083434819
3,71,1369,0.9789881615968573,0.9789337474120081,0.008221588533107898
3,74,1369,0.9789801985454158,0.9786115888941977,0.008143821033058914
3,72,1369,0.9789775441949355,0.9789600785687742,0.00814346491931388
3,43,1369,0.9789775441949354,0.9776483251048467,0.008626610425873645
3,84,1369,0.9788660614747571,0.9776882730795776,0.008765599718123327
2,21,1369,0.9788580984233157,0.9800399745182355,0.00977726190427336
3,81,1369,0.9787413070021767,0.9779880554228382,0.008591755915192189
3,85,1369,0.9787386526516961,0.9781523331740724,0.0085294127726993
3,38,1369,0.9786245155810374,0.9776624993364124,0.009020840589632472
3,29,1369,0.9786205340553167,0.9776020597759728,0.008588530410700328
3,40,1369,0.9786205340553167,0.9777189839146361,0.008781537286703292
3,82,1369,0.9786192068800764,0.9778748473748474,0.008588119876654494
3,37,1369,0.9786192068800763,0.9777031639857728,0.008792133653028226
3,83,1369,0.9785050698094176,0.9777480490523969,0.008702675426072448
3,56,1369,0.9784997611084567,0.9776563677868028,0.00842901670416888
3,70,1369,0.9784997611084567,0.9787164357381748,0.008324006843329165
3,36,1369,0.9783829696873174,0.9778959760046716,0.008816443268911713
3,79,1369,0.9783803153368371,0.9778997451823538,0.008596295402427689
3,78,1369,0.9782635239156979,0.9779167595689335,0.008449536024457676
3,66,1369,0.9782608695652175,0.9780974677496417,0.00826709960328142
3,76,1369,0.9782608695652174,0.9781084833041355,0.008296404852861173
3,44,1369,0.9782608695652173,0.9779110261718958,0.008570356004360192
3,77,1369,0.9781414237935978,0.977952221691352,0.008359266425478218
3,51,1369,0.9781414237935977,0.9778592397940222,0.008431819685537335
3,28,1369,0.9781400966183574,0.9777395020438499,0.008425099656229678
3,45,1369,0.9780219780219781,0.9775863194776239,0.00869614625842698
3,63,1369,0.9780219780219781,0.9777526145352232,0.008747626882623283
3,58,1369,0.978021978021978,0.9774246429898603,0.008369490344826052
3,80,1369,0.978021978021978,0.9776887774061689,0.008744621019158148
3,64,1369,0.9779025322503583,0.9778505600679513,0.008683943119434248
3,48,1369,0.9779025322503583,0.9782752561448212,0.008173947336438144
3,42,1369,0.9777830864787387,0.9774856665074058,0.009042382360997497
3,62,1369,0.977663640707119,0.9775831873440569,0.00860738532529052
3,57,1369,0.977663640707119,0.9773314752879972,0.008413776021533733
3,50,1369,0.9776636407071189,0.9777359983012158,0.008701022242301308
3,55,1369,0.9776623135318787,0.9772038806604025,0.008668685501146042
3,87,1369,0.9776609863566386,0.9777421563943304,0.008651573083685913
3,65,1369,0.9775441949354993,0.9777986144290494,0.00862483749528808
3,9,1369,0.9774247491638796,0.9778115411158891,0.009541008160924506
3,41,1369,0.9774247491638796,0.9773879333227158,0.009073551157367186
3,59,1369,0.9774194404629187,0.9772185592185594,0.008422485851163904
3,60,1369,0.97730530339226,0.977512608164782,0.00831994283928805
3,54,1369,0.97730530339226,0.9773567712480756,0.008402902573968302
3,34,1369,0.9773013218665392,0.9774051866008387,0.00849522491140545
3,8,1369,0.9772946859903382,0.9773433136911399,0.00914562486545155
3,47,1369,0.9771858576206403,0.9778277857408291,0.008399274864367914
3,35,1369,0.9771858576206403,0.9772217709826404,0.00877272933473795
3,27,1369,0.9771818760949196,0.977184795880448,0.008612442482026281
3,46,1369,0.9771805489196794,0.9769659181398311,0.008604170870678598
3,31,1369,0.9771792217444392,0.9771196581196581,0.008752233328107217
3,61,1369,0.9770664118490207,0.9775058130275522,0.008374263384929543
3,11,1369,0.9770664118490205,0.9770574666879017,0.009638963181614647
3,33,1369,0.9770664118490205,0.9772980304719436,0.008826655756639087
3,53,1369,0.9769469660774008,0.9773399161225248,0.00857951052597594
3,10,1369,0.9769469660774008,0.977115729680947,0.009530530709070817
3,86,1369,0.9769469660774008,0.9773747942878379,0.008478613253881682
3,52,1369,0.9769363486754791,0.9775428943037641,0.00864825972731774
3,14,1369,0.9768275203057811,0.9766250729946383,0.00923716606173452
3,26,1369,0.9767080745341615,0.9764376493072146,0.009063355997332963
3,12,1369,0.9766921484312788,0.9764095131921218,0.009517682265313184
3,15,1369,0.9765886287625418,0.9762121887774063,0.009372268309595602
3,13,1369,0.9765700483091788,0.9766333545681372,0.008956856940340412
3,30,1369,0.9763497372193024,0.9774613526570051,0.008682018780392813
4,38,1369,0.9763497372193024,0.975709083187344,0.008731699041775207
3,49,1369,0.9763311567659394,0.9773223177788394,0.008477707050264065
3,32,1369,0.9762302914476828,0.9771058289536549,0.008826942381357086
4,68,1369,0.9761108456760631,0.9755495567234699,0.008747646365401866
4,67,1369,0.9761108456760631,0.9755849923023837,0.008782870279482189
3,19,1369,0.9760896108722195,0.9759227584010194,0.009350544315236449
4,70,1369,0.9759913999044434,0.975493762276371,0.008485882869262225
4,10,1369,0.9759701651005999,0.9749281998195042,0.009299418983302077
3,18,1369,0.9758719541328238,0.9762466157031375,0.00951251510048578
3,16,1369,0.9758719541328237,0.9754839677230982,0.009806012170159296
4,69,1369,0.9758480649784997,0.9754544513457557,0.008533821306519316
4,71,1369,0.9757392366088018,0.9754671391410522,0.008588059079574491
4,66,1369,0.9756330625895844,0.9751431756649148,0.008752748044139724
3,17,1369,0.9756330625895844,0.9760978924457184,0.009403629010662577
4,32,1369,0.9756330625895844,0.975280617932792,0.009068926083909008
4,85,1369,0.9756330625895844,0.9750366831236397,0.00888206868543731
4,84,1369,0.9756184636619419,0.9750915220045654,0.008699775575473944
4,33,1369,0.9755136168179647,0.9752170462387854,0.008900012072826183
4,72,1369,0.9754990178903222,0.9752989860381165,0.008546800722193435
4,35,1369,0.9754844189626799,0.9751192068800765,0.008865981841461354
3,25,1369,0.975394171046345,0.9755239156978288,0.009594593185263681
4,65,1369,0.9753623188405798,0.9750608111695069,0.008692538848547095
4,39,1369,0.9752747252747254,0.9752556670382759,0.008938624723355543
4,42,1369,0.9752747252747253,0.97492878377661,0.008892130160098577
4,11,1369,0.9752587991718427,0.9746398046398048,0.009151701697585179
4,74,1369,0.9752415458937198,0.9751286298242821,0.008444149201780379
4,51,1369,0.9751552795031057,0.9750981313372616,0.008589302310009718
4,30,1369,0.9751552795031055,0.9749639539204757,0.008935991700831446
4,36,1369,0.9751552795031055,0.9748870573870573,0.009046876984073022
3,23,1369,0.9751552795031055,0.9753862345384084,0.009635810248825712
4,12,1369,0.9751552795031055,0.9746238785369221,0.008744102432881764
4,31,1369,0.9751552795031055,0.9751370706588098,0.009033861964188993
4,9,1369,0.9751552795031055,0.9746412114455592,0.009188528517741521
4,53,1369,0.9751380262249827,0.974717922174444,0.008798157004359956
4,8,1369,0.975035833731486,0.9742907310081224,0.009590808646110206
4,43,1369,0.975035833731486,0.9750831342570473,0.0085297006773905
4,64,1369,0.975035833731486,0.974582205234379,0.00897794492447983
4,82,1369,0.975035833731486,0.9746436799915059,0.008818934534297477
4,73,1369,0.975035833731486,0.9751292668683972,0.008497037347572027
3,24,1369,0.9750358337314858,0.9750771354249617,0.00967116207938117
4,34,1369,0.9750185804533631,0.975123321123321,0.008839860839516597
3,22,1369,0.9750013271752402,0.9751132080479907,0.009421721258515436
4,86,1369,0.9750013271752402,0.9750798694059563,0.008631536631044337
4,62,1369,0.9749163879598662,0.9741627382279557,0.009106577382138789
4,37,1369,0.9749163879598662,0.974955486542443,0.009047184805324862
4,76,1369,0.9749163879598661,0.9748421192334236,0.008618308766431772
4,77,1369,0.9749163879598661,0.9747557732122948,0.008702652842561807
4,14,1369,0.9749163879598661,0.9739394542655413,0.009274816668895692
4,75,1369,0.9749163879598661,0.9748709985666507,0.008695261924590286
4,47,1369,0.9748991346817433,0.9757542071455114,0.008482156844630138
4,78,1369,0.974896480331263,0.9746992355470616,0.008750163652425409
3,20,1369,0.9748871901045815,0.975239528587355,0.009349732010702777
4,44,1369,0.9748473748473749,0.9751925200403463,0.008532388579040104
4,83,1369,0.9747969421882465,0.9746077666295057,0.00882894601359111
4,29,1369,0.9747969421882465,0.9746773371555981,0.00877214658064594
4,27,1369,0.9747969421882465,0.9744596538726973,0.008366095858548177
4,59,1369,0.9747650899824813,0.9742884482667091,0.008902150900607768
4,58,1369,0.9747624356320008,0.9743460742156396,0.008758065840735945
4,46,1369,0.9746774964166269,0.9753948877209746,0.00857250447966499
4,63,1369,0.9746774964166269,0.974361628709455,0.009111288653887273
4,81,1369,0.9746774964166268,0.9747453150714018,0.008914161429480361
4,48,1369,0.9746589159632638,0.9752088973828102,0.008522967297293007
4,61,1369,0.9746575887880236,0.9743680522376175,0.00892739891623692
4,49,1369,0.9746575887880236,0.9752006423528163,0.008380562962379203
4,40,1369,0.9746403355099007,0.9748114614853748,0.009189714637000334
4,50,1369,0.9746403355099007,0.9751075011944578,0.008480377740864374
4,54,1369,0.9745235440887614,0.9745358868184958,0.009048837356344744
4,26,1369,0.9745155810373202,0.9745511227902531,0.008640008888826418
4,79,1369,0.9744386048733875,0.9746221797526147,0.00886673129683482
4,80,1369,0.9744386048733875,0.9748092849179806,0.008834694924539376
4,18,1369,0.9744386048733875,0.9735202261506609,0.009381175026529086
4,56,1369,0.974417370069544,0.9742351754525668,0.008735296759959007
4,55,1369,0.974398789616181,0.974312629399586,0.008775541185979497
4,15,1369,0.9743987896161809,0.9736970589796676,0.00945315988463434
4,52,1369,0.9743191591017678,0.9747254605298084,0.008673614004051337
4,60,1369,0.9743191591017678,0.9741932632584808,0.008907490273415836
4,41,1369,0.9742979242979243,0.9748529755268884,0.009162292939436857
4,57,1369,0.9742793438445612,0.9744490895577853,0.008651071956687368
4,45,1369,0.9742793438445612,0.9752453947019165,0.00855010646474288
4,28,1369,0.9741997133301481,0.9745931942453682,0.008748238757463214
3,21,1369,0.9741997133301481,0.9747611350002654,0.009181805291671102
4,13,1369,0.9740563784042044,0.9738057280883368,0.009093491690360589
4,25,1369,0.9740377979508414,0.9739313850400806,0.009231079137128721
4,24,1369,0.9739156978287413,0.9733927111535806,0.00955453968785188
4,16,1369,0.9738918086744173,0.9741057493231408,0.009190361681542159
5,67,1369,0.9738413760152891,0.971429712799278,0.01061397859324787
4,22,1369,0.9738413760152891,0.9730874873918354,0.009622210599634395
4,17,1369,0.9736967139141053,0.9741464670595105,0.009311840689754696
5,66,1369,0.9735772681424855,0.971461856983596,0.010630070641772358
4,21,1369,0.9733370494240059,0.9724821362212664,0.009347136928192902
4,23,1369,0.973216276477146,0.9725992992514734,0.009950245810198448
5,29,1369,0.973124701385571,0.971397701332484,0.010756609645483238
5,30,1369,0.9728300684822424,0.9716934225195095,0.010890738708865465
5,68,1369,0.9727995434517174,0.9713585762064022,0.0103769630460371
5,70,1369,0.9727106227106228,0.971779237670542,0.010514157923196626
4,19,1369,0.9726469182990922,0.972961458831024,0.009373693620057485
5,41,1369,0.9726469182990922,0.9716438657960397,0.01077968825597073
5,73,1369,0.9725274725274725,0.9716665074056379,0.010102123761633462
5,72,1369,0.9724664224664225,0.971520757020757,0.010142990535626312
5,65,1369,0.9721691352126135,0.9709477358390403,0.010580207375273095
5,54,1369,0.9721691352126135,0.9721411583585499,0.010251269787242275
5,33,1369,0.9721691352126135,0.9712373254764559,0.01085588139278226
5,83,1369,0.9721691352126135,0.9712788926049797,0.010471299398448068
5,34,1369,0.9721691352126134,0.9713702553485163,0.010429992061036258
5,32,1369,0.9721691352126134,0.9712233635929287,0.010920953869873998
5,35,1369,0.9721691352126134,0.970908026755853,0.010663200493732247
5,53,1369,0.972135955831608,0.971851807612677,0.010548658157437189
5,69,1369,0.972105430801083,0.971488081966343,0.01037549661623128
5,74,1369,0.9720496894409938,0.9711406540319583,0.010464551929286928
5,31,1369,0.9720496894409938,0.9713991346817433,0.010832113336968104
5,37,1369,0.9720496894409938,0.9715469820035039,0.010630968736371794
5,28,1369,0.9719302436693742,0.9710791792748314,0.01064284015094641
5,64,1369,0.9719302436693741,0.9710545469023731,0.010496183499008762
5,71,1369,0.9718957371131285,0.9714653341827254,0.010298436293253593
5,45,1369,0.9718107978977544,0.9722044115304986,0.010601150083024017
5,77,1369,0.9717749641662685,0.970901390879652,0.010648983031617617
5,76,1369,0.9716223390136434,0.9708294314381272,0.010542495915013713
5,11,1369,0.971571906354515,0.9702787333439507,0.010955515519950033
5,40,1369,0.971534745447789,0.9711632690980518,0.011104450552785862
5,75,1369,0.9714152996761694,0.9708218134522483,0.010475304438583551
5,27,1369,0.9713781387694431,0.9712946329033284,0.010366513169023093
5,84,1369,0.9713396506874767,0.970967696554653,0.010558908742119866
4,20,1369,0.9713330148112758,0.9719887720974677,0.009386648305295023
5,79,1369,0.9712945267293094,0.97082701597919,0.010543309438844708
5,81,1369,0.9712945267293094,0.9709426394861177,0.010395111687013106
5,63,1369,0.9712202049158571,0.9706712852365026,0.010641232470316711
5,82,1369,0.971213569039656,0.9707583744757657,0.010509295106289522
5,25,1369,0.971213569039656,0.9710361257100386,0.010256796602588896
5,39,1369,0.9712135690396559,0.9706869459043372,0.011388486124223404
5,46,1369,0.9712135690396559,0.9719631310718269,0.0104181333500548
5,42,1369,0.9710941232680363,0.9713785369220154,0.010533699009767732
5,10,1369,0.9710941232680363,0.9699763231937146,0.010968644707189036
5,78,1369,0.9710941232680363,0.9705564845782235,0.010640809292113374
5,85,1369,0.9710543080108298,0.9708027817593036,0.010514761590425623
5,80,1369,0.9709746774964166,0.970956840261188,0.010348331238966396
5,36,1369,0.9709746774964166,0.9708390667303712,0.010896406057736011
5,62,1369,0.970897701332484,0.9704632903328555,0.010665776638083097
5,24,1369,0.9708552317247969,0.9706320273928968,0.010878159413968705
5,48,1369,0.9708552317247969,0.9711572968094708,0.010244558589690594
5,26,1369,0.9708552317247969,0.9711344163083294,0.009912542451473513
5,52,1369,0.9706588097892446,0.9705711631363805,0.010441083337017092
5,49,1369,0.970656155438764,0.9709652014652015,0.010224187187710228
5,8,1369,0.9706163401815575,0.9699724478420131,0.01125436154312753
5,38,1369,0.9706163401815575,0.9710183150183149,0.010918134861139506
5,43,1369,0.9706163401815575,0.9710573339703774,0.010578103387818278
5,59,1369,0.9704530976270107,0.9696381323990023,0.010839283862764061
5,50,1369,0.9704146095450443,0.9707572065615544,0.01018140026242144
5,61,1369,0.9703774486383183,0.9704279078409513,0.010680361219072556
6,31,1369,0.9703774486383182,0.9703633540372669,0.011461308707609074
6,40,1369,0.9703774486383182,0.9706144821362211,0.011680267814957408
5,58,1369,0.9702925094229442,0.9699148218930825,0.01062904410476624
5,21,1369,0.9702580028666985,0.9693584700323832,0.011037400125416874
5,51,1369,0.9701730636513246,0.9702441471571904,0.010578523482754138
6,30,1369,0.9701385570950789,0.97043552582683,0.011252637141393644
5,60,1369,0.9701385570950789,0.9698977809629983,0.010646785773808374
6,32,1369,0.9701385570950789,0.9703301746562617,0.011186193701393796
5,44,1369,0.9701385570950789,0.9708966395922919,0.01058189563277087
5,23,1369,0.9701385570950789,0.9696240908849603,0.01119960485113778
5,55,1369,0.9700191113234592,0.9699812337421033,0.010565487075343527
5,9,1369,0.9700191113234592,0.9701200297287254,0.01110827462046161
5,47,1369,0.9700191113234591,0.9711820353559485,0.010143386967305433
5,22,1369,0.9700191113234591,0.9692328927111536,0.011129768409332856
5,16,1369,0.9699739873652917,0.9699115039549823,0.011048741972866531
5,56,1369,0.9699341721080852,0.970081143494187,0.010724872300307045
5,19,1369,0.9698996655518395,0.9688232202580029,0.011156205648578183
6,39,1369,0.9697802197802199,0.9699910017518713,0.011680611753990908
5,12,1369,0.9697802197802198,0.9688606465997769,0.011569288715934541
6,66,1369,0.9697642936773372,0.9696271699315175,0.011399911997166747
6,65,1369,0.9697629665020969,0.9695004777830865,0.011523210504355882
6,41,1369,0.969689971863885,0.9702797685406381,0.011576727864559582
5,57,1369,0.9696607740086001,0.9700284015501406,0.010744215063330453
6,28,1369,0.9696607740086001,0.9700728353771833,0.01142148337437441
7,39,1369,0.9696143228751924,0.9681833359876838,0.011745851088386295
6,64,1369,0.9696129956999522,0.9692384668471625,0.01135319351290703
6,33,1369,0.9695413282369805,0.9699250145989277,0.01123393431581763
5,13,1369,0.9694935499283326,0.9687908902691512,0.011785495085701671
5,14,1369,0.9694218824653607,0.9691065456282848,0.011417293462033445
6,29,1369,0.9693263258480649,0.9702090035568297,0.011353604782624465
5,17,1369,0.969302436693741,0.9696943780856826,0.011303818739976542
5,20,1369,0.9691829909221215,0.9688515952646387,0.011267729703544957
6,10,1369,0.9691829909221213,0.9696974571322398,0.01106316712963186
5,15,1369,0.9691829909221213,0.9695772946859904,0.011270599078836072
6,36,1369,0.9691338854382332,0.969731751340447,0.011504557141568457
7,15,1369,0.9690635451505016,0.9673420926899188,0.01221433405731414
6,38,1369,0.9690144396666136,0.9693532409619364,0.01181321248601529
6,67,1369,0.9690131124913735,0.9693210702341136,0.011285001232049055
6,72,1369,0.9689653341827255,0.9691027499070977,0.011167526258751698
6,26,1369,0.968962679832245,0.969348994001168,0.01108789457574017
6,27,1369,0.968944099378882,0.969464458247067,0.011198614551495099
7,40,1369,0.9688923395445135,0.9684331899984077,0.011716562303925392
6,34,1369,0.9688246536072623,0.9695836651271433,0.011379224324929545
6,35,1369,0.9687052078356426,0.9693751128098954,0.011522591981971584
7,9,1369,0.9687052078356426,0.9680143069490896,0.011666133826507382
6,69,1369,0.9687052078356426,0.9693201677549503,0.011412949821730412
6,42,1369,0.9687052078356426,0.9699133885438235,0.011688707757824577
6,43,1369,0.9687052078356426,0.9695654562828476,0.011579898647794871
7,31,1369,0.9686534480012741,0.9681438923395446,0.011317133112179079
7,24,1369,0.9686521208260339,0.9683228486489355,0.011352376556081706
6,53,1369,0.9686521208260339,0.9695460529808356,0.01141030102341173
6,25,1369,0.968604342517386,0.969665790731008,0.010886675441133078
6,80,1369,0.9686016881669055,0.9685799755799755,0.01118604154024052
5,18,1369,0.9685857620640229,0.969143016403886,0.011071602272949253
6,68,1369,0.9685340022296545,0.9695095291182247,0.011294363269392515
6,71,1369,0.9684981684981684,0.968817646121994,0.011318304252459483
6,9,1369,0.9684822423952859,0.9689455061846367,0.011644947017401139
6,24,1369,0.9684822423952859,0.9695078834209268,0.010960742862671959
6,81,1369,0.9684663162924032,0.9686326909805172,0.011228213575649888
6,75,1369,0.9684663162924032,0.9686574560704996,0.011300934066310258
6,62,1369,0.9684663162924032,0.9690092105961672,0.011282275188849425
6,83,1369,0.9684663162924032,0.9689995487604183,0.011067811799355568
6,82,1369,0.9684119021075542,0.9688027021287889,0.011203185586514064
6,70,1369,0.9683760683760685,0.9688939852418114,0.011336856069512739
6,79,1369,0.9683601422731858,0.968656712852365,0.011134316439809746
6,78,1369,0.9683601422731858,0.9686335669161759,0.011149795760484386
6,74,1369,0.9683574879227053,0.9684702978181238,0.011486196381930871
6,73,1369,0.9683468705207836,0.968738944630249,0.01128648082654039
7,11,1369,0.9683044009130966,0.9672668418537982,0.011871281507960508
6,37,1369,0.9682924563359346,0.9689914795349577,0.011835618963371443
7,14,1369,0.9682924563359346,0.9671045548654246,0.01203185740999229
6,63,1369,0.9682406965015661,0.9690877793703883,0.011296899233752692
7,29,1369,0.9681716833890747,0.9681902903859426,0.0115560746953912
6,8,1369,0.9681703562138344,0.9685330201199767,0.011681216043202004
6,46,1369,0.9681212507299464,0.9689894356850879,0.011605354568369803
6,84,1369,0.9681185963794661,0.9686699580612622,0.011200399879480731
6,47,1369,0.9681079789775442,0.9687255667038274,0.011793372723063505
7,23,1369,0.9681079789775442,0.9681146148537454,0.011524284994214217
7,10,1369,0.9681079789775442,0.9676289748898445,0.011939039283084516
6,76,1369,0.9681079789775442,0.9684253862079949,0.011477885955342583
6,16,1369,0.9680535647926953,0.9686632956415564,0.011576046283181778
6,44,1369,0.9679885332059246,0.9691764877634443,0.011519058912745603
6,45,1369,0.9679885332059246,0.9693494717842543,0.011466854665057499
6,48,1369,0.9679885332059246,0.9685352497743801,0.011750223833156773
7,32,1369,0.9679885332059245,0.968114667940755,0.01115821155786476
7,72,1369,0.9678690874343048,0.9671887243191591,0.01140636851949633
7,66,1369,0.9678690874343048,0.9674486117746985,0.011552739900246623
7,28,1369,0.9678690874343048,0.9678551520942826,0.011759976427756
7,30,1369,0.9678690874343048,0.9680719328980197,0.01143352687523094
6,15,1369,0.9678690874343048,0.9684450284015501,0.01155773361402741
7,27,1369,0.9678213091256569,0.9678551786377873,0.011625149360532475
6,77,1369,0.9678120188989755,0.9683196899718639,0.011341773612627325
6,14,1369,0.9677576047141265,0.9681469182990923,0.011728863050689275
7,38,1369,0.9677496416626852,0.96788872962786,0.011779479827836671
7,16,1369,0.9677496416626852,0.9667247703986835,0.012294327768404867
7,35,1369,0.9677496416626852,0.9683796517492169,0.01136871629158717
6,13,1369,0.9677496416626852,0.9683911981738069,0.012020213818197035
7,33,1369,0.9677496416626851,0.9680538833147528,0.011356694814181603
6,61,1369,0.9676381589425067,0.9688870573870574,0.011516833521240675
7,65,1369,0.9676355045920264,0.967333227159314,0.011762181771843518
6,23,1369,0.9676355045920264,0.9685230397621705,0.011494175825821755
6,52,1369,0.9676301958910655,0.9682575250836121,0.011729016644713722
7,12,1369,0.9676301958910655,0.9669867813346075,0.011852004880124393
6,50,1369,0.9675784360566969,0.9683079311992354,0.011808038312274116
7,8,1369,0.9675107501194458,0.9677382544991241,0.01209065239880478
7,17,1369,0.9674523544088761,0.966553564792695,0.012250117641488848
6,11,1369,0.967396613048787,0.9682741944046291,0.011625000823527486
7,41,1369,0.9673913043478262,0.9678789085310824,0.011891486078997517
7,64,1369,0.9673913043478262,0.967548972766364,0.011774351069601745
7,34,1369,0.9673315814620163,0.9677611880872751,0.011572180787422327
7,13,1369,0.9672798216276477,0.9667965440356744,0.012027604362425334
7,67,1369,0.9672745129266869,0.9676216754260233,0.011309779396586839
7,43,1369,0.9672745129266869,0.967377607899347,0.011876550263595086
6,49,1369,0.9672718585762065,0.9684287041460956,0.011692402013968114
7,42,1369,0.9672718585762065,0.9676295057599406,0.011755418882268071
7,25,1369,0.9672718585762065,0.9679663162924033,0.011379765949974937
6,12,1369,0.9672718585762065,0.9684454000106174,0.012071546615962414
7,73,1369,0.9672718585762063,0.9667977650368955,0.011562768891028632
7,63,1369,0.9672718585762063,0.9675543080108298,0.011697765632464018
7,71,1369,0.9672718585762063,0.9674712002972872,0.011300072143902717
7,74,1369,0.9671550671550672,0.9669414450284016,0.011425466468947073
7,69,1369,0.9671524128045867,0.9670069278547541,0.01159628433925864
7,68,1369,0.9671497584541062,0.967543292456336,0.011450568942769287
7,26,1369,0.9670926899187768,0.9674134150873281,0.011514823804645908
6,51,1369,0.9670913627435367,0.9681058024101502,0.011775512973425132
7,80,1369,0.9670329670329672,0.9671098370228804,0.011454289917808887
6,22,1369,0.967032967032967,0.9677769018421194,0.011832538723111602
7,36,1369,0.9670329670329669,0.967907044646175,0.011395443779181934
6,57,1369,0.9670303126824866,0.9679853214418433,0.011485038802868932
7,77,1369,0.9669732441471572,0.9669161490683229,0.011586288619526246
6,18,1369,0.966971916971917,0.9677851037851037,0.011523674435734453
7,18,1369,0.9669705897966767,0.9662514731645168,0.01234863307152877
7,62,1369,0.9669135212613473,0.96752917131178,0.011543977268480797
7,22,1369,0.9669135212613473,0.9672562244518766,0.011797491584250136
6,58,1369,0.9668511440250571,0.9678346605085735,0.011585059014205664
7,76,1369,0.9667940754897277,0.9667292297074908,0.011521396835124072
7,83,1369,0.9667940754897277,0.9671552264160959,0.011207896664400871
7,81,1369,0.9667940754897277,0.9673397834050008,0.011449706005231852
7,37,1369,0.9667940754897277,0.9675878855444072,0.011759086777126202
6,54,1369,0.9667914211392472,0.9679878165312948,0.01173673220480765
6,17,1369,0.9667914211392472,0.9683361204013378,0.01163795904054355
7,70,1369,0.966674629718108,0.9672513935340024,0.011470362185782755
7,50,1369,0.9666746297181079,0.9661920953442693,0.011926384795713616
7,82,1369,0.9666746297181079,0.9673900568031003,0.011065184785809482
7,78,1369,0.9666746297181079,0.9670405319318363,0.011476504096736109
7,75,1369,0.9666746297181079,0.9667984020810106,0.011594826275296618
7,79,1369,0.9666719753676276,0.967033365185539,0.011619831352300523
6,21,1369,0.9665551839464883,0.9675459468068164,0.011699188334755601
6,56,1369,0.9665551839464883,0.9676783458087808,0.011644193754654007
7,44,1369,0.9665551839464883,0.9675881244359507,0.011667249052818181
7,48,1369,0.9664914795349577,0.9665702341137122,0.011699465515459785
6,55,1369,0.9664914795349577,0.9680640229335882,0.011663263699365382
7,21,1369,0.9664357381748686,0.9667032967032967,0.012107470526044422
6,20,1369,0.9664304294739077,0.9674214577692838,0.011582909484391345
7,58,1369,0.9663162924032489,0.9663863937994374,0.011867182392250323
6,60,1369,0.9663162924032489,0.9683623188405798,0.011639099563284417
7,47,1369,0.9663162924032489,0.9664834103094971,0.01165532751161042
7,45,1369,0.966249933641238,0.9668976482454744,0.011758365373099053
7,49,1369,0.966249933641238,0.9662660190051495,0.011520684070424335
7,61,1369,0.9661968466316293,0.9670548919679355,0.011638597590393308
7,19,1369,0.9661968466316293,0.966559829059829,0.012078604372865995
6,59,1369,0.9661968466316292,0.968093088071349,0.011457083654900807
7,20,1369,0.9661968466316292,0.9666244624940277,0.012024895769222782
6,19,1369,0.9660774008600095,0.967127408823061,0.011801421676036752
7,46,1369,0.9658902691511388,0.9666380262249828,0.012015985615090955
7,51,1369,0.9658889419758985,0.9660758347932262,0.011507793767800631
7,56,1369,0.9657190635451505,0.9663029410203324,0.011592405527296918
7,57,1369,0.9657057917927483,0.9664540266496789,0.011735373920579575
7,59,1369,0.9656500504326592,0.9663371290545203,0.011865279032750906
7,60,1369,0.9655863460211287,0.9666121463077987,0.011757357309515016
7,52,1369,0.9654669002495089,0.9659758188671232,0.011217567783405984
7,54,1369,0.9654642458990286,0.9664498062324148,0.011974864207589472
7,55,1369,0.9652412804586717,0.9660470616340183,0.01190811372223676
7,53,1369,0.965103254233689,0.9664455858151509,0.011758463481091126
