modelo,n_obs,n_train,n_test,n_folds,threshold,auc,ap,f1,bacc,tp,tn,fp,fn,recall,precision,pofa,HK,mc_id
GAM,1338,936,402,1,0.5,0.980346947738252,0.9713365168135596,0.917910447761194,0.9323945981554678,123,257,7,15,0.8913043478260869,0.9461538461538461,0.026515151515151516,0.8647891963109354,0
Logit,1338,936,402,1,0.5,0.9786176987263944,0.9661303350640555,0.9151291512915128,0.932229907773386,124,255,9,14,0.8985507246376812,0.9323308270676691,0.03409090909090909,0.8644598155467721,0
RandomForest,1338,936,402,1,0.5,0.9806214317083882,0.9709648149291725,0.9411764705882353,0.9524044795783926,128,258,6,10,0.927536231884058,0.9552238805970149,0.022727272727272728,0.9048089591567853,0
GAM,1338,936,402,1,0.5,0.9777942468159859,0.9650959788556546,0.9117647058823529,0.9303359683794467,124,254,10,14,0.8985507246376812,0.9253731343283582,0.03787878787878788,0.8606719367588933,1
Logit,1338,936,402,1,0.5,0.9775746596398771,0.9639760634332548,0.8992805755395684,0.9244894598155469,125,249,15,13,0.9057971014492754,0.8928571428571429,0.056818181818181816,0.8489789196310936,1
RandomForest,1338,936,402,1,0.5,0.9807861220904699,0.9726833990431522,0.924187725631769,0.9429347826086957,128,253,11,10,0.927536231884058,0.920863309352518,0.041666666666666664,0.8858695652173914,1
GAM,1350,945,405,1,0.5,0.9791916330754984,0.9631651534764514,0.9064748201438848,0.9318689399716744,126,253,15,11,0.9197080291970803,0.8936170212765957,0.055970149253731345,0.8637378799433489,2
Logit,1350,945,405,1,0.5,0.9778298289574028,0.9591235962193458,0.8888888888888888,0.9242428369103388,128,245,23,9,0.9343065693430657,0.847682119205298,0.08582089552238806,0.8484856738206776,2
RandomForest,1350,945,405,1,0.5,0.9798725351345462,0.9674795407877507,0.9154929577464788,0.9427361368340778,130,251,17,7,0.948905109489051,0.8843537414965986,0.06343283582089553,0.8854722736681555,2
GAM,1341,938,403,1,0.5,0.9703855619360132,0.9461207683202608,0.8985507246376812,0.9228602679792179,124,251,14,14,0.8985507246376812,0.8985507246376812,0.052830188679245285,0.8457205359584359,3
Logit,1341,938,403,1,0.5,0.9686901832102816,0.9400057991329757,0.8771929824561403,0.9113891167623736,125,243,22,13,0.9057971014492754,0.8503401360544217,0.0830188679245283,0.8227782335247471,3
RandomForest,1341,938,403,1,0.5,0.9751162154771671,0.9593233733438714,0.903914590747331,0.9299562482909489,127,249,16,11,0.9202898550724637,0.8881118881118881,0.06037735849056604,0.8599124965818977,3
GAM,1340,938,402,1,0.5,0.9655419363724005,0.9257123616026222,0.8929889298892989,0.9170775375292659,121,252,13,16,0.8832116788321168,0.9029850746268657,0.04905660377358491,0.8341550750585319,4
Logit,1340,938,402,1,0.5,0.9645503374190882,0.9223902026312354,0.8857142857142858,0.9167056879217739,124,246,19,13,0.9051094890510949,0.8671328671328671,0.07169811320754717,0.8334113758435477,4
RandomForest,1340,938,402,1,0.5,0.9758986365514392,0.9608242315466107,0.917562724014337,0.9407381903319102,128,251,14,9,0.9343065693430657,0.9014084507042254,0.052830188679245285,0.8814763806638204,4
GAM,1332,932,400,1,0.5,0.9629936939926983,0.9412721030992546,0.8695652173913043,0.9004314636574842,120,244,18,18,0.8695652173913043,0.8695652173913043,0.06870229007633588,0.8008629273149684,5
Logit,1332,932,400,1,0.5,0.9610576391193716,0.9360424057765174,0.8767123287671235,0.914149795331342,128,236,26,10,0.927536231884058,0.8311688311688312,0.09923664122137404,0.828299590662684,5
RandomForest,1332,932,400,1,0.5,0.9702124128775307,0.9538729972136054,0.8745762711864407,0.9139561898440094,129,234,28,9,0.9347826086956522,0.821656050955414,0.10687022900763359,0.8279123796880187,5
GAM,1349,944,405,1,0.5,0.9792107691472616,0.9604792056162057,0.9191176470588236,0.9360446181403681,125,258,9,13,0.9057971014492754,0.9328358208955224,0.033707865168539325,0.8720892362807361,6
Logit,1349,944,405,1,0.5,0.9781523096129838,0.9563202745074578,0.9110320284697508,0.9356782283015795,128,252,15,10,0.927536231884058,0.8951048951048951,0.056179775280898875,0.8713564566031591,6
RandomForest,1349,944,405,1,0.5,0.9818976279650437,0.9709566417165497,0.9252669039145908,0.9466699234652336,130,254,13,8,0.9420289855072463,0.9090909090909091,0.04868913857677903,0.8933398469304673,6
GAM,1346,942,404,1,0.5,0.9693813390196561,0.9445140918783667,0.8888888888888888,0.9136116350911725,120,254,13,17,0.8759124087591241,0.9022556390977443,0.04868913857677903,0.8272232701823451,7
Logit,1346,942,404,1,0.5,0.9689439295770798,0.9444923181237121,0.8920863309352517,0.920719538533038,124,250,17,13,0.9051094890510949,0.8794326241134752,0.06367041198501873,0.8414390770660761,7
RandomForest,1346,942,404,1,0.5,0.9737827715355805,0.9566613824424506,0.9064748201438848,0.9317641269580907,126,252,15,11,0.9197080291970803,0.8936170212765957,0.056179775280898875,0.8635282539161814,7
GAM,1336,935,401,1,0.5,0.9790975447909755,0.9661401633651868,0.9144981412639405,0.9318596549435966,123,255,9,14,0.8978102189781022,0.9318181818181818,0.03409090909090909,0.8637193098871931,8
Logit,1336,935,401,1,0.5,0.9786828135368282,0.9650602944838065,0.8992805755395683,0.9259013492590136,125,248,16,12,0.9124087591240876,0.8865248226950354,0.06060606060606061,0.8518026985180269,8
RandomForest,1336,935,401,1,0.5,0.9776736341517365,0.9679111790577927,0.9314079422382672,0.9499695863746959,129,253,11,8,0.9416058394160584,0.9214285714285714,0.041666666666666664,0.8999391727493917,8
GAM,1347,942,405,1,0.5,0.9707159528849807,0.9374731177714906,0.8905109489051095,0.9158117570428269,122,253,14,16,0.8840579710144928,0.8970588235294118,0.052434456928838954,0.8316235140856538,9
Logit,1347,942,405,1,0.5,0.9709330727894481,0.939348883483339,0.880281690140845,0.9135727080280085,125,246,21,13,0.9057971014492754,0.8561643835616438,0.07865168539325842,0.827145416056017,9
RandomForest,1347,942,405,1,0.5,0.9741220213863107,0.9574680641096319,0.900709219858156,0.9283097215437225,127,250,17,11,0.9202898550724637,0.8819444444444444,0.06367041198501873,0.856619443087445,9
GAM,1334,933,401,1,0.5,0.9707665178817435,0.9492120703730698,0.9051094890510949,0.9264616741059128,124,251,12,14,0.8985507246376812,0.9117647058823529,0.045627376425855515,0.8529233482118257,10
Logit,1334,933,401,1,0.5,0.968589849561911,0.9432449045505171,0.8833922261484098,0.9148757370364248,125,243,20,13,0.9057971014492754,0.8620689655172413,0.07604562737642585,0.8297514740728495,10
RandomForest,1334,933,401,1,0.5,0.96933377417755,0.9453392156905839,0.9084507042253521,0.9350719127128451,129,246,17,9,0.9347826086956522,0.8835616438356164,0.06463878326996197,0.8701438254256902,10
GAM,1337,935,402,1,0.5,0.9777942468159859,0.9629033706951794,0.917910447761194,0.9323945981554678,123,257,7,15,0.8913043478260869,0.9461538461538461,0.026515151515151516,0.8647891963109354,11
Logit,1337,935,402,1,0.5,0.9771080368906455,0.9598222896031495,0.9090909090909091,0.930171277997365,125,252,12,13,0.9057971014492754,0.9124087591240876,0.045454545454545456,0.86034255599473,11
RandomForest,1337,935,402,1,0.5,0.9811429512516469,0.9738792493411034,0.9175627240143368,0.9391469038208169,128,251,13,10,0.927536231884058,0.9078014184397163,0.04924242424242424,0.8782938076416338,11
GAM,1346,942,404,1,0.5,0.9777467946089285,0.9654679018282046,0.8988764044943821,0.9192296126192625,120,257,10,17,0.8759124087591241,0.9230769230769231,0.03745318352059925,0.8384592252385249,12
Logit,1346,942,404,1,0.5,0.9791410372071407,0.965893039700335,0.888086642599278,0.9170699034965417,123,250,17,14,0.8978102189781022,0.8785714285714286,0.06367041198501873,0.8341398069930834,12
RandomForest,1346,942,404,1,0.5,0.9791136991169798,0.9673119164940059,0.9142857142857143,0.9390633970310833,128,252,15,9,0.9343065693430657,0.8951048951048951,0.056179775280898875,0.8781267940621668,12
GAM,1346,942,404,1,0.5,0.9712676672407666,0.9470513532355688,0.8962962962962964,0.9191339293036989,121,255,12,16,0.8832116788321168,0.9097744360902256,0.0449438202247191,0.8382678586073977,13
Logit,1346,942,404,1,0.5,0.971759752863665,0.9468121807827905,0.8960573476702509,0.9243691735695344,125,250,17,12,0.9124087591240876,0.8802816901408451,0.06367041198501873,0.8487383471390688,13
RandomForest,1346,942,404,1,0.5,0.9763525520107166,0.9633230113171751,0.9007092198581559,0.9297957844664971,127,249,18,10,0.927007299270073,0.8758620689655172,0.06741573033707865,0.8595915689329943,13
GAM,1335,934,401,1,0.5,0.9737146635807572,0.9505168633646424,0.9063670411985019,0.9231966716261641,121,255,8,17,0.8768115942028986,0.937984496124031,0.030418250950570342,0.8463933432523282,14
Logit,1335,934,401,1,0.5,0.9698297239213092,0.9443038658419843,0.892857142857143,0.9205791590896567,125,246,17,13,0.9057971014492754,0.8802816901408451,0.06463878326996197,0.8411583181793134,14
RandomForest,1335,934,401,1,0.5,0.974899432413071,0.963084381181132,0.911660777385159,0.9369730533972558,129,247,16,9,0.9347826086956522,0.8896551724137931,0.060836501901140684,0.8739461067945116,14
GAM,1332,932,400,1,0.5,0.9765184201792234,0.9687245208552635,0.9236641221374046,0.9326806062617546,121,259,3,17,0.8768115942028986,0.9758064516129032,0.011450381679389313,0.8653612125235093,15
Logit,1332,932,400,1,0.5,0.9750248921340856,0.964525462037386,0.9090909090909091,0.9299977873658591,125,250,12,13,0.9057971014492754,0.9124087591240876,0.04580152671755725,0.8599955747317182,15
RandomForest,1332,932,400,1,0.5,0.9807500829737803,0.974986435085682,0.9343065693430658,0.9485009403695099,128,254,8,10,0.927536231884058,0.9411764705882353,0.030534351145038167,0.8970018807390198,15
GAM,1337,935,402,1,0.5,0.9717830478700044,0.9470096561788534,0.8978102189781022,0.9210309617918313,123,251,13,15,0.8913043478260869,0.9044117647058824,0.04924242424242424,0.8420619235836627,16
Logit,1337,935,402,1,0.5,0.9686539306104524,0.939726527554127,0.892857142857143,0.920701581027668,125,247,17,13,0.9057971014492754,0.8802816901408451,0.06439393939393939,0.8414031620553359,16
RandomForest,1337,935,402,1,0.5,0.9723594642072902,0.95219050626617,0.9078014184397163,0.9334650856389988,128,248,16,10,0.927536231884058,0.8888888888888888,0.06060606060606061,0.8669301712779973,16
GAM,1340,938,402,1,0.5,0.9676628563558739,0.9346633834034177,0.8945454545454546,0.9206032226965983,123,250,15,14,0.8978102189781022,0.8913043478260869,0.05660377358490566,0.8412064453931966,17
Logit,1340,938,402,1,0.5,0.9672221457099572,0.929795333284988,0.8888888888888888,0.9185924803746041,124,247,18,13,0.9051094890510949,0.8732394366197183,0.06792452830188679,0.8371849607492081,17
RandomForest,1340,938,402,1,0.5,0.978983611072855,0.9711684666702124,0.9078014184397163,0.9350778129734196,128,248,17,9,0.9343065693430657,0.8827586206896552,0.06415094339622641,0.8701556259468393,17
GAM,1349,944,405,1,0.5,0.9669434945448624,0.92263536010332,0.9045936395759717,0.9319329099495196,128,250,17,10,0.927536231884058,0.8827586206896552,0.06367041198501873,0.8638658198990392,18
Logit,1349,944,405,1,0.5,0.9658307550344678,0.9190356846445715,0.8835616438356164,0.9205748249470771,129,242,25,9,0.9347826086956522,0.8376623376623377,0.09363295880149813,0.8411496498941541,18
RandomForest,1349,944,405,1,0.5,0.9746512511534495,0.9572886971198342,0.8958333333333334,0.928065461651197,129,246,21,9,0.9347826086956522,0.86,0.07865168539325842,0.8561309233023938,18
GAM,1333,933,400,1,0.5,0.9660570064666536,0.9391642392019077,0.8727272727272727,0.9037356720601704,120,245,18,17,0.8759124087591241,0.8695652173913043,0.06844106463878327,0.8074713441203408,19
Logit,1333,933,400,1,0.5,0.9651966362299131,0.9333866655477661,0.8904593639575973,0.9218312009103272,126,243,20,11,0.9197080291970803,0.863013698630137,0.07604562737642585,0.8436624018206544,19
RandomForest,1333,933,400,1,0.5,0.9680552857261803,0.948003072771077,0.9084507042253521,0.9365823873886375,129,245,18,8,0.9416058394160584,0.8775510204081632,0.06844106463878327,0.873164774777275,19
GAM,1342,939,403,1,0.5,0.9705222860267979,0.9413418031341957,0.8905109489051095,0.9156138911676237,122,251,14,16,0.8840579710144928,0.8970588235294118,0.052830188679245285,0.8312277823352475,20
Logit,1342,939,403,1,0.5,0.9692644243915778,0.9372138383620121,0.8865248226950354,0.9170494941208641,125,246,19,13,0.9057971014492754,0.8680555555555556,0.07169811320754717,0.8340989882417282,20
RandomForest,1342,939,403,1,0.5,0.9748427672955975,0.962444688828986,0.9078014184397163,0.933579436696746,128,249,16,10,0.927536231884058,0.8888888888888888,0.06037735849056604,0.867158873393492,20
GAM,1342,939,403,1,0.5,0.977194421657096,0.959314806649129,0.9151291512915128,0.9322942302433689,124,256,9,14,0.8985507246376812,0.9323308270676691,0.033962264150943396,0.8645884604867378,21
Logit,1342,939,403,1,0.5,0.9776319387476073,0.9590980530360165,0.9071428571428571,0.931843040743779,127,250,15,11,0.9202898550724637,0.8943661971830986,0.05660377358490566,0.8636860814875581,21
RandomForest,1342,939,403,1,0.5,0.9821438337435056,0.9758546463964201,0.9181494661921707,0.9409762100082035,129,251,14,9,0.9347826086956522,0.9020979020979021,0.052830188679245285,0.881952420016407,21
GAM,1340,938,402,1,0.5,0.9805260983335629,0.9698082548988136,0.9063670411985019,0.9246247073405867,121,256,9,16,0.8832116788321168,0.9307692307692308,0.033962264150943396,0.8492494146811734,22
Logit,1340,938,402,1,0.5,0.9781572786117615,0.9641930529104266,0.9025270758122744,0.9279024927695909,125,250,15,12,0.9124087591240876,0.8928571428571429,0.05660377358490566,0.8558049855391819,22
RandomForest,1340,938,402,1,0.5,0.9816278749483542,0.9725074386863303,0.917562724014337,0.9407381903319102,128,251,14,9,0.9343065693430657,0.9014084507042254,0.052830188679245285,0.8814763806638204,22
GAM,1334,933,401,1,0.5,0.9680938998181517,0.9311871900459472,0.9051094890510949,0.9264616741059128,124,251,12,14,0.8985507246376812,0.9117647058823529,0.045627376425855515,0.8529233482118257,23
Logit,1334,933,401,1,0.5,0.9661376536066567,0.9260468761235996,0.8992805755395684,0.924381440458478,125,248,15,13,0.9057971014492754,0.8928571428571429,0.057034220532319393,0.848762880916956,23
RandomForest,1334,933,401,1,0.5,0.9760566484818427,0.9641937381980306,0.911660777385159,0.9369730533972558,129,247,16,9,0.9347826086956522,0.8896551724137931,0.060836501901140684,0.8739461067945116,23
GAM,1350,945,405,1,0.5,0.9819424773940516,0.9656490739693948,0.8985507246376812,0.9245696698986818,124,253,15,13,0.9051094890510949,0.8920863309352518,0.055970149253731345,0.8491393397973636,24
Logit,1350,945,405,1,0.5,0.9792733413225843,0.9602670315767029,0.9007092198581559,0.9299215600827977,127,250,18,10,0.927007299270073,0.8758620689655172,0.06716417910447761,0.8598431201655954,24
RandomForest,1350,945,405,1,0.5,0.9799814794639938,0.9550150597300274,0.9197080291970803,0.9393316265388387,126,257,11,11,0.9197080291970803,0.9197080291970803,0.041044776119402986,0.8786632530776773,24
GAM,1350,945,405,1,0.5,0.9796001743109272,0.9546011026296576,0.9219330855018588,0.9376293713912192,124,260,8,13,0.9051094890510949,0.9393939393939394,0.029850746268656716,0.8752587427824382,25
Logit,1350,945,405,1,0.5,0.9797635908050987,0.9526387143462938,0.9169675090252708,0.9392499182917529,127,255,13,10,0.927007299270073,0.9071428571428571,0.048507462686567165,0.8784998365835058,25
RandomForest,1350,945,405,1,0.5,0.9847750299596906,0.9729107618502809,0.9230769230769231,0.9411972981806297,126,258,10,11,0.9197080291970803,0.9264705882352942,0.03731343283582089,0.8823945963612594,25
GAM,1342,939,403,1,0.5,0.9724637681159419,0.9513761477707148,0.8896797153024912,0.9189362865736943,125,247,18,13,0.9057971014492754,0.8741258741258742,0.06792452830188679,0.8378725731473886,26
Logit,1342,939,403,1,0.5,0.9728465955701395,0.9507168743064889,0.881118881118881,0.9150123051681707,126,243,22,12,0.9130434782608695,0.8513513513513513,0.0830188679245283,0.8300246103363412,26
RandomForest,1342,939,403,1,0.5,0.9757451462947772,0.9603411412962531,0.9059233449477352,0.9351654361498496,130,246,19,8,0.9420289855072463,0.87248322147651,0.07169811320754717,0.8703308722996992,26
GAM,1350,945,405,1,0.5,0.9748338598975923,0.9482013380268094,0.8953068592057762,0.9227039982568908,124,252,16,13,0.9051094890510949,0.8857142857142857,0.05970149253731343,0.8454079965137815,27
Logit,1350,945,405,1,0.5,0.9731179867087918,0.9424719022003116,0.8842105263157894,0.9188092384791371,126,246,22,11,0.9197080291970803,0.8513513513513513,0.08208955223880597,0.8376184769582743,27
RandomForest,1350,945,405,1,0.5,0.9788648000871555,0.9650055815467922,0.8992805755395683,0.926353633293387,125,252,16,12,0.9124087591240876,0.8865248226950354,0.05970149253731343,0.8527072665867742,27
GAM,1340,938,402,1,0.5,0.9717394298306018,0.9480145869587355,0.8970588235294118,0.9207271725657623,122,252,13,15,0.8905109489051095,0.9037037037037037,0.04905660377358491,0.8414543451315246,28
Logit,1340,938,402,1,0.5,0.9722352293072579,0.9476063812899669,0.8960573476702509,0.9241289078639305,125,248,17,12,0.9124087591240876,0.8802816901408451,0.06415094339622641,0.8482578157278612,28
RandomForest,1340,938,402,1,0.5,0.9724280402148464,0.9456461444697294,0.9078014184397163,0.9350778129734196,128,248,17,9,0.9343065693430657,0.8827586206896552,0.06415094339622641,0.8701556259468393,28
GAM,1333,933,400,1,0.5,0.967833254697344,0.9483653150401197,0.8749999999999999,0.9038883183924954,119,247,16,18,0.8686131386861314,0.8814814814814815,0.060836501901140684,0.8077766367849908,29
Logit,1333,933,400,1,0.5,0.967361438761067,0.9464593922092825,0.8904593639575973,0.9218312009103272,126,243,20,11,0.9197080291970803,0.863013698630137,0.07604562737642585,0.8436624018206544,29
RandomForest,1333,933,400,1,0.5,0.9719963364880242,0.9586399107442117,0.9045936395759717,0.9329327523521411,128,245,18,9,0.9343065693430657,0.8767123287671232,0.06844106463878327,0.8658655047042824,29
GAM,1344,940,404,1,0.5,0.9691347935055029,0.9311995726074338,0.8905109489051095,0.9157131960335622,122,252,14,16,0.8840579710144928,0.8970588235294118,0.05263157894736842,0.8314263920671243,30
Logit,1344,940,404,1,0.5,0.9670371581126731,0.9275451304337482,0.8904593639575971,0.920807453416149,126,247,19,12,0.9130434782608695,0.8689655172413793,0.07142857142857142,0.8416149068322981,30
RandomForest,1344,940,404,1,0.5,0.9726217718208565,0.9532197275479287,0.903914590747331,0.9300697395663071,127,250,16,11,0.9202898550724637,0.8881118881118881,0.06015037593984962,0.8601394791326141,30
GAM,1340,938,402,1,0.5,0.9679658449249415,0.9375851098634307,0.8945454545454546,0.9206032226965983,123,250,15,14,0.8978102189781022,0.8913043478260869,0.05660377358490566,0.8412064453931966,31
Logit,1340,938,402,1,0.5,0.9655143919570307,0.9268079633241608,0.8896797153024911,0.9203553229582702,125,246,19,12,0.9124087591240876,0.8680555555555556,0.07169811320754717,0.8407106459165404,31
RandomForest,1340,938,402,1,0.5,0.9764219804434652,0.9634396623631357,0.9142857142857143,0.93885139787908,128,250,15,9,0.9343065693430657,0.8951048951048951,0.05660377358490566,0.87770279575816,31
GAM,1337,935,402,1,0.5,0.9704655248133509,0.9440555620978469,0.888086642599278,0.9153491436100132,123,248,16,15,0.8913043478260869,0.8848920863309353,0.06060606060606061,0.8306982872200264,32
Logit,1337,935,402,1,0.5,0.9692852437417655,0.9435473305524709,0.8763250883392227,0.9095026350461133,124,243,21,14,0.8985507246376812,0.8551724137931035,0.07954545454545454,0.8190052700922266,32
RandomForest,1337,935,402,1,0.5,0.97395147123408,0.9637483954156939,0.888888888888889,0.9221014492753623,128,242,22,10,0.927536231884058,0.8533333333333334,0.08333333333333333,0.8442028985507246,32
GAM,1347,942,405,1,0.5,0.96919611355371,0.9507425169347257,0.8864468864468865,0.9121885686370298,121,253,14,17,0.8768115942028986,0.8962962962962963,0.052434456928838954,0.8243771372740596,33
Logit,1347,942,405,1,0.5,0.9680019540791402,0.9471039943609267,0.8732394366197183,0.9080768604461814,124,245,22,14,0.8985507246376812,0.8493150684931506,0.08239700374531835,0.8161537208923628,33
RandomForest,1347,942,405,1,0.5,0.9706888128969224,0.9551400662783154,0.888888888888889,0.9225696140693698,128,245,22,10,0.927536231884058,0.8533333333333334,0.08239700374531835,0.8451392281387397,33
GAM,1348,943,405,1,0.5,0.9698746132551702,0.9409713201265479,0.8996282527881041,0.9196792053411497,121,257,10,17,0.8768115942028986,0.9236641221374046,0.03745318352059925,0.8393584106822993,34
Logit,1348,943,405,1,0.5,0.9702274330999294,0.9429020560645508,0.8920863309352518,0.9193128155023611,124,251,16,14,0.8985507246376812,0.8857142857142857,0.0599250936329588,0.8386256310047223,34
RandomForest,1348,943,405,1,0.5,0.9745155512131576,0.9550772935307994,0.927536231884058,0.9450415241817294,128,257,10,10,0.927536231884058,0.927536231884058,0.03745318352059925,0.8900830483634588,34
GAM,1339,937,402,1,0.5,0.9708223539745279,0.9467727249085727,0.8872727272727274,0.9136198945981555,122,249,15,16,0.8840579710144928,0.8905109489051095,0.056818181818181816,0.827239789196311,35
Logit,1339,937,402,1,0.5,0.9719751866490998,0.9454644473539708,0.892857142857143,0.920701581027668,125,247,17,13,0.9057971014492754,0.8802816901408451,0.06439393939393939,0.8414031620553359,35
RandomForest,1339,937,402,1,0.5,0.9719202898550725,0.9385364644475983,0.9110320284697508,0.9353590250329381,128,249,15,10,0.927536231884058,0.8951048951048951,0.056818181818181816,0.8707180500658762,35
GAM,1344,940,404,1,0.5,0.9635229377792307,0.930727279404908,0.8754448398576513,0.9080581889506374,123,246,20,15,0.8913043478260869,0.8601398601398601,0.07518796992481203,0.8161163779012749,36
Logit,1344,940,404,1,0.5,0.9634139697068759,0.9300715924494273,0.8689655172413793,0.907649558679307,126,240,26,12,0.9130434782608695,0.8289473684210527,0.09774436090225563,0.8152991173586139,36
RandomForest,1344,940,404,1,0.5,0.969952054048164,0.9482777139578079,0.8904109589041096,0.925901710798736,130,242,24,8,0.9420289855072463,0.8441558441558441,0.09022556390977443,0.8518034215974719,36
GAM,1334,933,401,1,0.5,0.9722543671130214,0.9461021467231446,0.9018181818181817,0.9245605334215021,124,250,13,14,0.8985507246376812,0.9051094890510949,0.049429657794676805,0.8491210668430044,37
Logit,1334,933,401,1,0.5,0.9711247038077919,0.9427146088660477,0.880281690140845,0.9129745963520142,125,242,21,13,0.9057971014492754,0.8561643835616438,0.07984790874524715,0.8259491927040282,37
RandomForest,1334,933,401,1,0.5,0.977461839422494,0.9710120925270193,0.8965517241379309,0.9291893976965889,130,241,22,8,0.9420289855072463,0.8552631578947368,0.08365019011406843,0.8583787953931779,37
GAM,1335,934,401,1,0.5,0.9674601862566815,0.9323942970168858,0.8750000000000001,0.9026423100236953,119,248,15,19,0.8623188405797102,0.8880597014925373,0.057034220532319393,0.8052846200473908,38
Logit,1335,934,401,1,0.5,0.9639609852868243,0.9281452923872991,0.8857142857142857,0.915054829999449,124,245,18,14,0.8985507246376812,0.8732394366197183,0.06844106463878327,0.8301096599988979,38
RandomForest,1335,934,401,1,0.5,0.9768005730974816,0.9644610219698753,0.9130434782608695,0.9337080509175071,126,251,12,12,0.9130434782608695,0.9130434782608695,0.045627376425855515,0.8674161018350139,38
GAM,1343,940,403,1,0.5,0.9734098018769552,0.954473794784902,0.9213483146067415,0.935747214752209,123,259,7,14,0.8978102189781022,0.9461538461538461,0.02631578947368421,0.871494429504418,39
Logit,1343,940,403,1,0.5,0.973766533121124,0.9529676377846513,0.9018181818181817,0.9262389550518633,124,252,14,13,0.9051094890510949,0.8985507246376812,0.05263157894736842,0.8524779101037265,39
RandomForest,1343,940,403,1,0.5,0.9819164700071347,0.9706297290719504,0.9202898550724637,0.9409472586575929,127,254,12,10,0.927007299270073,0.9136690647482014,0.045112781954887216,0.8818945173151858,39
GAM,1347,942,405,1,0.5,0.9678933941269066,0.9387912550760699,0.8857142857142857,0.9155674971503012,124,249,18,14,0.8985507246376812,0.8732394366197183,0.06741573033707865,0.8311349943006026,40
Logit,1347,942,405,1,0.5,0.9676762742224393,0.9379891923832675,0.8873239436619719,0.9190685556098355,126,247,20,12,0.9130434782608695,0.863013698630137,0.0749063670411985,0.838137111219671,40
RandomForest,1347,942,405,1,0.5,0.9730228518699452,0.9544781005706621,0.903914590747331,0.9301823807197525,127,251,16,11,0.9202898550724637,0.8881118881118881,0.0599250936329588,0.8603647614395049,40
GAM,1332,932,400,1,0.5,0.9712080982409559,0.9508811052763873,0.8947368421052632,0.9139838477707711,119,253,9,19,0.8623188405797102,0.9296875,0.03435114503816794,0.8279676955415423,41
Logit,1332,932,400,1,0.5,0.9700464653169598,0.9474047247093533,0.9103942652329748,0.9334273702843234,127,248,14,11,0.9202898550724637,0.900709219858156,0.05343511450381679,0.866854740568647,41
RandomForest,1332,932,400,1,0.5,0.9744440756720877,0.9577949742025194,0.9148936170212766,0.9387653501493528,129,247,15,9,0.9347826086956522,0.8958333333333334,0.05725190839694656,0.8775307002987056,41
GAM,1349,944,405,1,0.5,0.9784779894696846,0.9570907001099156,0.9202898550724637,0.9395456765999023,127,256,11,11,0.9202898550724637,0.9202898550724637,0.04119850187265917,0.8790913531998046,42
Logit,1349,944,405,1,0.5,0.9758725506160777,0.9506406738521879,0.9078014184397163,0.9338055691255496,128,251,16,10,0.927536231884058,0.8888888888888888,0.0599250936329588,0.8676111382510991,42
RandomForest,1349,944,405,1,0.5,0.9786679693860935,0.9653375775350732,0.9154929577464788,0.9410519459371438,130,251,16,8,0.9420289855072463,0.8904109589041096,0.0599250936329588,0.8821038918742875,42
GAM,1346,942,404,1,0.5,0.9786216134940813,0.9651589880775774,0.9132075471698112,0.9284972251838487,121,260,7,16,0.8832116788321168,0.9453125,0.026217228464419477,0.8569944503676974,43
Logit,1346,942,404,1,0.5,0.9774187375269963,0.9616960739003942,0.9051094890510949,0.9282101752371579,124,254,13,13,0.9051094890510949,0.9051094890510949,0.04868913857677903,0.8564203504743159,43
RandomForest,1346,942,404,1,0.5,0.9791683752973017,0.9630725802075898,0.926470588235294,0.9430000820142705,126,258,9,11,0.9197080291970803,0.9333333333333333,0.033707865168539325,0.886000164028541,43
GAM,1345,941,404,1,0.5,0.9777160292034434,0.9606098279646191,0.888888888888889,0.9122262177182086,120,254,12,18,0.8695652173913043,0.9090909090909091,0.045112781954887216,0.8244524354364171,44
Logit,1345,941,404,1,0.5,0.9780156914024192,0.9615507327424593,0.8960573476702509,0.9228233627547129,125,250,16,13,0.9057971014492754,0.8865248226950354,0.06015037593984962,0.8456467255094258,44
RandomForest,1345,941,404,1,0.5,0.9802495368856925,0.9758171562773966,0.9136690647482014,0.9357088373106679,127,253,13,11,0.9202898550724637,0.9071428571428571,0.04887218045112782,0.8714176746213359,44
GAM,1343,940,403,1,0.5,0.9770319960485154,0.9615779530566366,0.9084249084249083,0.9299983535481038,124,254,12,13,0.9051094890510949,0.9117647058823529,0.045112781954887216,0.8599967070962077,45
Logit,1343,940,403,1,0.5,0.9764557378848581,0.958259318455911,0.8896797153024911,0.920490093847758,125,247,19,12,0.9124087591240876,0.8680555555555556,0.07142857142857142,0.8409801876955162,45
RandomForest,1343,940,403,1,0.5,0.9818615882772624,0.9692104425620949,0.9020979020979021,0.9332089347456232,129,246,20,8,0.9416058394160584,0.8657718120805369,0.07518796992481203,0.8664178694912463,45
GAM,1343,940,403,1,0.5,0.9745074364743976,0.9586576121550021,0.8856088560885609,0.9116404149058779,120,252,14,17,0.8759124087591241,0.8955223880597015,0.05263157894736842,0.8232808298117558,46
Logit,1343,940,403,1,0.5,0.9736293287964436,0.9565367592967208,0.8732394366197184,0.9093216618187805,124,243,23,13,0.9051094890510949,0.8435374149659864,0.08646616541353383,0.8186433236375611,46
RandomForest,1343,940,403,1,0.5,0.9747269633938862,0.963705252668263,0.9110320284697508,0.937078096701608,128,250,16,9,0.9343065693430657,0.8888888888888888,0.06015037593984962,0.874156193403216,46
GAM,1327,928,399,1,0.5,0.9735687711699706,0.9566875855922947,0.8947368421052632,0.9139180409795102,119,252,9,19,0.8623188405797102,0.9296875,0.034482758620689655,0.8278360819590206,47
Logit,1327,928,399,1,0.5,0.9724582153367761,0.9529073540136068,0.9175627240143368,0.9388639013826421,128,248,13,10,0.927536231884058,0.9078014184397163,0.04980842911877394,0.8777278027652841,47
RandomForest,1327,928,399,1,0.5,0.9785662724193459,0.9683932950337026,0.9181494661921707,0.9405713809761787,129,247,14,9,0.9347826086956522,0.9020979020979021,0.05363984674329502,0.8811427619523572,47
GAM,1342,939,403,1,0.5,0.9809680065627563,0.9690720409072197,0.9037037037037037,0.9231610609789445,122,255,10,16,0.8840579710144928,0.9242424242424242,0.03773584905660377,0.846322121957889,48
Logit,1342,939,403,1,0.5,0.9800382827454197,0.9659955243547688,0.9,0.9263330598851518,126,249,16,12,0.9130434782608695,0.8873239436619719,0.06037735849056604,0.8526661197703035,48
RandomForest,1342,939,403,1,0.5,0.9808039376538146,0.96885326466046,0.9285714285714286,0.9483729833196609,130,253,12,8,0.9420289855072463,0.9154929577464789,0.045283018867924525,0.8967459666393218,48
GAM,1344,940,404,1,0.5,0.9715320910973085,0.954444124533892,0.8905109489051095,0.9157131960335622,122,252,14,16,0.8840579710144928,0.8970588235294118,0.05263157894736842,0.8314263920671243,49
Logit,1344,940,404,1,0.5,0.9688078892884384,0.9490415179405581,0.8620689655172414,0.9021466710253896,125,239,27,13,0.9057971014492754,0.8223684210526315,0.10150375939849623,0.8042933420507792,49
RandomForest,1344,940,404,1,0.5,0.9771711888416694,0.9688677202794852,0.8989547038327527,0.9297973193854201,129,246,20,9,0.9347826086956522,0.8657718120805369,0.07518796992481203,0.8595946387708402,49
GAM,1347,942,405,1,0.5,0.9775552298756989,0.9677613086247288,0.9029850746268656,0.9215518645171796,121,258,9,17,0.8768115942028986,0.9307692307692308,0.033707865168539325,0.8431037290343593,50
Logit,1347,942,405,1,0.5,0.9750312109862671,0.9610750802046566,0.8794326241134751,0.9118221787982413,124,247,20,14,0.8985507246376812,0.8611111111111112,0.0749063670411985,0.8236443575964827,50
RandomForest,1347,942,405,1,0.5,0.9821690278456278,0.9767182179820448,0.9225092250922509,0.937917277316398,125,259,8,13,0.9057971014492754,0.9398496240601504,0.0299625468164794,0.875834554632796,50
GAM,1336,935,401,1,0.5,0.9693651846936518,0.9476436284147782,0.8905109489051094,0.9168463835434639,122,249,15,15,0.8905109489051095,0.8905109489051095,0.056818181818181816,0.8336927670869277,51
Logit,1336,935,401,1,0.5,0.9688122096881222,0.9462202239274843,0.8701754385964912,0.9071001990710019,124,240,24,13,0.9051094890510949,0.8378378378378378,0.09090909090909091,0.814200398142004,51
RandomForest,1336,935,401,1,0.5,0.9724618447246185,0.954635946900982,0.917562724014337,0.9406381331563813,128,250,14,9,0.9343065693430657,0.9014084507042254,0.05303030303030303,0.8812762663127627,51
GAM,1342,939,403,1,0.5,0.9762100082034454,0.9592231669771607,0.9070631970260224,0.9250478534317748,122,256,9,16,0.8840579710144928,0.9312977099236641,0.033962264150943396,0.8500957068635494,52
Logit,1342,939,403,1,0.5,0.9749248017500683,0.9553200029121338,0.9032258064516129,0.9282198523379819,126,250,15,12,0.9130434782608695,0.8936170212765957,0.05660377358490566,0.8564397046759639,52
RandomForest,1342,939,403,1,0.5,0.9790265244736123,0.9657826048435532,0.9314079422382672,0.9485233798195243,129,255,10,9,0.9347826086956522,0.9280575539568345,0.03773584905660377,0.8970467596390485,52
GAM,1334,933,401,1,0.5,0.9766352565162286,0.9636743354116599,0.8929889298892988,0.9155921088885215,121,251,12,17,0.8768115942028986,0.9097744360902256,0.045627376425855515,0.831184217777043,53
Logit,1334,933,401,1,0.5,0.9740452967432633,0.9592698201602717,0.892857142857143,0.9205791590896567,125,246,17,13,0.9057971014492754,0.8802816901408451,0.06463878326996197,0.8411583181793134,53
RandomForest,1334,933,401,1,0.5,0.9777924725850002,0.9710301870334834,0.9084507042253521,0.9350719127128451,129,246,17,9,0.9347826086956522,0.8835616438356164,0.06463878326996197,0.8701438254256902,53
GAM,1340,938,402,1,0.5,0.9785153560115686,0.9642400818686392,0.917910447761194,0.9338107698664095,123,257,8,14,0.8978102189781022,0.9389312977099237,0.03018867924528302,0.8676215397328192,54
Logit,1340,938,402,1,0.5,0.9781572786117614,0.9607853772440625,0.8928571428571428,0.9222421154111005,125,247,18,12,0.9124087591240876,0.8741258741258742,0.06792452830188679,0.8444842308222008,54
RandomForest,1340,938,402,1,0.5,0.9786530780884176,0.9647219034203371,0.9202898550724637,0.9408621402010742,127,253,12,10,0.927007299270073,0.9136690647482014,0.045283018867924525,0.8817242804021485,54
GAM,1343,940,403,1,0.5,0.968086274079359,0.9319861739125795,0.8929889298892989,0.9171697491904944,121,253,13,16,0.8832116788321168,0.9029850746268657,0.04887218045112782,0.834339498380989,55
Logit,1343,940,403,1,0.5,0.9661654135338346,0.9272865272652746,0.8928571428571428,0.9223697930958783,125,248,18,12,0.9124087591240876,0.8741258741258742,0.06766917293233082,0.8447395861917568,55
RandomForest,1343,940,403,1,0.5,0.9740135009055485,0.953844035463311,0.9148936170212766,0.9407277317381044,129,250,16,8,0.9416058394160584,0.8896551724137931,0.06015037593984962,0.8814554634762087,55
GAM,1339,937,402,1,0.5,0.9807037768994291,0.9693452039654966,0.9225092250922509,0.9377470355731226,125,256,8,13,0.9057971014492754,0.9398496240601504,0.030303030303030304,0.8754940711462451,56
Logit,1339,937,402,1,0.5,0.979852876592007,0.9660745874392054,0.900709219858156,0.9279479578392622,127,247,17,11,0.9202898550724637,0.8819444444444444,0.06439393939393939,0.8558959156785244,56
RandomForest,1339,937,402,1,0.5,0.9836956521739131,0.978461086241385,0.9252669039145908,0.9463932806324111,130,251,13,8,0.9420289855072463,0.9090909090909091,0.04924242424242424,0.8927865612648221,56
GAM,1339,937,402,1,0.5,0.969889108476065,0.9415342839766601,0.888888888888889,0.9170783926218709,124,247,17,14,0.8985507246376812,0.8794326241134752,0.06439393939393939,0.8341567852437417,57
Logit,1339,937,402,1,0.5,0.969175450153711,0.9408015077944402,0.8842105263157894,0.9167490118577075,126,243,21,12,0.9130434782608695,0.8571428571428571,0.07954545454545454,0.8334980237154149,57
RandomForest,1339,937,402,1,0.5,0.9742808519982434,0.9642686269306966,0.8972602739726028,0.9310770750988142,131,241,23,7,0.9492753623188406,0.8506493506493507,0.08712121212121213,0.8621541501976284,57
GAM,1347,942,405,1,0.5,0.980052108777072,0.9673224585529155,0.9201520912547528,0.9309151603973294,121,263,4,17,0.8768115942028986,0.968,0.0149812734082397,0.8618303207946588,58
Logit,1347,942,405,1,0.5,0.9794550290397872,0.96449379961642,0.9130434782608695,0.9340498290180752,126,255,12,12,0.9130434782608695,0.9130434782608695,0.0449438202247191,0.8680996580361504,58
RandomForest,1347,942,405,1,0.5,0.9839602670574825,0.9780071810108063,0.9411764705882353,0.9525321608858492,128,261,6,10,0.927536231884058,0.9552238805970149,0.02247191011235955,0.9050643217716985,58
GAM,1341,938,403,1,0.5,0.9808586272901285,0.9618008019787133,0.9157509157509157,0.9340306261963358,125,255,10,13,0.9057971014492754,0.9259259259259259,0.03773584905660377,0.8680612523926716,59
Logit,1341,938,403,1,0.5,0.97913590374624,0.9562944377314254,0.9014084507042253,0.9298058517910857,128,247,18,10,0.927536231884058,0.8767123287671232,0.06792452830188679,0.8596117035821712,59
RandomForest,1341,938,403,1,0.5,0.983921246923708,0.9762116874575674,0.9309090909090909,0.9467869838665572,128,256,9,10,0.927536231884058,0.9343065693430657,0.033962264150943396,0.8935739677331146,59
GAM,1349,944,405,1,0.5,0.9773381099712315,0.9597455081017134,0.8970588235294118,0.9195570753948868,122,255,12,16,0.8840579710144928,0.9104477611940298,0.0449438202247191,0.8391141507897737,60
Logit,1349,944,405,1,0.5,0.9763067904250122,0.9576272730137161,0.8780487804878048,0.9134505780817457,126,244,23,12,0.9130434782608695,0.8456375838926175,0.08614232209737828,0.8269011561634912,60
RandomForest,1349,944,405,1,0.5,0.9813819681919341,0.9700971801571906,0.9148936170212766,0.9393014167073767,129,252,15,9,0.9347826086956522,0.8958333333333334,0.056179775280898875,0.8786028334147533,60
GAM,1348,943,405,1,0.5,0.983526027248548,0.9704419089143714,0.9132075471698112,0.9271698420452694,121,261,6,17,0.8768115942028986,0.952755905511811,0.02247191011235955,0.8543396840905391,61
Logit,1348,943,405,1,0.5,0.9831460674157303,0.9697705324883965,0.9084249084249084,0.928676111382511,124,256,11,14,0.8985507246376812,0.9185185185185185,0.04119850187265917,0.857352222765022,61
RandomForest,1348,943,405,1,0.5,0.9845573467947674,0.9801537359203261,0.9416058394160585,0.9542826901156164,129,260,7,9,0.9347826086956522,0.9485294117647058,0.026217228464419477,0.9085653802312328,61
GAM,1346,942,404,1,0.5,0.9679050821509609,0.9462207202775867,0.8872727272727274,0.9152929276360753,122,251,16,15,0.8905109489051095,0.8840579710144928,0.0599250936329588,0.8305858552721507,62
Logit,1346,942,404,1,0.5,0.9666201919133929,0.9426734100264955,0.8920863309352517,0.920719538533038,124,250,17,13,0.9051094890510949,0.8794326241134752,0.06367041198501873,0.8414390770660761,62
RandomForest,1346,942,404,1,0.5,0.9758057902074961,0.9632394394524202,0.8953068592057762,0.9225921977090681,124,251,16,13,0.9051094890510949,0.8857142857142857,0.0599250936329588,0.8451843954181361,62
GAM,1346,942,404,1,0.5,0.9683151535033763,0.943855376814354,0.8955223880597015,0.9173569534432324,120,256,11,17,0.8759124087591241,0.916030534351145,0.04119850187265917,0.834713906886465,63
Logit,1346,942,404,1,0.5,0.9696000437409443,0.9452235250669324,0.9117647058823529,0.9319554935892178,124,256,11,13,0.9051094890510949,0.9185185185185185,0.04119850187265917,0.8639109871784357,63
RandomForest,1346,942,404,1,0.5,0.9751906831788731,0.96342854426152,0.9241877256317689,0.9446813745591733,128,255,12,9,0.9343065693430657,0.9142857142857143,0.0449438202247191,0.8893627491183466,63
GAM,1345,941,404,1,0.5,0.969679633867277,0.9383927192745289,0.8695652173913043,0.9009480222294868,120,248,18,18,0.8695652173913043,0.8695652173913043,0.06766917293233082,0.8018960444589736,64
Logit,1345,941,404,1,0.5,0.9717772692601067,0.9443890762878033,0.8771929824561403,0.9115451672659911,125,244,22,13,0.9057971014492754,0.8503401360544217,0.08270676691729323,0.8230903345319822,64
RandomForest,1345,941,404,1,0.5,0.9762722022447422,0.9652293752072266,0.9014084507042253,0.9299335294758635,128,248,18,10,0.927536231884058,0.8767123287671232,0.06766917293233082,0.8598670589517272,64
GAM,1333,933,400,1,0.5,0.9713857511587246,0.9589311356329338,0.8863636363636365,0.9079958924259666,117,253,10,20,0.8540145985401459,0.9212598425196851,0.03802281368821293,0.815991784851933,65
Logit,1333,933,400,1,0.5,0.9733285226610419,0.962357154067015,0.9130434782608695,0.9351391857012017,126,250,13,11,0.9197080291970803,0.9064748201438849,0.049429657794676805,0.8702783714024035,65
RandomForest,1333,933,400,1,0.5,0.9790735755321807,0.9731076600455574,0.9309090909090909,0.9481418778274264,128,253,10,9,0.9343065693430657,0.927536231884058,0.03802281368821293,0.8962837556548527,65
GAM,1343,940,403,1,0.5,0.9763459744251138,0.9586158565935257,0.9051094890510949,0.9281186542999835,124,253,13,13,0.9051094890510949,0.9051094890510949,0.04887218045112782,0.856237308599967,66
Logit,1343,940,403,1,0.5,0.9766478239394105,0.9589993402912436,0.8936170212765957,0.9241397288842544,126,247,19,11,0.9197080291970803,0.8689655172413793,0.07142857142857142,0.8482794577685089,66
RandomForest,1343,940,403,1,0.5,0.9785138027550628,0.9673901390363489,0.917562724014337,0.9408374951978487,128,252,14,9,0.9343065693430657,0.9014084507042254,0.05263157894736842,0.8816749903956973,66
GAM,1343,940,403,1,0.5,0.9846605565007409,0.9790027406728367,0.9389312977099237,0.9451457109928105,123,264,2,14,0.8978102189781022,0.984,0.007518796992481203,0.8902914219856211,67
Logit,1343,940,403,1,0.5,0.9843587069864442,0.9762183926642866,0.9368029739776952,0.9485758191098184,126,260,6,11,0.9197080291970803,0.9545454545454546,0.022556390977443608,0.8971516382196367,67
RandomForest,1343,940,403,1,0.5,0.9884199549969814,0.985315719345339,0.9446494464944649,0.9558750891828109,128,260,6,9,0.9343065693430657,0.9552238805970149,0.022556390977443608,0.9117501783656221,67
GAM,1347,942,405,1,0.5,0.9690061336373013,0.9368257607219042,0.8929889298892988,0.9159338869890897,121,255,12,17,0.8768115942028986,0.9097744360902256,0.0449438202247191,0.8318677739781795,68
Logit,1347,942,405,1,0.5,0.9696303533626445,0.93893942285155,0.8960573476702509,0.9229360039081582,125,251,16,13,0.9057971014492754,0.8865248226950354,0.0599250936329588,0.8458720078163166,68
RandomForest,1347,942,405,1,0.5,0.9751126309504424,0.9497249717794929,0.9064748201438848,0.9303045106660153,126,253,14,12,0.9130434782608695,0.9,0.052434456928838954,0.8606090213320305,68
GAM,1334,933,401,1,0.5,0.9731636083099136,0.9497192714919181,0.8905109489051095,0.9154130159254974,122,249,14,16,0.8840579710144928,0.8970588235294118,0.053231939163498096,0.8308260318509947,69
Logit,1334,933,401,1,0.5,0.972777869620323,0.9551254716795436,0.9057971014492753,0.9281837218272992,125,250,13,13,0.9057971014492754,0.9057971014492754,0.049429657794676805,0.8563674436545986,69
RandomForest,1334,933,401,1,0.5,0.9801895630131702,0.9727176684611849,0.9214285714285715,0.9426764754504877,129,250,13,9,0.9347826086956522,0.9084507042253521,0.049429657794676805,0.8853529509009754,69
GAM,1337,935,402,1,0.5,0.967610891523935,0.9356254337811257,0.8945454545454546,0.919137022397892,123,250,14,15,0.8913043478260869,0.8978102189781022,0.05303030303030303,0.8382740447957839,70
Logit,1337,935,402,1,0.5,0.9648660518225736,0.9283080094711789,0.880281690140845,0.9131258234519104,125,243,21,13,0.9057971014492754,0.8561643835616438,0.07954545454545454,0.8262516469038208,70
RandomForest,1337,935,402,1,0.5,0.9735946420729029,0.9576446085943698,0.8982456140350877,0.9277832674571804,128,245,19,10,0.927536231884058,0.8707482993197279,0.07196969696969698,0.855566534914361,70
GAM,1331,931,400,1,0.5,0.9717335988494302,0.9567566832089641,0.8864468864468865,0.911688239849541,121,248,14,17,0.8768115942028986,0.8962962962962963,0.05343511450381679,0.8233764796990818,71
Logit,1331,931,400,1,0.5,0.9702400708042924,0.9527934775440855,0.9014084507042253,0.9294169709038611,128,244,18,10,0.927536231884058,0.8767123287671232,0.06870229007633588,0.8588339418077221,71
RandomForest,1331,931,400,1,0.5,0.9706825976324815,0.9589706875211542,0.911660777385159,0.936856953202788,129,246,16,9,0.9347826086956522,0.8896551724137931,0.061068702290076333,0.8737139064055759,71
GAM,1342,939,403,1,0.5,0.9766748701121137,0.9596481570302727,0.9025270758122743,0.9264834563850151,125,251,14,13,0.9057971014492754,0.8992805755395683,0.052830188679245285,0.8529669127700301,72
Logit,1342,939,403,1,0.5,0.9750615258408531,0.9546395416370538,0.8912280701754386,0.9224090784796282,127,245,20,11,0.9202898550724637,0.8639455782312925,0.07547169811320754,0.8448181569592562,72
RandomForest,1342,939,403,1,0.5,0.9845775225594751,0.9785354592835125,0.9078014184397163,0.933579436696746,128,249,16,10,0.927536231884058,0.8888888888888888,0.06037735849056604,0.867158873393492,72
GAM,1342,939,403,1,0.5,0.9672409078479628,0.9321635573935328,0.9010989010989011,0.9230106644790812,123,253,12,15,0.8913043478260869,0.9111111111111111,0.045283018867924525,0.8460213289581624,73
Logit,1342,939,403,1,0.5,0.9673776319387476,0.9314634579520138,0.9071428571428571,0.931843040743779,127,250,15,11,0.9202898550724637,0.8943661971830986,0.05660377358490566,0.8636860814875581,73
RandomForest,1342,939,403,1,0.5,0.9773038009297238,0.9675594665630882,0.9181494661921707,0.9409762100082035,129,251,14,9,0.9347826086956522,0.9020979020979021,0.052830188679245285,0.881952420016407,73
GAM,1341,938,403,1,0.5,0.9811867651080121,0.9666044154880099,0.9219330855018587,0.9360678151490293,124,258,7,14,0.8985507246376812,0.9465648854961832,0.026415094339622643,0.8721356302980585,74
Logit,1341,938,403,1,0.5,0.981159420289855,0.963917149422309,0.9197080291970804,0.9376538146021329,126,255,10,12,0.9130434782608695,0.9264705882352942,0.03773584905660377,0.8753076292042657,74
RandomForest,1341,938,403,1,0.5,0.9834837298331967,0.9780743381328441,0.9347826086956522,0.9504101722723544,129,256,9,9,0.9347826086956522,0.9347826086956522,0.033962264150943396,0.9008203445447088,74
GAM,1347,942,405,1,0.5,0.9848830266514682,0.9789987083551545,0.9201520912547528,0.9309151603973294,121,263,4,17,0.8768115942028986,0.968,0.0149812734082397,0.8618303207946588,75
Logit,1347,942,405,1,0.5,0.9837431471530153,0.9767196945590448,0.9219330855018587,0.9361667480866309,124,260,7,14,0.8985507246376812,0.9465648854961832,0.026217228464419477,0.8723334961732617,75
RandomForest,1347,942,405,1,0.5,0.986267166042447,0.9812077869847626,0.9368029739776952,0.9471584432502849,126,262,5,12,0.9130434782608695,0.9618320610687023,0.018726591760299626,0.8943168865005698,75
GAM,1343,940,403,1,0.5,0.9741781460951648,0.9526946519671243,0.9077490774907749,0.9282284177597278,123,255,11,14,0.8978102189781022,0.917910447761194,0.041353383458646614,0.8564568355194556,76
Logit,1343,940,403,1,0.5,0.9731353932275946,0.9499561751247059,0.9032258064516128,0.9297788266286153,126,250,16,11,0.9197080291970803,0.8873239436619719,0.06015037593984962,0.8595576532572307,76
RandomForest,1343,940,403,1,0.5,0.9786510070797432,0.9677631648088705,0.9136690647482014,0.9371878601613522,127,252,14,10,0.927007299270073,0.900709219858156,0.05263157894736842,0.8743757203227045,76
GAM,1337,935,402,1,0.5,0.9720300834431269,0.9487492765672035,0.9037037037037037,0.9230895915678525,122,254,10,16,0.8840579710144928,0.9242424242424242,0.03787878787878788,0.846179183135705,77
Logit,1337,935,402,1,0.5,0.9713438735177866,0.9473607404723903,0.8953068592057762,0.9208662714097497,124,249,15,14,0.8985507246376812,0.8920863309352518,0.056818181818181816,0.8417325428194994,77
RandomForest,1337,935,402,1,0.5,0.9760649978041283,0.9641146112270683,0.9103942652329748,0.9336297760210803,127,250,14,11,0.9202898550724637,0.900709219858156,0.05303030303030303,0.8672595520421608,77
GAM,1348,943,405,1,0.5,0.9728057319654779,0.9428676066417094,0.9037037037037037,0.9233023937469468,122,257,10,16,0.8840579710144928,0.9242424242424242,0.03745318352059925,0.8466047874938936,78
Logit,1348,943,405,1,0.5,0.9716115724909081,0.9424343124675514,0.8960573476702509,0.9229360039081582,125,251,16,13,0.9057971014492754,0.8865248226950354,0.0599250936329588,0.8458720078163166,78
RandomForest,1348,943,405,1,0.5,0.976496770341421,0.9563467687410171,0.9214285714285715,0.9430467350594366,129,254,13,9,0.9347826086956522,0.9084507042253521,0.04868913857677903,0.8860934701188732,78
GAM,1359,951,408,1,0.5,0.9728395061728394,0.9466440718367506,0.9025270758122743,0.9269726247987118,125,256,14,13,0.9057971014492754,0.8992805755395683,0.05185185185185185,0.8539452495974236,79
Logit,1359,951,408,1,0.5,0.9698604401502952,0.9424794691755787,0.8904593639575971,0.9213365539452496,126,251,19,12,0.9130434782608695,0.8689655172413793,0.07037037037037037,0.8426731078904991,79
RandomForest,1359,951,408,1,0.5,0.9820987654320988,0.971145664126501,0.9187279151943464,0.9432367149758454,130,255,15,8,0.9420289855072463,0.896551724137931,0.05555555555555555,0.8864734299516908,79
GAM,1347,942,405,1,0.5,0.9804320686098899,0.966894574730218,0.9242424242424243,0.9345383488031265,122,263,4,16,0.8840579710144928,0.9682539682539683,0.0149812734082397,0.8690766976062531,80
Logit,1347,942,405,1,0.5,0.9790479292189112,0.9647956500410619,0.9191176470588236,0.9360446181403681,125,258,9,13,0.9057971014492754,0.9328358208955224,0.033707865168539325,0.8720892362807361,80
RandomForest,1347,942,405,1,0.5,0.979509309015904,0.9692303347420081,0.920863309352518,0.9412962058296694,128,255,12,10,0.927536231884058,0.9142857142857143,0.0449438202247191,0.8825924116593389,80
GAM,1345,941,404,1,0.5,0.9749373433583961,0.9553886087639532,0.8929889298892988,0.9158494061240057,121,254,12,17,0.8768115942028986,0.9097744360902256,0.045112781954887216,0.8316988122480113,81
Logit,1345,941,404,1,0.5,0.9752370055573717,0.9547400343163679,0.8857142857142857,0.9154407758526751,124,248,18,14,0.8985507246376812,0.8732394366197183,0.06766917293233082,0.8308815517053503,81
RandomForest,1345,941,404,1,0.5,0.9794867603792089,0.9692860042879007,0.9122807017543859,0.939059605535578,130,249,17,8,0.9420289855072463,0.8843537414965986,0.06390977443609022,0.8781192110711561,81
GAM,1341,938,403,1,0.5,0.9726825266611977,0.9484702861461742,0.9077490774907749,0.9267842493847416,123,255,10,15,0.8913043478260869,0.924812030075188,0.03773584905660377,0.8535684987694832,82
Logit,1341,938,403,1,0.5,0.9716981132075472,0.942701272640669,0.9064748201438848,0.9301066447908122,126,251,14,12,0.9130434782608695,0.9,0.052830188679245285,0.8602132895816242,82
RandomForest,1341,938,403,1,0.5,0.9789718348372983,0.9683546893418365,0.9187279151943464,0.9427126059611703,130,250,15,8,0.9420289855072463,0.896551724137931,0.05660377358490566,0.8854252119223407,82
GAM,1346,942,404,1,0.5,0.9754777331255639,0.95860421866295,0.9090909090909092,0.9248475901473523,120,260,7,17,0.8759124087591241,0.9448818897637795,0.026217228464419477,0.8496951802947047,83
Logit,1346,942,404,1,0.5,0.9755597473960469,0.9573462964983483,0.9111111111111111,0.9301785177287515,123,257,10,14,0.8978102189781022,0.924812030075188,0.03745318352059925,0.860357035457503,83
RandomForest,1346,942,404,1,0.5,0.9780201755105388,0.9665645613899254,0.9144981412639405,0.9320511769047815,123,258,9,14,0.8978102189781022,0.9318181818181818,0.033707865168539325,0.8641023538095629,83
GAM,1351,945,406,1,0.5,0.9825059485182782,0.9699249499250816,0.9236363636363637,0.9414882111183214,127,258,10,11,0.9202898550724637,0.927007299270073,0.03731343283582089,0.8829764222366429,84
Logit,1351,945,406,1,0.5,0.9813703223015358,0.9655771017922913,0.8982456140350877,0.9283203547479991,128,249,19,10,0.927536231884058,0.8707482993197279,0.0708955223880597,0.8566407094959982,84
RandomForest,1351,945,406,1,0.5,0.9811810512654121,0.9607214010287188,0.9280575539568345,0.9468689162881246,129,257,11,9,0.9347826086956522,0.9214285714285714,0.041044776119402986,0.8937378325762493,84
GAM,1349,944,405,1,0.5,0.9718829723714921,0.9400763275762906,0.9025270758122743,0.9266813222602182,125,253,14,13,0.9057971014492754,0.8992805755395683,0.052434456928838954,0.8533626445204364,85
Logit,1349,944,405,1,0.5,0.9705802529446886,0.9364375875379457,0.8858131487889273,0.9206969548933399,128,244,23,10,0.927536231884058,0.847682119205298,0.08614232209737828,0.8413939097866797,85
RandomForest,1349,944,405,1,0.5,0.9741084513922814,0.9568805567580546,0.8989547038327527,0.9299381208272268,129,247,20,9,0.9347826086956522,0.8657718120805369,0.0749063670411985,0.8598762416544538,85
GAM,1352,946,406,1,0.5,0.9787475665152497,0.9597699322914314,0.9163636363636363,0.9359993510707333,126,257,11,12,0.9130434782608695,0.9197080291970803,0.041044776119402986,0.8719987021414666,86
Logit,1352,946,406,1,0.5,0.9768818948734589,0.9524350182386584,0.8982456140350877,0.9283203547479991,128,249,19,10,0.927536231884058,0.8707482993197279,0.0708955223880597,0.8566407094959982,86
RandomForest,1352,946,406,1,0.5,0.9827492969932944,0.9714827794822034,0.9110320284697508,0.9357830413151633,128,253,15,10,0.927536231884058,0.8951048951048951,0.055970149253731345,0.8715660826303266,86
GAM,1347,942,405,1,0.5,0.973077131846062,0.9467571645614402,0.9097744360902256,0.9252971828692396,121,260,7,17,0.8768115942028986,0.9453125,0.026217228464419477,0.8505943657384791,87
Logit,1347,942,405,1,0.5,0.972344352168485,0.9455770741853164,0.9018181818181817,0.9249307930304511,124,254,13,14,0.8985507246376812,0.9051094890510949,0.04868913857677903,0.8498615860609021,87
RandomForest,1347,942,405,1,0.5,0.9814633881561092,0.9714176778833011,0.9197080291970804,0.9377951473701351,126,257,10,12,0.9130434782608695,0.9264705882352942,0.03745318352059925,0.8755902947402703,87
GAM,1337,935,402,1,0.5,0.9776570048309179,0.9620631868907378,0.9111111111111111,0.9286067193675889,123,255,9,15,0.8913043478260869,0.9318181818181818,0.03409090909090909,0.8572134387351779,88
Logit,1337,935,402,1,0.5,0.9784530083443126,0.9619356655878879,0.8920863309352518,0.9189723320158103,124,248,16,14,0.8985507246376812,0.8857142857142857,0.06060606060606061,0.8379446640316206,88
RandomForest,1337,935,402,1,0.5,0.9765865173473869,0.9657615375078274,0.9214285714285715,0.942770092226614,129,251,13,9,0.9347826086956522,0.9084507042253521,0.04924242424242424,0.885540184453228,88
GAM,1337,935,402,1,0.5,0.9685441370223978,0.9399492132382706,0.8953068592057762,0.9208662714097497,124,249,15,14,0.8985507246376812,0.8920863309352518,0.056818181818181816,0.8417325428194994,89
Logit,1337,935,402,1,0.5,0.9665953008344312,0.9338929145462327,0.8912280701754386,0.922266139657444,127,244,20,11,0.9202898550724637,0.8639455782312925,0.07575757575757576,0.844532279314888,89
RandomForest,1337,935,402,1,0.5,0.9745004391743521,0.951293669087037,0.9014084507042253,0.9296772068511199,128,246,18,10,0.927536231884058,0.8767123287671232,0.06818181818181818,0.8593544137022397,89
GAM,1348,943,405,1,0.5,0.9766324702817131,0.9635783322243746,0.9063670411985019,0.9234245236932096,121,259,8,17,0.8768115942028986,0.937984496124031,0.0299625468164794,0.8468490473864192,90
Logit,1348,943,405,1,0.5,0.9773923899473483,0.9620007963733379,0.8985507246376812,0.923058133854421,124,253,14,14,0.8985507246376812,0.8985507246376812,0.052434456928838954,0.8461162677088422,90
RandomForest,1348,943,405,1,0.5,0.9810834283232915,0.974183165251307,0.927536231884058,0.9450415241817294,128,257,10,10,0.927536231884058,0.927536231884058,0.03745318352059925,0.8900830483634588,90
GAM,1334,933,401,1,0.5,0.9822284675152918,0.9724524174859935,0.9037037037037037,0.9230175786631399,122,253,10,16,0.8840579710144928,0.9242424242424242,0.03802281368821293,0.8460351573262799,91
Logit,1334,933,401,1,0.5,0.981209015264231,0.9710844803351075,0.8960573476702509,0.9224802997740673,125,247,16,13,0.9057971014492754,0.8865248226950354,0.060836501901140684,0.8449605995481347,91
RandomForest,1334,933,401,1,0.5,0.9800242464319171,0.9727507710640446,0.9169675090252708,0.9373312393233042,127,251,12,11,0.9202898550724637,0.9136690647482014,0.045627376425855515,0.8746624786466082,91
GAM,1345,941,404,1,0.5,0.9665195597689876,0.9329281606140819,0.8864468864468865,0.912090007627765,121,252,14,17,0.8768115942028986,0.8962962962962963,0.05263157894736842,0.8241800152555301,92
Logit,1345,941,404,1,0.5,0.9651847008826414,0.930386004659078,0.8671328671328672,0.9041625803639534,124,242,24,14,0.8985507246376812,0.8378378378378378,0.09022556390977443,0.8083251607279067,92
RandomForest,1345,941,404,1,0.5,0.9710417347717121,0.9526152738768335,0.8881118881118881,0.9206712433257056,127,245,21,11,0.9202898550724637,0.8581081081081081,0.07894736842105263,0.8413424866514111,92
GAM,1345,941,404,1,0.5,0.9782608695652174,0.9601500482147147,0.9097744360902256,0.9252479023646072,121,259,7,17,0.8768115942028986,0.9453125,0.02631578947368421,0.8504958047292144,93
Logit,1345,941,404,1,0.5,0.9777432712215322,0.9605628125001656,0.9025270758122743,0.9265827612509534,125,252,14,13,0.9057971014492754,0.8992805755395683,0.05263157894736842,0.853165522501907,93
RandomForest,1345,941,404,1,0.5,0.9806854091751117,0.9687583224424879,0.924187725631769,0.9430914242127058,128,255,11,10,0.927536231884058,0.920863309352518,0.041353383458646614,0.8861828484254114,93
GAM,1344,940,404,1,0.5,0.9686444371799062,0.9403699436484203,0.8800000000000001,0.9083306091315244,121,250,16,17,0.8768115942028986,0.8832116788321168,0.06015037593984962,0.8166612182630489,94
Logit,1344,940,404,1,0.5,0.96730957829356,0.9387691872062109,0.8857142857142857,0.9154407758526751,124,248,18,14,0.8985507246376812,0.8732394366197183,0.06766917293233082,0.8308815517053503,94
RandomForest,1344,940,404,1,0.5,0.9751825215211943,0.9667730632296456,0.9142857142857144,0.9374523264683448,128,252,14,10,0.927536231884058,0.9014084507042254,0.05263157894736842,0.8749046529366895,94
GAM,1334,933,401,1,0.5,0.9756158042651678,0.9515369729512597,0.9151291512915128,0.9321650961591448,124,254,9,14,0.8985507246376812,0.9323308270676691,0.034220532319391636,0.8643301923182896,95
Logit,1334,933,401,1,0.5,0.9738799801620103,0.9472656782207646,0.9124087591240877,0.9319860031961206,125,252,11,13,0.9057971014492754,0.9191176470588235,0.04182509505703422,0.8639720063922411,95
RandomForest,1334,933,401,1,0.5,0.9807681710475561,0.9712089612394992,0.903914590747331,0.9297266765856615,127,247,16,11,0.9202898550724637,0.8881118881118881,0.060836501901140684,0.8594533531713231,95
GAM,1341,938,403,1,0.5,0.9692917692097347,0.9467090317463173,0.8808664259927799,0.9099535138091333,122,248,17,16,0.8840579710144928,0.8776978417266187,0.06415094339622641,0.8199070276182664,96
Logit,1341,938,403,1,0.5,0.9688815969373803,0.9431010966077428,0.8842105263157894,0.9168990976210007,126,244,21,12,0.9130434782608695,0.8571428571428571,0.07924528301886792,0.8337981952420016,96
RandomForest,1341,938,403,1,0.5,0.9752529395679519,0.9620861323681534,0.882758620689655,0.9184850970741045,128,241,24,10,0.927536231884058,0.8421052631578947,0.09056603773584905,0.836970194148209,96
GAM,1344,940,404,1,0.5,0.9773891249863791,0.960231503918634,0.9117647058823529,0.9304783698376375,124,256,10,14,0.8985507246376812,0.9253731343283582,0.03759398496240601,0.8609567396752751,97
Logit,1344,940,404,1,0.5,0.9755366677563474,0.9547587807659781,0.8842105263157894,0.9170480549199085,126,245,21,12,0.9130434782608695,0.8571428571428571,0.07894736842105263,0.8340961098398169,97
RandomForest,1344,940,404,1,0.5,0.9802767789037812,0.9697052178191732,0.9181494661921707,0.9410755148741419,129,252,14,9,0.9347826086956522,0.9020979020979021,0.05263157894736842,0.8821510297482837,97
GAM,1343,940,403,1,0.5,0.9789254157291037,0.9639194889658014,0.8970588235294118,0.9208193842269908,122,253,13,15,0.8905109489051095,0.9037037037037037,0.04887218045112782,0.8416387684539817,98
Logit,1343,940,403,1,0.5,0.9773612864277481,0.9594319900582435,0.896797153024911,0.9260194281323747,126,248,18,11,0.9197080291970803,0.875,0.06766917293233082,0.8520388562647494,98
RandomForest,1343,940,403,1,0.5,0.9795016738927611,0.9717507465213043,0.907142857142857,0.9334284616651116,127,250,16,10,0.927007299270073,0.8881118881118881,0.06015037593984962,0.8668569233302234,98
GAM,1345,941,404,1,0.5,0.9739021466710254,0.9515097822671713,0.8823529411764706,0.9084668192219679,120,252,14,18,0.8695652173913043,0.8955223880597015,0.05263157894736842,0.8169336384439359,99
Logit,1345,941,404,1,0.5,0.9721858995314372,0.9459431327431095,0.8857142857142857,0.9154407758526751,124,248,18,14,0.8985507246376812,0.8732394366197183,0.06766917293233082,0.8308815517053503,99
RandomForest,1345,941,404,1,0.5,0.9762177182085648,0.9687050285271747,0.9103942652329748,0.9338291380625476,127,252,14,11,0.9202898550724637,0.900709219858156,0.05263157894736842,0.8676582761250953,99
