mc_id,modelo,name,threshold,tpr,tnr,fpr,youdenJ
0,GAM,OPT,0.5754530337689773,0.9172932330827067,0.939516129032258,0.06048387096774194,0.8568093621149648
0,GAM,TPR25,0.9878513361611017,0.48120300751879697,1.0,0.0,0.48120300751879697
0,GAM,TPR95,0.443183820061454,0.9548872180451128,0.8911290322580645,0.10887096774193548,0.8460162503031773
0,Logit,OPT,0.6435681926797852,0.924812030075188,0.9112903225806451,0.08870967741935484,0.8361023526558331
0,Logit,TPR25,0.9999951705835375,0.007518796992481203,1.0,0.0,0.007518796992481203
0,Logit,TPR95,0.578893300127234,0.9473684210526315,0.8830645161290323,0.11693548387096774,0.8304329371816638
0,RandomForest,OPT,0.555590550240295,0.9172932330827067,0.9475806451612904,0.05241935483870968,0.8648738782439971
0,RandomForest,TPR25,0.9953778993819143,0.007518796992481203,1.0,0.0,0.007518796992481203
0,RandomForest,TPR95,0.4412762918146142,0.9473684210526315,0.9112903225806451,0.08870967741935484,0.8586587436332767
1,GAM,OPT,0.4898949202492753,0.9398496240601504,0.9596774193548387,0.04032258064516129,0.8995270434149891
1,GAM,TPR25,0.9999925751872142,0.007518796992481203,1.0,0.0,0.007518796992481203
1,GAM,TPR95,0.3744965660548658,0.9548872180451128,0.9435483870967742,0.056451612903225805,0.898435605141887
1,Logit,OPT,0.6853759557449518,0.924812030075188,0.967741935483871,0.03225806451612903,0.892553965559059
1,Logit,TPR25,0.9999896319797209,0.007518796992481203,1.0,0.0,0.007518796992481203
1,Logit,TPR95,0.5404028969753727,0.9473684210526315,0.9435483870967742,0.056451612903225805,0.8909168081494058
1,RandomForest,OPT,0.42213739620513036,0.9548872180451128,0.9435483870967742,0.056451612903225805,0.898435605141887
1,RandomForest,TPR25,0.9916195941747297,0.007518796992481203,1.0,0.0,0.007518796992481203
1,RandomForest,TPR95,0.47803895189862383,0.9473684210526315,0.9475806451612904,0.05241935483870968,0.8949490662139219
2,GAM,OPT,0.505689545707417,0.9323308270676691,0.96,0.04,0.8923308270676691
2,GAM,TPR25,0.9999884080065513,0.007518796992481203,1.0,0.0,0.007518796992481203
2,GAM,TPR95,0.33168248655346205,0.9473684210526315,0.924,0.076,0.8713684210526316
2,Logit,OPT,0.6361221738572915,0.9172932330827067,0.964,0.036,0.8812932330827067
2,Logit,TPR25,0.9999864581788859,0.007518796992481203,1.0,0.0,0.007518796992481203
2,Logit,TPR95,0.41817948766743396,0.9548872180451128,0.9,0.1,0.8548872180451128
2,RandomForest,OPT,0.4851120113410595,0.9323308270676691,0.956,0.044,0.8883308270676691
2,RandomForest,TPR25,0.9898014185990975,0.007518796992481203,1.0,0.0,0.007518796992481203
2,RandomForest,TPR95,0.39879210244206814,0.9548872180451128,0.928,0.072,0.8828872180451128
3,GAM,OPT,0.5381993821366056,0.9402985074626866,0.9635627530364372,0.03643724696356275,0.9038612604991239
3,GAM,TPR25,0.9808230494472724,0.3656716417910448,1.0,0.0,0.3656716417910448
3,GAM,TPR95,0.41912312985591677,0.9477611940298507,0.9433198380566802,0.05668016194331984,0.8910810320865309
3,Logit,OPT,0.635375288025776,0.9328358208955224,0.9635627530364372,0.03643724696356275,0.8963985739319597
3,Logit,TPR25,0.991397597362699,0.40298507462686567,1.0,0.0,0.40298507462686567
3,Logit,TPR95,0.474591915419465,0.9477611940298507,0.9149797570850202,0.08502024291497975,0.8627409511148709
3,RandomForest,OPT,0.4472788528525034,0.9552238805970149,0.9392712550607287,0.06072874493927125,0.8944951356577436
3,RandomForest,TPR25,0.952197575475501,0.1791044776119403,1.0,0.0,0.1791044776119403
3,RandomForest,TPR95,0.4683126319566382,0.9477611940298507,0.9433198380566802,0.05668016194331984,0.8910810320865309
4,GAM,OPT,0.5000088826523399,0.9172932330827067,0.9670781893004116,0.03292181069958848,0.8843714223831183
4,GAM,TPR25,0.9999784705165295,0.007518796992481203,1.0,0.0,0.007518796992481203
4,GAM,TPR95,0.35153361442991704,0.9473684210526315,0.9218106995884774,0.07818930041152264,0.8691791206411089
4,Logit,OPT,0.5382896291443334,0.9323308270676691,0.9300411522633745,0.06995884773662552,0.8623719793310436
4,Logit,TPR25,0.9999887292164853,0.007518796992481203,1.0,0.0,0.007518796992481203
4,Logit,TPR95,0.43149142630611464,0.9473684210526315,0.9094650205761317,0.09053497942386832,0.8568334416287632
4,RandomForest,OPT,0.489774488999767,0.9548872180451128,0.9506172839506173,0.04938271604938271,0.9055045019957301
4,RandomForest,TPR25,0.9920674506938528,0.007518796992481203,1.0,0.0,0.007518796992481203
4,RandomForest,TPR95,0.489774488999767,0.9548872180451128,0.9506172839506173,0.04938271604938271,0.9055045019957301
