ts,SU_dominio,R1_media_kriging_mm,R1_media_vecino_mm,delta_R1_mediana_mm,SU_cambian_clase_lluvia,SU_suben_alerta,SU_bajan_alerta
2025-06-23 19:00:00,55228,25.27539922048064,25.070352833509496,0.9851846399035615,7607,2002,4794
2025-06-23 20:00:00,55228,23.354572738339556,22.97156035795645,0.9800493559184691,7590,1552,5533
2025-06-23 21:00:00,55228,22.75020944990318,22.35913430743916,0.9432860630519713,6998,1781,4647
2025-06-23 22:00:00,55228,23.750329990996967,23.179531479517298,1.100433294364457,7756,2176,4588
2025-06-23 23:00:00,55228,28.600416554316276,28.040738418323812,1.4916140635400676,8974,2184,5932
2025-06-24 00:00:00,55228,31.15104197189701,30.49262462612375,1.2923473940637766,9143,3822,4555
2025-06-24 01:00:00,55228,27.96321844403801,27.269836465566605,1.1300783442331532,7828,2995,4152
2025-06-24 02:00:00,55228,23.918470996507367,23.447855907060845,0.8285798707415086,8663,3720,4092
2025-06-24 03:00:00,55228,21.611359280450547,21.34439418679723,0.7863092645336192,7110,2184,4233
2025-06-24 04:00:00,55228,19.99330189095723,19.81853771064666,0.7547825795436891,7177,1790,4800
2025-06-24 05:00:00,55228,18.714221425928834,18.57408333833155,0.7734969540134955,6017,1761,3766
2025-06-24 06:00:00,55228,17.609184400678775,17.50168326535283,0.7607564311428421,5968,1480,4102
