bin,p,obs,lo,hi,runs
0,0.019584997239735412,0.009900990099009901,0.0,0.03479786422578184,100
1,0.14347149951183874,0.07738095238095238,0.0,0.2727272727272727,100
2,0.24675596512396328,0.2,0.0,0.5,77
3,0.34604378112629286,0.42857142857142855,0.0928571428571429,0.6087499999999998,54
4,0.4515010489115503,0.6,0.16547619047619047,0.8354166666666666,60
5,0.549410668595023,0.6666666666666666,0.4,1.0,69
6,0.646740870371786,0.7142857142857143,0.4928571428571429,1.0,59
7,0.7539017440698268,0.8,0.47500000000000003,1.0,74
8,0.8574488252076552,0.9045454545454545,0.7491666666666666,1.0,100
9,0.970713401614364,0.9529346622369879,0.8717535153019024,1.0,100
