level,si_no,n,variable,run_id
El Niño,0,157,ENSO,0
El Niño,1,50,ENSO,0
La Niña,0,158,ENSO,0
La Niña,1,216,ENSO,0
Neutro,0,351,ENSO,0
Neutro,1,67,ENSO,0
1,0,43,zona,0
1,1,79,zona,0
2,0,317,zona,0
2,1,92,zona,0
3,0,188,zona,0
3,1,33,zona,0
4,0,23,zona,0
4,1,8,zona,0
5,0,95,zona,0
5,1,121,zona,0
1,0,364,tipo_su,0
1,1,168,tipo_su,0
2,0,224,tipo_su,0
2,1,146,tipo_su,0
3,0,78,tipo_su,0
3,1,19,tipo_su,0
El Niño,0,165,ENSO,1
El Niño,1,50,ENSO,1
La Niña,0,147,ENSO,1
La Niña,1,216,ENSO,1
Neutro,0,354,ENSO,1
Neutro,1,67,ENSO,1
1,0,32,zona,1
1,1,79,zona,1
2,0,356,zona,1
2,1,92,zona,1
3,0,158,zona,1
3,1,33,zona,1
4,0,39,zona,1
4,1,8,zona,1
5,0,81,zona,1
5,1,121,zona,1
1,0,376,tipo_su,1
1,1,168,tipo_su,1
2,0,213,tipo_su,1
2,1,146,tipo_su,1
3,0,77,tipo_su,1
3,1,19,tipo_su,1
El Niño,0,158,ENSO,2
El Niño,1,50,ENSO,2
La Niña,0,145,ENSO,2
La Niña,1,216,ENSO,2
Neutro,0,363,ENSO,2
Neutro,1,67,ENSO,2
1,0,37,zona,2
1,1,79,zona,2
2,0,349,zona,2
2,1,92,zona,2
3,0,161,zona,2
3,1,33,zona,2
4,0,26,zona,2
4,1,8,zona,2
5,0,93,zona,2
5,1,121,zona,2
1,0,367,tipo_su,2
1,1,168,tipo_su,2
2,0,231,tipo_su,2
2,1,146,tipo_su,2
3,0,68,tipo_su,2
3,1,19,tipo_su,2
El Niño,0,163,ENSO,3
El Niño,1,50,ENSO,3
La Niña,0,164,ENSO,3
La Niña,1,216,ENSO,3
Neutro,0,339,ENSO,3
Neutro,1,67,ENSO,3
1,0,43,zona,3
1,1,79,zona,3
2,0,348,zona,3
2,1,92,zona,3
3,0,155,zona,3
3,1,33,zona,3
4,0,41,zona,3
4,1,8,zona,3
5,0,79,zona,3
5,1,121,zona,3
1,0,367,tipo_su,3
1,1,168,tipo_su,3
2,0,236,tipo_su,3
2,1,146,tipo_su,3
3,0,63,tipo_su,3
3,1,19,tipo_su,3
El Niño,0,159,ENSO,4
El Niño,1,50,ENSO,4
La Niña,0,158,ENSO,4
La Niña,1,216,ENSO,4
Neutro,0,349,ENSO,4
Neutro,1,67,ENSO,4
1,0,37,zona,4
1,1,79,zona,4
2,0,330,zona,4
2,1,92,zona,4
3,0,173,zona,4
3,1,33,zona,4
4,0,21,zona,4
4,1,8,zona,4
5,0,105,zona,4
5,1,121,zona,4
1,0,385,tipo_su,4
1,1,168,tipo_su,4
2,0,199,tipo_su,4
2,1,146,tipo_su,4
3,0,82,tipo_su,4
3,1,19,tipo_su,4
El Niño,0,161,ENSO,5
El Niño,1,50,ENSO,5
La Niña,0,155,ENSO,5
La Niña,1,216,ENSO,5
Neutro,0,350,ENSO,5
Neutro,1,67,ENSO,5
1,0,39,zona,5
1,1,79,zona,5
2,0,349,zona,5
2,1,92,zona,5
3,0,165,zona,5
3,1,33,zona,5
4,0,34,zona,5
4,1,8,zona,5
5,0,79,zona,5
5,1,121,zona,5
1,0,350,tipo_su,5
1,1,168,tipo_su,5
2,0,225,tipo_su,5
2,1,146,tipo_su,5
3,0,91,tipo_su,5
3,1,19,tipo_su,5
El Niño,0,154,ENSO,6
El Niño,1,50,ENSO,6
La Niña,0,142,ENSO,6
La Niña,1,216,ENSO,6
Neutro,0,370,ENSO,6
Neutro,1,67,ENSO,6
1,0,35,zona,6
1,1,79,zona,6
2,0,345,zona,6
2,1,92,zona,6
3,0,160,zona,6
3,1,33,zona,6
4,0,41,zona,6
4,1,8,zona,6
5,0,85,zona,6
5,1,121,zona,6
1,0,365,tipo_su,6
1,1,168,tipo_su,6
2,0,224,tipo_su,6
2,1,146,tipo_su,6
3,0,77,tipo_su,6
3,1,19,tipo_su,6
El Niño,0,163,ENSO,7
El Niño,1,50,ENSO,7
La Niña,0,159,ENSO,7
La Niña,1,216,ENSO,7
Neutro,0,344,ENSO,7
Neutro,1,67,ENSO,7
1,0,47,zona,7
1,1,79,zona,7
2,0,336,zona,7
2,1,92,zona,7
3,0,162,zona,7
3,1,33,zona,7
4,0,23,zona,7
4,1,8,zona,7
5,0,98,zona,7
5,1,121,zona,7
1,0,357,tipo_su,7
1,1,168,tipo_su,7
2,0,238,tipo_su,7
2,1,146,tipo_su,7
3,0,71,tipo_su,7
3,1,19,tipo_su,7
El Niño,0,160,ENSO,8
El Niño,1,50,ENSO,8
La Niña,0,144,ENSO,8
La Niña,1,216,ENSO,8
Neutro,0,362,ENSO,8
Neutro,1,67,ENSO,8
1,0,44,zona,8
1,1,79,zona,8
2,0,348,zona,8
2,1,92,zona,8
3,0,157,zona,8
3,1,33,zona,8
4,0,31,zona,8
4,1,8,zona,8
5,0,86,zona,8
5,1,121,zona,8
1,0,372,tipo_su,8
1,1,168,tipo_su,8
2,0,220,tipo_su,8
2,1,146,tipo_su,8
3,0,74,tipo_su,8
3,1,19,tipo_su,8
El Niño,0,157,ENSO,9
El Niño,1,50,ENSO,9
La Niña,0,164,ENSO,9
La Niña,1,216,ENSO,9
Neutro,0,345,ENSO,9
Neutro,1,67,ENSO,9
1,0,45,zona,9
1,1,79,zona,9
2,0,348,zona,9
2,1,92,zona,9
3,0,162,zona,9
3,1,33,zona,9
4,0,26,zona,9
4,1,8,zona,9
5,0,85,zona,9
5,1,121,zona,9
1,0,362,tipo_su,9
1,1,168,tipo_su,9
2,0,232,tipo_su,9
2,1,146,tipo_su,9
3,0,72,tipo_su,9
3,1,19,tipo_su,9
El Niño,0,161,ENSO,10
El Niño,1,50,ENSO,10
La Niña,0,152,ENSO,10
La Niña,1,216,ENSO,10
Neutro,0,353,ENSO,10
Neutro,1,67,ENSO,10
1,0,39,zona,10
1,1,79,zona,10
2,0,335,zona,10
2,1,92,zona,10
3,0,170,zona,10
3,1,33,zona,10
4,0,34,zona,10
4,1,8,zona,10
5,0,88,zona,10
5,1,121,zona,10
1,0,359,tipo_su,10
1,1,168,tipo_su,10
2,0,234,tipo_su,10
2,1,146,tipo_su,10
3,0,73,tipo_su,10
3,1,19,tipo_su,10
El Niño,0,173,ENSO,11
El Niño,1,50,ENSO,11
La Niña,0,147,ENSO,11
La Niña,1,216,ENSO,11
Neutro,0,346,ENSO,11
Neutro,1,67,ENSO,11
1,0,29,zona,11
1,1,79,zona,11
2,0,354,zona,11
2,1,92,zona,11
3,0,177,zona,11
3,1,33,zona,11
4,0,28,zona,11
4,1,8,zona,11
5,0,78,zona,11
5,1,121,zona,11
1,0,373,tipo_su,11
1,1,168,tipo_su,11
2,0,211,tipo_su,11
2,1,146,tipo_su,11
3,0,82,tipo_su,11
3,1,19,tipo_su,11
El Niño,0,169,ENSO,12
El Niño,1,50,ENSO,12
La Niña,0,144,ENSO,12
La Niña,1,216,ENSO,12
Neutro,0,353,ENSO,12
Neutro,1,67,ENSO,12
1,0,30,zona,12
1,1,79,zona,12
2,0,355,zona,12
2,1,92,zona,12
3,0,173,zona,12
3,1,33,zona,12
4,0,27,zona,12
4,1,8,zona,12
5,0,81,zona,12
5,1,121,zona,12
1,0,366,tipo_su,12
1,1,168,tipo_su,12
2,0,225,tipo_su,12
2,1,146,tipo_su,12
3,0,75,tipo_su,12
3,1,19,tipo_su,12
El Niño,0,174,ENSO,13
El Niño,1,50,ENSO,13
La Niña,0,148,ENSO,13
La Niña,1,216,ENSO,13
Neutro,0,344,ENSO,13
Neutro,1,67,ENSO,13
1,0,33,zona,13
1,1,79,zona,13
2,0,371,zona,13
2,1,92,zona,13
3,0,152,zona,13
3,1,33,zona,13
4,0,29,zona,13
4,1,8,zona,13
5,0,81,zona,13
5,1,121,zona,13
1,0,367,tipo_su,13
1,1,168,tipo_su,13
2,0,223,tipo_su,13
2,1,146,tipo_su,13
3,0,76,tipo_su,13
3,1,19,tipo_su,13
El Niño,0,177,ENSO,14
El Niño,1,50,ENSO,14
La Niña,0,151,ENSO,14
La Niña,1,216,ENSO,14
Neutro,0,338,ENSO,14
Neutro,1,67,ENSO,14
1,0,32,zona,14
1,1,79,zona,14
2,0,343,zona,14
2,1,92,zona,14
3,0,164,zona,14
3,1,33,zona,14
4,0,35,zona,14
4,1,8,zona,14
5,0,92,zona,14
5,1,121,zona,14
1,0,383,tipo_su,14
1,1,168,tipo_su,14
2,0,217,tipo_su,14
2,1,146,tipo_su,14
3,0,66,tipo_su,14
3,1,19,tipo_su,14
El Niño,0,168,ENSO,15
El Niño,1,50,ENSO,15
La Niña,0,157,ENSO,15
La Niña,1,216,ENSO,15
Neutro,0,341,ENSO,15
Neutro,1,67,ENSO,15
1,0,39,zona,15
1,1,79,zona,15
2,0,367,zona,15
2,1,92,zona,15
3,0,145,zona,15
3,1,33,zona,15
4,0,31,zona,15
4,1,8,zona,15
5,0,84,zona,15
5,1,121,zona,15
1,0,392,tipo_su,15
1,1,168,tipo_su,15
2,0,208,tipo_su,15
2,1,146,tipo_su,15
3,0,66,tipo_su,15
3,1,19,tipo_su,15
El Niño,0,137,ENSO,16
El Niño,1,50,ENSO,16
La Niña,0,153,ENSO,16
La Niña,1,216,ENSO,16
Neutro,0,376,ENSO,16
Neutro,1,67,ENSO,16
1,0,35,zona,16
1,1,79,zona,16
2,0,360,zona,16
2,1,92,zona,16
3,0,143,zona,16
3,1,33,zona,16
4,0,35,zona,16
4,1,8,zona,16
5,0,93,zona,16
5,1,121,zona,16
1,0,378,tipo_su,16
1,1,168,tipo_su,16
2,0,216,tipo_su,16
2,1,146,tipo_su,16
3,0,72,tipo_su,16
3,1,19,tipo_su,16
El Niño,0,165,ENSO,17
El Niño,1,50,ENSO,17
La Niña,0,155,ENSO,17
La Niña,1,216,ENSO,17
Neutro,0,346,ENSO,17
Neutro,1,67,ENSO,17
1,0,25,zona,17
1,1,79,zona,17
2,0,351,zona,17
2,1,92,zona,17
3,0,173,zona,17
3,1,33,zona,17
4,0,23,zona,17
4,1,8,zona,17
5,0,94,zona,17
5,1,121,zona,17
1,0,376,tipo_su,17
1,1,168,tipo_su,17
2,0,225,tipo_su,17
2,1,146,tipo_su,17
3,0,65,tipo_su,17
3,1,19,tipo_su,17
El Niño,0,163,ENSO,18
El Niño,1,50,ENSO,18
La Niña,0,154,ENSO,18
La Niña,1,216,ENSO,18
Neutro,0,349,ENSO,18
Neutro,1,67,ENSO,18
1,0,38,zona,18
1,1,79,zona,18
2,0,357,zona,18
2,1,92,zona,18
3,0,164,zona,18
3,1,33,zona,18
4,0,30,zona,18
4,1,8,zona,18
5,0,77,zona,18
5,1,121,zona,18
1,0,390,tipo_su,18
1,1,168,tipo_su,18
2,0,208,tipo_su,18
2,1,146,tipo_su,18
3,0,68,tipo_su,18
3,1,19,tipo_su,18
El Niño,0,151,ENSO,19
El Niño,1,50,ENSO,19
La Niña,0,179,ENSO,19
La Niña,1,216,ENSO,19
Neutro,0,336,ENSO,19
Neutro,1,67,ENSO,19
1,0,35,zona,19
1,1,79,zona,19
2,0,341,zona,19
2,1,92,zona,19
3,0,177,zona,19
3,1,33,zona,19
4,0,30,zona,19
4,1,8,zona,19
5,0,83,zona,19
5,1,121,zona,19
1,0,364,tipo_su,19
1,1,168,tipo_su,19
2,0,240,tipo_su,19
2,1,146,tipo_su,19
3,0,62,tipo_su,19
3,1,19,tipo_su,19
El Niño,0,158,ENSO,20
El Niño,1,50,ENSO,20
La Niña,0,150,ENSO,20
La Niña,1,216,ENSO,20
Neutro,0,358,ENSO,20
Neutro,1,67,ENSO,20
1,0,33,zona,20
1,1,79,zona,20
2,0,375,zona,20
2,1,92,zona,20
3,0,155,zona,20
3,1,33,zona,20
4,0,29,zona,20
4,1,8,zona,20
5,0,74,zona,20
5,1,121,zona,20
1,0,358,tipo_su,20
1,1,168,tipo_su,20
2,0,233,tipo_su,20
2,1,146,tipo_su,20
3,0,75,tipo_su,20
3,1,19,tipo_su,20
El Niño,0,142,ENSO,21
El Niño,1,50,ENSO,21
La Niña,0,154,ENSO,21
La Niña,1,216,ENSO,21
Neutro,0,370,ENSO,21
Neutro,1,67,ENSO,21
1,0,40,zona,21
1,1,79,zona,21
2,0,346,zona,21
2,1,92,zona,21
3,0,154,zona,21
3,1,33,zona,21
4,0,37,zona,21
4,1,8,zona,21
5,0,89,zona,21
5,1,121,zona,21
1,0,361,tipo_su,21
1,1,168,tipo_su,21
2,0,248,tipo_su,21
2,1,146,tipo_su,21
3,0,57,tipo_su,21
3,1,19,tipo_su,21
El Niño,0,161,ENSO,22
El Niño,1,50,ENSO,22
La Niña,0,160,ENSO,22
La Niña,1,216,ENSO,22
Neutro,0,345,ENSO,22
Neutro,1,67,ENSO,22
1,0,30,zona,22
1,1,79,zona,22
2,0,358,zona,22
2,1,92,zona,22
3,0,157,zona,22
3,1,33,zona,22
4,0,34,zona,22
4,1,8,zona,22
5,0,87,zona,22
5,1,121,zona,22
1,0,374,tipo_su,22
1,1,168,tipo_su,22
2,0,211,tipo_su,22
2,1,146,tipo_su,22
3,0,81,tipo_su,22
3,1,19,tipo_su,22
El Niño,0,163,ENSO,23
El Niño,1,50,ENSO,23
La Niña,0,169,ENSO,23
La Niña,1,216,ENSO,23
Neutro,0,334,ENSO,23
Neutro,1,67,ENSO,23
1,0,39,zona,23
1,1,79,zona,23
2,0,349,zona,23
2,1,92,zona,23
3,0,173,zona,23
3,1,33,zona,23
4,0,23,zona,23
4,1,8,zona,23
5,0,82,zona,23
5,1,121,zona,23
1,0,366,tipo_su,23
1,1,168,tipo_su,23
2,0,228,tipo_su,23
2,1,146,tipo_su,23
3,0,72,tipo_su,23
3,1,19,tipo_su,23
El Niño,0,143,ENSO,24
El Niño,1,50,ENSO,24
La Niña,0,175,ENSO,24
La Niña,1,216,ENSO,24
Neutro,0,348,ENSO,24
Neutro,1,67,ENSO,24
1,0,41,zona,24
1,1,79,zona,24
2,0,337,zona,24
2,1,92,zona,24
3,0,182,zona,24
3,1,33,zona,24
4,0,27,zona,24
4,1,8,zona,24
5,0,79,zona,24
5,1,121,zona,24
1,0,380,tipo_su,24
1,1,168,tipo_su,24
2,0,223,tipo_su,24
2,1,146,tipo_su,24
3,0,63,tipo_su,24
3,1,19,tipo_su,24
El Niño,0,146,ENSO,25
El Niño,1,50,ENSO,25
La Niña,0,167,ENSO,25
La Niña,1,216,ENSO,25
Neutro,0,353,ENSO,25
Neutro,1,67,ENSO,25
1,0,37,zona,25
1,1,79,zona,25
2,0,340,zona,25
2,1,92,zona,25
3,0,171,zona,25
3,1,33,zona,25
4,0,36,zona,25
4,1,8,zona,25
5,0,82,zona,25
5,1,121,zona,25
1,0,371,tipo_su,25
1,1,168,tipo_su,25
2,0,213,tipo_su,25
2,1,146,tipo_su,25
3,0,82,tipo_su,25
3,1,19,tipo_su,25
El Niño,0,166,ENSO,26
El Niño,1,50,ENSO,26
La Niña,0,137,ENSO,26
La Niña,1,216,ENSO,26
Neutro,0,363,ENSO,26
Neutro,1,67,ENSO,26
1,0,39,zona,26
1,1,79,zona,26
2,0,364,zona,26
2,1,92,zona,26
3,0,151,zona,26
3,1,33,zona,26
4,0,26,zona,26
4,1,8,zona,26
5,0,86,zona,26
5,1,121,zona,26
1,0,364,tipo_su,26
1,1,168,tipo_su,26
2,0,223,tipo_su,26
2,1,146,tipo_su,26
3,0,79,tipo_su,26
3,1,19,tipo_su,26
El Niño,0,157,ENSO,27
El Niño,1,50,ENSO,27
La Niña,0,172,ENSO,27
La Niña,1,216,ENSO,27
Neutro,0,337,ENSO,27
Neutro,1,67,ENSO,27
1,0,42,zona,27
1,1,79,zona,27
2,0,352,zona,27
2,1,92,zona,27
3,0,161,zona,27
3,1,33,zona,27
4,0,28,zona,27
4,1,8,zona,27
5,0,83,zona,27
5,1,121,zona,27
1,0,351,tipo_su,27
1,1,168,tipo_su,27
2,0,233,tipo_su,27
2,1,146,tipo_su,27
3,0,82,tipo_su,27
3,1,19,tipo_su,27
El Niño,0,161,ENSO,28
El Niño,1,50,ENSO,28
La Niña,0,142,ENSO,28
La Niña,1,216,ENSO,28
Neutro,0,363,ENSO,28
Neutro,1,67,ENSO,28
1,0,34,zona,28
1,1,79,zona,28
2,0,351,zona,28
2,1,92,zona,28
3,0,165,zona,28
3,1,33,zona,28
4,0,33,zona,28
4,1,8,zona,28
5,0,83,zona,28
5,1,121,zona,28
1,0,386,tipo_su,28
1,1,168,tipo_su,28
2,0,206,tipo_su,28
2,1,146,tipo_su,28
3,0,74,tipo_su,28
3,1,19,tipo_su,28
El Niño,0,184,ENSO,29
El Niño,1,50,ENSO,29
La Niña,0,149,ENSO,29
La Niña,1,216,ENSO,29
Neutro,0,333,ENSO,29
Neutro,1,67,ENSO,29
1,0,46,zona,29
1,1,79,zona,29
2,0,332,zona,29
2,1,92,zona,29
3,0,171,zona,29
3,1,33,zona,29
4,0,31,zona,29
4,1,8,zona,29
5,0,86,zona,29
5,1,121,zona,29
1,0,364,tipo_su,29
1,1,168,tipo_su,29
2,0,220,tipo_su,29
2,1,146,tipo_su,29
3,0,82,tipo_su,29
3,1,19,tipo_su,29
El Niño,0,157,ENSO,30
El Niño,1,50,ENSO,30
La Niña,0,152,ENSO,30
La Niña,1,216,ENSO,30
Neutro,0,357,ENSO,30
Neutro,1,67,ENSO,30
1,0,31,zona,30
1,1,79,zona,30
2,0,361,zona,30
2,1,92,zona,30
3,0,155,zona,30
3,1,33,zona,30
4,0,26,zona,30
4,1,8,zona,30
5,0,93,zona,30
5,1,121,zona,30
1,0,383,tipo_su,30
1,1,168,tipo_su,30
2,0,218,tipo_su,30
2,1,146,tipo_su,30
3,0,65,tipo_su,30
3,1,19,tipo_su,30
El Niño,0,160,ENSO,31
El Niño,1,50,ENSO,31
La Niña,0,127,ENSO,31
La Niña,1,216,ENSO,31
Neutro,0,379,ENSO,31
Neutro,1,67,ENSO,31
1,0,40,zona,31
1,1,79,zona,31
2,0,334,zona,31
2,1,92,zona,31
3,0,174,zona,31
3,1,33,zona,31
4,0,27,zona,31
4,1,8,zona,31
5,0,91,zona,31
5,1,121,zona,31
1,0,398,tipo_su,31
1,1,168,tipo_su,31
2,0,199,tipo_su,31
2,1,146,tipo_su,31
3,0,69,tipo_su,31
3,1,19,tipo_su,31
El Niño,0,159,ENSO,32
El Niño,1,50,ENSO,32
La Niña,0,146,ENSO,32
La Niña,1,216,ENSO,32
Neutro,0,361,ENSO,32
Neutro,1,67,ENSO,32
1,0,39,zona,32
1,1,79,zona,32
2,0,337,zona,32
2,1,92,zona,32
3,0,157,zona,32
3,1,33,zona,32
4,0,34,zona,32
4,1,8,zona,32
5,0,99,zona,32
5,1,121,zona,32
1,0,387,tipo_su,32
1,1,168,tipo_su,32
2,0,218,tipo_su,32
2,1,146,tipo_su,32
3,0,61,tipo_su,32
3,1,19,tipo_su,32
El Niño,0,153,ENSO,33
El Niño,1,50,ENSO,33
La Niña,0,147,ENSO,33
La Niña,1,216,ENSO,33
Neutro,0,366,ENSO,33
Neutro,1,67,ENSO,33
1,0,35,zona,33
1,1,79,zona,33
2,0,337,zona,33
2,1,92,zona,33
3,0,180,zona,33
3,1,33,zona,33
4,0,32,zona,33
4,1,8,zona,33
5,0,82,zona,33
5,1,121,zona,33
1,0,389,tipo_su,33
1,1,168,tipo_su,33
2,0,206,tipo_su,33
2,1,146,tipo_su,33
3,0,71,tipo_su,33
3,1,19,tipo_su,33
El Niño,0,166,ENSO,34
El Niño,1,50,ENSO,34
La Niña,0,151,ENSO,34
La Niña,1,216,ENSO,34
Neutro,0,349,ENSO,34
Neutro,1,67,ENSO,34
1,0,39,zona,34
1,1,79,zona,34
2,0,345,zona,34
2,1,92,zona,34
3,0,152,zona,34
3,1,33,zona,34
4,0,41,zona,34
4,1,8,zona,34
5,0,89,zona,34
5,1,121,zona,34
1,0,378,tipo_su,34
1,1,168,tipo_su,34
2,0,224,tipo_su,34
2,1,146,tipo_su,34
3,0,64,tipo_su,34
3,1,19,tipo_su,34
El Niño,0,151,ENSO,35
El Niño,1,50,ENSO,35
La Niña,0,161,ENSO,35
La Niña,1,216,ENSO,35
Neutro,0,354,ENSO,35
Neutro,1,67,ENSO,35
1,0,32,zona,35
1,1,79,zona,35
2,0,352,zona,35
2,1,92,zona,35
3,0,159,zona,35
3,1,33,zona,35
4,0,35,zona,35
4,1,8,zona,35
5,0,88,zona,35
5,1,121,zona,35
1,0,356,tipo_su,35
1,1,168,tipo_su,35
2,0,223,tipo_su,35
2,1,146,tipo_su,35
3,0,87,tipo_su,35
3,1,19,tipo_su,35
El Niño,0,159,ENSO,36
El Niño,1,50,ENSO,36
La Niña,0,165,ENSO,36
La Niña,1,216,ENSO,36
Neutro,0,342,ENSO,36
Neutro,1,67,ENSO,36
1,0,25,zona,36
1,1,79,zona,36
2,0,354,zona,36
2,1,92,zona,36
3,0,176,zona,36
3,1,33,zona,36
4,0,29,zona,36
4,1,8,zona,36
5,0,82,zona,36
5,1,121,zona,36
1,0,381,tipo_su,36
1,1,168,tipo_su,36
2,0,213,tipo_su,36
2,1,146,tipo_su,36
3,0,72,tipo_su,36
3,1,19,tipo_su,36
El Niño,0,152,ENSO,37
El Niño,1,50,ENSO,37
La Niña,0,157,ENSO,37
La Niña,1,216,ENSO,37
Neutro,0,357,ENSO,37
Neutro,1,67,ENSO,37
1,0,31,zona,37
1,1,79,zona,37
2,0,339,zona,37
2,1,92,zona,37
3,0,182,zona,37
3,1,33,zona,37
4,0,32,zona,37
4,1,8,zona,37
5,0,82,zona,37
5,1,121,zona,37
1,0,382,tipo_su,37
1,1,168,tipo_su,37
2,0,212,tipo_su,37
2,1,146,tipo_su,37
3,0,72,tipo_su,37
3,1,19,tipo_su,37
El Niño,0,174,ENSO,38
El Niño,1,50,ENSO,38
La Niña,0,123,ENSO,38
La Niña,1,216,ENSO,38
Neutro,0,369,ENSO,38
Neutro,1,67,ENSO,38
1,0,33,zona,38
1,1,79,zona,38
2,0,353,zona,38
2,1,92,zona,38
3,0,173,zona,38
3,1,33,zona,38
4,0,24,zona,38
4,1,8,zona,38
5,0,83,zona,38
5,1,121,zona,38
1,0,349,tipo_su,38
1,1,168,tipo_su,38
2,0,241,tipo_su,38
2,1,146,tipo_su,38
3,0,76,tipo_su,38
3,1,19,tipo_su,38
El Niño,0,156,ENSO,39
El Niño,1,50,ENSO,39
La Niña,0,164,ENSO,39
La Niña,1,216,ENSO,39
Neutro,0,346,ENSO,39
Neutro,1,67,ENSO,39
1,0,52,zona,39
1,1,79,zona,39
2,0,339,zona,39
2,1,92,zona,39
3,0,168,zona,39
3,1,33,zona,39
4,0,25,zona,39
4,1,8,zona,39
5,0,82,zona,39
5,1,121,zona,39
1,0,359,tipo_su,39
1,1,168,tipo_su,39
2,0,236,tipo_su,39
2,1,146,tipo_su,39
3,0,71,tipo_su,39
3,1,19,tipo_su,39
El Niño,0,165,ENSO,40
El Niño,1,50,ENSO,40
La Niña,0,162,ENSO,40
La Niña,1,216,ENSO,40
Neutro,0,339,ENSO,40
Neutro,1,67,ENSO,40
1,0,45,zona,40
1,1,79,zona,40
2,0,321,zona,40
2,1,92,zona,40
3,0,182,zona,40
3,1,33,zona,40
4,0,30,zona,40
4,1,8,zona,40
5,0,88,zona,40
5,1,121,zona,40
1,0,364,tipo_su,40
1,1,168,tipo_su,40
2,0,227,tipo_su,40
2,1,146,tipo_su,40
3,0,75,tipo_su,40
3,1,19,tipo_su,40
El Niño,0,167,ENSO,41
El Niño,1,50,ENSO,41
La Niña,0,160,ENSO,41
La Niña,1,216,ENSO,41
Neutro,0,339,ENSO,41
Neutro,1,67,ENSO,41
1,0,32,zona,41
1,1,79,zona,41
2,0,340,zona,41
2,1,92,zona,41
3,0,163,zona,41
3,1,33,zona,41
4,0,34,zona,41
4,1,8,zona,41
5,0,97,zona,41
5,1,121,zona,41
1,0,397,tipo_su,41
1,1,168,tipo_su,41
2,0,209,tipo_su,41
2,1,146,tipo_su,41
3,0,60,tipo_su,41
3,1,19,tipo_su,41
El Niño,0,148,ENSO,42
El Niño,1,50,ENSO,42
La Niña,0,151,ENSO,42
La Niña,1,216,ENSO,42
Neutro,0,367,ENSO,42
Neutro,1,67,ENSO,42
1,0,37,zona,42
1,1,79,zona,42
2,0,353,zona,42
2,1,92,zona,42
3,0,158,zona,42
3,1,33,zona,42
4,0,26,zona,42
4,1,8,zona,42
5,0,92,zona,42
5,1,121,zona,42
1,0,352,tipo_su,42
1,1,168,tipo_su,42
2,0,244,tipo_su,42
2,1,146,tipo_su,42
3,0,70,tipo_su,42
3,1,19,tipo_su,42
El Niño,0,146,ENSO,43
El Niño,1,50,ENSO,43
La Niña,0,170,ENSO,43
La Niña,1,216,ENSO,43
Neutro,0,350,ENSO,43
Neutro,1,67,ENSO,43
1,0,31,zona,43
1,1,79,zona,43
2,0,362,zona,43
2,1,92,zona,43
3,0,160,zona,43
3,1,33,zona,43
4,0,22,zona,43
4,1,8,zona,43
5,0,91,zona,43
5,1,121,zona,43
1,0,368,tipo_su,43
1,1,168,tipo_su,43
2,0,215,tipo_su,43
2,1,146,tipo_su,43
3,0,83,tipo_su,43
3,1,19,tipo_su,43
El Niño,0,172,ENSO,44
El Niño,1,50,ENSO,44
La Niña,0,142,ENSO,44
La Niña,1,216,ENSO,44
Neutro,0,352,ENSO,44
Neutro,1,67,ENSO,44
1,0,31,zona,44
1,1,79,zona,44
2,0,352,zona,44
2,1,92,zona,44
3,0,151,zona,44
3,1,33,zona,44
4,0,42,zona,44
4,1,8,zona,44
5,0,90,zona,44
5,1,121,zona,44
1,0,388,tipo_su,44
1,1,168,tipo_su,44
2,0,196,tipo_su,44
2,1,146,tipo_su,44
3,0,82,tipo_su,44
3,1,19,tipo_su,44
El Niño,0,160,ENSO,45
El Niño,1,50,ENSO,45
La Niña,0,168,ENSO,45
La Niña,1,216,ENSO,45
Neutro,0,338,ENSO,45
Neutro,1,67,ENSO,45
1,0,26,zona,45
1,1,79,zona,45
2,0,362,zona,45
2,1,92,zona,45
3,0,156,zona,45
3,1,33,zona,45
4,0,46,zona,45
4,1,8,zona,45
5,0,76,zona,45
5,1,121,zona,45
1,0,366,tipo_su,45
1,1,168,tipo_su,45
2,0,230,tipo_su,45
2,1,146,tipo_su,45
3,0,70,tipo_su,45
3,1,19,tipo_su,45
El Niño,0,189,ENSO,46
El Niño,1,50,ENSO,46
La Niña,0,161,ENSO,46
La Niña,1,216,ENSO,46
Neutro,0,316,ENSO,46
Neutro,1,67,ENSO,46
1,0,38,zona,46
1,1,79,zona,46
2,0,352,zona,46
2,1,92,zona,46
3,0,150,zona,46
3,1,33,zona,46
4,0,35,zona,46
4,1,8,zona,46
5,0,91,zona,46
5,1,121,zona,46
1,0,391,tipo_su,46
1,1,168,tipo_su,46
2,0,197,tipo_su,46
2,1,146,tipo_su,46
3,0,78,tipo_su,46
3,1,19,tipo_su,46
El Niño,0,148,ENSO,47
El Niño,1,50,ENSO,47
La Niña,0,173,ENSO,47
La Niña,1,216,ENSO,47
Neutro,0,345,ENSO,47
Neutro,1,67,ENSO,47
1,0,33,zona,47
1,1,79,zona,47
2,0,353,zona,47
2,1,92,zona,47
3,0,170,zona,47
3,1,33,zona,47
4,0,24,zona,47
4,1,8,zona,47
5,0,86,zona,47
5,1,121,zona,47
1,0,381,tipo_su,47
1,1,168,tipo_su,47
2,0,210,tipo_su,47
2,1,146,tipo_su,47
3,0,75,tipo_su,47
3,1,19,tipo_su,47
El Niño,0,172,ENSO,48
El Niño,1,50,ENSO,48
La Niña,0,173,ENSO,48
La Niña,1,216,ENSO,48
Neutro,0,321,ENSO,48
Neutro,1,67,ENSO,48
1,0,44,zona,48
1,1,79,zona,48
2,0,342,zona,48
2,1,92,zona,48
3,0,168,zona,48
3,1,33,zona,48
4,0,31,zona,48
4,1,8,zona,48
5,0,81,zona,48
5,1,121,zona,48
1,0,378,tipo_su,48
1,1,168,tipo_su,48
2,0,212,tipo_su,48
2,1,146,tipo_su,48
3,0,76,tipo_su,48
3,1,19,tipo_su,48
El Niño,0,159,ENSO,49
El Niño,1,50,ENSO,49
La Niña,0,172,ENSO,49
La Niña,1,216,ENSO,49
Neutro,0,335,ENSO,49
Neutro,1,67,ENSO,49
1,0,29,zona,49
1,1,79,zona,49
2,0,346,zona,49
2,1,92,zona,49
3,0,171,zona,49
3,1,33,zona,49
4,0,35,zona,49
4,1,8,zona,49
5,0,85,zona,49
5,1,121,zona,49
1,0,379,tipo_su,49
1,1,168,tipo_su,49
2,0,215,tipo_su,49
2,1,146,tipo_su,49
3,0,72,tipo_su,49
3,1,19,tipo_su,49
El Niño,0,143,ENSO,50
El Niño,1,50,ENSO,50
La Niña,0,148,ENSO,50
La Niña,1,216,ENSO,50
Neutro,0,375,ENSO,50
Neutro,1,67,ENSO,50
1,0,35,zona,50
1,1,79,zona,50
2,0,347,zona,50
2,1,92,zona,50
3,0,156,zona,50
3,1,33,zona,50
4,0,35,zona,50
4,1,8,zona,50
5,0,93,zona,50
5,1,121,zona,50
1,0,381,tipo_su,50
1,1,168,tipo_su,50
2,0,218,tipo_su,50
2,1,146,tipo_su,50
3,0,67,tipo_su,50
3,1,19,tipo_su,50
El Niño,0,156,ENSO,51
El Niño,1,50,ENSO,51
La Niña,0,153,ENSO,51
La Niña,1,216,ENSO,51
Neutro,0,357,ENSO,51
Neutro,1,67,ENSO,51
1,0,52,zona,51
1,1,79,zona,51
2,0,336,zona,51
2,1,92,zona,51
3,0,159,zona,51
3,1,33,zona,51
4,0,28,zona,51
4,1,8,zona,51
5,0,91,zona,51
5,1,121,zona,51
1,0,359,tipo_su,51
1,1,168,tipo_su,51
2,0,233,tipo_su,51
2,1,146,tipo_su,51
3,0,74,tipo_su,51
3,1,19,tipo_su,51
El Niño,0,157,ENSO,52
El Niño,1,50,ENSO,52
La Niña,0,162,ENSO,52
La Niña,1,216,ENSO,52
Neutro,0,347,ENSO,52
Neutro,1,67,ENSO,52
1,0,42,zona,52
1,1,79,zona,52
2,0,347,zona,52
2,1,92,zona,52
3,0,166,zona,52
3,1,33,zona,52
4,0,26,zona,52
4,1,8,zona,52
5,0,85,zona,52
5,1,121,zona,52
1,0,360,tipo_su,52
1,1,168,tipo_su,52
2,0,230,tipo_su,52
2,1,146,tipo_su,52
3,0,76,tipo_su,52
3,1,19,tipo_su,52
El Niño,0,157,ENSO,53
El Niño,1,50,ENSO,53
La Niña,0,166,ENSO,53
La Niña,1,216,ENSO,53
Neutro,0,343,ENSO,53
Neutro,1,67,ENSO,53
1,0,34,zona,53
1,1,79,zona,53
2,0,323,zona,53
2,1,92,zona,53
3,0,154,zona,53
3,1,33,zona,53
4,0,45,zona,53
4,1,8,zona,53
5,0,110,zona,53
5,1,121,zona,53
1,0,372,tipo_su,53
1,1,168,tipo_su,53
2,0,211,tipo_su,53
2,1,146,tipo_su,53
3,0,83,tipo_su,53
3,1,19,tipo_su,53
El Niño,0,160,ENSO,54
El Niño,1,50,ENSO,54
La Niña,0,157,ENSO,54
La Niña,1,216,ENSO,54
Neutro,0,349,ENSO,54
Neutro,1,67,ENSO,54
1,0,33,zona,54
1,1,79,zona,54
2,0,362,zona,54
2,1,92,zona,54
3,0,158,zona,54
3,1,33,zona,54
4,0,20,zona,54
4,1,8,zona,54
5,0,93,zona,54
5,1,121,zona,54
1,0,372,tipo_su,54
1,1,168,tipo_su,54
2,0,236,tipo_su,54
2,1,146,tipo_su,54
3,0,58,tipo_su,54
3,1,19,tipo_su,54
El Niño,0,157,ENSO,55
El Niño,1,50,ENSO,55
La Niña,0,176,ENSO,55
La Niña,1,216,ENSO,55
Neutro,0,333,ENSO,55
Neutro,1,67,ENSO,55
1,0,36,zona,55
1,1,79,zona,55
2,0,347,zona,55
2,1,92,zona,55
3,0,181,zona,55
3,1,33,zona,55
4,0,33,zona,55
4,1,8,zona,55
5,0,69,zona,55
5,1,121,zona,55
1,0,373,tipo_su,55
1,1,168,tipo_su,55
2,0,211,tipo_su,55
2,1,146,tipo_su,55
3,0,82,tipo_su,55
3,1,19,tipo_su,55
El Niño,0,160,ENSO,56
El Niño,1,50,ENSO,56
La Niña,0,147,ENSO,56
La Niña,1,216,ENSO,56
Neutro,0,359,ENSO,56
Neutro,1,67,ENSO,56
1,0,29,zona,56
1,1,79,zona,56
2,0,375,zona,56
2,1,92,zona,56
3,0,155,zona,56
3,1,33,zona,56
4,0,37,zona,56
4,1,8,zona,56
5,0,70,zona,56
5,1,121,zona,56
1,0,382,tipo_su,56
1,1,168,tipo_su,56
2,0,219,tipo_su,56
2,1,146,tipo_su,56
3,0,65,tipo_su,56
3,1,19,tipo_su,56
El Niño,0,158,ENSO,57
El Niño,1,50,ENSO,57
La Niña,0,160,ENSO,57
La Niña,1,216,ENSO,57
Neutro,0,348,ENSO,57
Neutro,1,67,ENSO,57
1,0,29,zona,57
1,1,79,zona,57
2,0,354,zona,57
2,1,92,zona,57
3,0,165,zona,57
3,1,33,zona,57
4,0,28,zona,57
4,1,8,zona,57
5,0,90,zona,57
5,1,121,zona,57
1,0,377,tipo_su,57
1,1,168,tipo_su,57
2,0,211,tipo_su,57
2,1,146,tipo_su,57
3,0,78,tipo_su,57
3,1,19,tipo_su,57
El Niño,0,159,ENSO,58
El Niño,1,50,ENSO,58
La Niña,0,126,ENSO,58
La Niña,1,216,ENSO,58
Neutro,0,381,ENSO,58
Neutro,1,67,ENSO,58
1,0,26,zona,58
1,1,79,zona,58
2,0,362,zona,58
2,1,92,zona,58
3,0,160,zona,58
3,1,33,zona,58
4,0,36,zona,58
4,1,8,zona,58
5,0,82,zona,58
5,1,121,zona,58
1,0,360,tipo_su,58
1,1,168,tipo_su,58
2,0,226,tipo_su,58
2,1,146,tipo_su,58
3,0,80,tipo_su,58
3,1,19,tipo_su,58
El Niño,0,158,ENSO,59
El Niño,1,50,ENSO,59
La Niña,0,147,ENSO,59
La Niña,1,216,ENSO,59
Neutro,0,361,ENSO,59
Neutro,1,67,ENSO,59
1,0,30,zona,59
1,1,79,zona,59
2,0,344,zona,59
2,1,92,zona,59
3,0,171,zona,59
3,1,33,zona,59
4,0,40,zona,59
4,1,8,zona,59
5,0,81,zona,59
5,1,121,zona,59
1,0,382,tipo_su,59
1,1,168,tipo_su,59
2,0,212,tipo_su,59
2,1,146,tipo_su,59
3,0,72,tipo_su,59
3,1,19,tipo_su,59
El Niño,0,180,ENSO,60
El Niño,1,50,ENSO,60
La Niña,0,162,ENSO,60
La Niña,1,216,ENSO,60
Neutro,0,324,ENSO,60
Neutro,1,67,ENSO,60
1,0,33,zona,60
1,1,79,zona,60
2,0,362,zona,60
2,1,92,zona,60
3,0,163,zona,60
3,1,33,zona,60
4,0,23,zona,60
4,1,8,zona,60
5,0,85,zona,60
5,1,121,zona,60
1,0,374,tipo_su,60
1,1,168,tipo_su,60
2,0,214,tipo_su,60
2,1,146,tipo_su,60
3,0,78,tipo_su,60
3,1,19,tipo_su,60
El Niño,0,179,ENSO,61
El Niño,1,50,ENSO,61
La Niña,0,139,ENSO,61
La Niña,1,216,ENSO,61
Neutro,0,348,ENSO,61
Neutro,1,67,ENSO,61
1,0,40,zona,61
1,1,79,zona,61
2,0,354,zona,61
2,1,92,zona,61
3,0,150,zona,61
3,1,33,zona,61
4,0,29,zona,61
4,1,8,zona,61
5,0,93,zona,61
5,1,121,zona,61
1,0,375,tipo_su,61
1,1,168,tipo_su,61
2,0,228,tipo_su,61
2,1,146,tipo_su,61
3,0,63,tipo_su,61
3,1,19,tipo_su,61
El Niño,0,169,ENSO,62
El Niño,1,50,ENSO,62
La Niña,0,155,ENSO,62
La Niña,1,216,ENSO,62
Neutro,0,342,ENSO,62
Neutro,1,67,ENSO,62
1,0,41,zona,62
1,1,79,zona,62
2,0,342,zona,62
2,1,92,zona,62
3,0,174,zona,62
3,1,33,zona,62
4,0,31,zona,62
4,1,8,zona,62
5,0,78,zona,62
5,1,121,zona,62
1,0,380,tipo_su,62
1,1,168,tipo_su,62
2,0,219,tipo_su,62
2,1,146,tipo_su,62
3,0,67,tipo_su,62
3,1,19,tipo_su,62
El Niño,0,181,ENSO,63
El Niño,1,50,ENSO,63
La Niña,0,146,ENSO,63
La Niña,1,216,ENSO,63
Neutro,0,339,ENSO,63
Neutro,1,67,ENSO,63
1,0,38,zona,63
1,1,79,zona,63
2,0,337,zona,63
2,1,92,zona,63
3,0,180,zona,63
3,1,33,zona,63
4,0,31,zona,63
4,1,8,zona,63
5,0,80,zona,63
5,1,121,zona,63
1,0,387,tipo_su,63
1,1,168,tipo_su,63
2,0,222,tipo_su,63
2,1,146,tipo_su,63
3,0,57,tipo_su,63
3,1,19,tipo_su,63
El Niño,0,152,ENSO,64
El Niño,1,50,ENSO,64
La Niña,0,153,ENSO,64
La Niña,1,216,ENSO,64
Neutro,0,361,ENSO,64
Neutro,1,67,ENSO,64
1,0,43,zona,64
1,1,79,zona,64
2,0,337,zona,64
2,1,92,zona,64
3,0,175,zona,64
3,1,33,zona,64
4,0,24,zona,64
4,1,8,zona,64
5,0,87,zona,64
5,1,121,zona,64
1,0,356,tipo_su,64
1,1,168,tipo_su,64
2,0,233,tipo_su,64
2,1,146,tipo_su,64
3,0,77,tipo_su,64
3,1,19,tipo_su,64
El Niño,0,155,ENSO,65
El Niño,1,50,ENSO,65
La Niña,0,135,ENSO,65
La Niña,1,216,ENSO,65
Neutro,0,376,ENSO,65
Neutro,1,67,ENSO,65
1,0,43,zona,65
1,1,79,zona,65
2,0,360,zona,65
2,1,92,zona,65
3,0,147,zona,65
3,1,33,zona,65
4,0,29,zona,65
4,1,8,zona,65
5,0,87,zona,65
5,1,121,zona,65
1,0,388,tipo_su,65
1,1,168,tipo_su,65
2,0,228,tipo_su,65
2,1,146,tipo_su,65
3,0,50,tipo_su,65
3,1,19,tipo_su,65
El Niño,0,174,ENSO,66
El Niño,1,50,ENSO,66
La Niña,0,164,ENSO,66
La Niña,1,216,ENSO,66
Neutro,0,328,ENSO,66
Neutro,1,67,ENSO,66
1,0,28,zona,66
1,1,79,zona,66
2,0,361,zona,66
2,1,92,zona,66
3,0,135,zona,66
3,1,33,zona,66
4,0,34,zona,66
4,1,8,zona,66
5,0,108,zona,66
5,1,121,zona,66
1,0,388,tipo_su,66
1,1,168,tipo_su,66
2,0,206,tipo_su,66
2,1,146,tipo_su,66
3,0,72,tipo_su,66
3,1,19,tipo_su,66
El Niño,0,159,ENSO,67
El Niño,1,50,ENSO,67
La Niña,0,149,ENSO,67
La Niña,1,216,ENSO,67
Neutro,0,358,ENSO,67
Neutro,1,67,ENSO,67
1,0,29,zona,67
1,1,79,zona,67
2,0,348,zona,67
2,1,92,zona,67
3,0,180,zona,67
3,1,33,zona,67
4,0,29,zona,67
4,1,8,zona,67
5,0,80,zona,67
5,1,121,zona,67
1,0,380,tipo_su,67
1,1,168,tipo_su,67
2,0,220,tipo_su,67
2,1,146,tipo_su,67
3,0,66,tipo_su,67
3,1,19,tipo_su,67
El Niño,0,156,ENSO,68
El Niño,1,50,ENSO,68
La Niña,0,167,ENSO,68
La Niña,1,216,ENSO,68
Neutro,0,343,ENSO,68
Neutro,1,67,ENSO,68
1,0,22,zona,68
1,1,79,zona,68
2,0,362,zona,68
2,1,92,zona,68
3,0,164,zona,68
3,1,33,zona,68
4,0,31,zona,68
4,1,8,zona,68
5,0,87,zona,68
5,1,121,zona,68
1,0,366,tipo_su,68
1,1,168,tipo_su,68
2,0,237,tipo_su,68
2,1,146,tipo_su,68
3,0,63,tipo_su,68
3,1,19,tipo_su,68
El Niño,0,169,ENSO,69
El Niño,1,50,ENSO,69
La Niña,0,160,ENSO,69
La Niña,1,216,ENSO,69
Neutro,0,337,ENSO,69
Neutro,1,67,ENSO,69
1,0,39,zona,69
1,1,79,zona,69
2,0,352,zona,69
2,1,92,zona,69
3,0,168,zona,69
3,1,33,zona,69
4,0,28,zona,69
4,1,8,zona,69
5,0,79,zona,69
5,1,121,zona,69
1,0,370,tipo_su,69
1,1,168,tipo_su,69
2,0,231,tipo_su,69
2,1,146,tipo_su,69
3,0,65,tipo_su,69
3,1,19,tipo_su,69
El Niño,0,169,ENSO,70
El Niño,1,50,ENSO,70
La Niña,0,131,ENSO,70
La Niña,1,216,ENSO,70
Neutro,0,366,ENSO,70
Neutro,1,67,ENSO,70
1,0,41,zona,70
1,1,79,zona,70
2,0,346,zona,70
2,1,92,zona,70
3,0,163,zona,70
3,1,33,zona,70
4,0,34,zona,70
4,1,8,zona,70
5,0,82,zona,70
5,1,121,zona,70
1,0,363,tipo_su,70
1,1,168,tipo_su,70
2,0,221,tipo_su,70
2,1,146,tipo_su,70
3,0,82,tipo_su,70
3,1,19,tipo_su,70
El Niño,0,158,ENSO,71
El Niño,1,50,ENSO,71
La Niña,0,159,ENSO,71
La Niña,1,216,ENSO,71
Neutro,0,349,ENSO,71
Neutro,1,67,ENSO,71
1,0,37,zona,71
1,1,79,zona,71
2,0,343,zona,71
2,1,92,zona,71
3,0,164,zona,71
3,1,33,zona,71
4,0,35,zona,71
4,1,8,zona,71
5,0,87,zona,71
5,1,121,zona,71
1,0,368,tipo_su,71
1,1,168,tipo_su,71
2,0,230,tipo_su,71
2,1,146,tipo_su,71
3,0,68,tipo_su,71
3,1,19,tipo_su,71
El Niño,0,141,ENSO,72
El Niño,1,50,ENSO,72
La Niña,0,169,ENSO,72
La Niña,1,216,ENSO,72
Neutro,0,356,ENSO,72
Neutro,1,67,ENSO,72
1,0,39,zona,72
1,1,79,zona,72
2,0,337,zona,72
2,1,92,zona,72
3,0,158,zona,72
3,1,33,zona,72
4,0,34,zona,72
4,1,8,zona,72
5,0,98,zona,72
5,1,121,zona,72
1,0,366,tipo_su,72
1,1,168,tipo_su,72
2,0,215,tipo_su,72
2,1,146,tipo_su,72
3,0,85,tipo_su,72
3,1,19,tipo_su,72
El Niño,0,164,ENSO,73
El Niño,1,50,ENSO,73
La Niña,0,164,ENSO,73
La Niña,1,216,ENSO,73
Neutro,0,338,ENSO,73
Neutro,1,67,ENSO,73
1,0,35,zona,73
1,1,79,zona,73
2,0,361,zona,73
2,1,92,zona,73
3,0,160,zona,73
3,1,33,zona,73
4,0,35,zona,73
4,1,8,zona,73
5,0,75,zona,73
5,1,121,zona,73
1,0,361,tipo_su,73
1,1,168,tipo_su,73
2,0,223,tipo_su,73
2,1,146,tipo_su,73
3,0,82,tipo_su,73
3,1,19,tipo_su,73
El Niño,0,156,ENSO,74
El Niño,1,50,ENSO,74
La Niña,0,162,ENSO,74
La Niña,1,216,ENSO,74
Neutro,0,348,ENSO,74
Neutro,1,67,ENSO,74
1,0,48,zona,74
1,1,79,zona,74
2,0,336,zona,74
2,1,92,zona,74
3,0,173,zona,74
3,1,33,zona,74
4,0,29,zona,74
4,1,8,zona,74
5,0,80,zona,74
5,1,121,zona,74
1,0,377,tipo_su,74
1,1,168,tipo_su,74
2,0,222,tipo_su,74
2,1,146,tipo_su,74
3,0,67,tipo_su,74
3,1,19,tipo_su,74
El Niño,0,173,ENSO,75
El Niño,1,50,ENSO,75
La Niña,0,146,ENSO,75
La Niña,1,216,ENSO,75
Neutro,0,347,ENSO,75
Neutro,1,67,ENSO,75
1,0,45,zona,75
1,1,79,zona,75
2,0,354,zona,75
2,1,92,zona,75
3,0,168,zona,75
3,1,33,zona,75
4,0,23,zona,75
4,1,8,zona,75
5,0,76,zona,75
5,1,121,zona,75
1,0,386,tipo_su,75
1,1,168,tipo_su,75
2,0,207,tipo_su,75
2,1,146,tipo_su,75
3,0,73,tipo_su,75
3,1,19,tipo_su,75
El Niño,0,139,ENSO,76
El Niño,1,50,ENSO,76
La Niña,0,159,ENSO,76
La Niña,1,216,ENSO,76
Neutro,0,368,ENSO,76
Neutro,1,67,ENSO,76
1,0,44,zona,76
1,1,79,zona,76
2,0,354,zona,76
2,1,92,zona,76
3,0,158,zona,76
3,1,33,zona,76
4,0,27,zona,76
4,1,8,zona,76
5,0,83,zona,76
5,1,121,zona,76
1,0,378,tipo_su,76
1,1,168,tipo_su,76
2,0,225,tipo_su,76
2,1,146,tipo_su,76
3,0,63,tipo_su,76
3,1,19,tipo_su,76
El Niño,0,188,ENSO,77
El Niño,1,50,ENSO,77
La Niña,0,143,ENSO,77
La Niña,1,216,ENSO,77
Neutro,0,335,ENSO,77
Neutro,1,67,ENSO,77
1,0,39,zona,77
1,1,79,zona,77
2,0,346,zona,77
2,1,92,zona,77
3,0,169,zona,77
3,1,33,zona,77
4,0,31,zona,77
4,1,8,zona,77
5,0,81,zona,77
5,1,121,zona,77
1,0,379,tipo_su,77
1,1,168,tipo_su,77
2,0,205,tipo_su,77
2,1,146,tipo_su,77
3,0,82,tipo_su,77
3,1,19,tipo_su,77
El Niño,0,161,ENSO,78
El Niño,1,50,ENSO,78
La Niña,0,163,ENSO,78
La Niña,1,216,ENSO,78
Neutro,0,342,ENSO,78
Neutro,1,67,ENSO,78
1,0,37,zona,78
1,1,79,zona,78
2,0,349,zona,78
2,1,92,zona,78
3,0,159,zona,78
3,1,33,zona,78
4,0,35,zona,78
4,1,8,zona,78
5,0,86,zona,78
5,1,121,zona,78
1,0,377,tipo_su,78
1,1,168,tipo_su,78
2,0,230,tipo_su,78
2,1,146,tipo_su,78
3,0,59,tipo_su,78
3,1,19,tipo_su,78
El Niño,0,162,ENSO,79
El Niño,1,50,ENSO,79
La Niña,0,146,ENSO,79
La Niña,1,216,ENSO,79
Neutro,0,358,ENSO,79
Neutro,1,67,ENSO,79
1,0,45,zona,79
1,1,79,zona,79
2,0,351,zona,79
2,1,92,zona,79
3,0,160,zona,79
3,1,33,zona,79
4,0,32,zona,79
4,1,8,zona,79
5,0,78,zona,79
5,1,121,zona,79
1,0,363,tipo_su,79
1,1,168,tipo_su,79
2,0,245,tipo_su,79
2,1,146,tipo_su,79
3,0,58,tipo_su,79
3,1,19,tipo_su,79
El Niño,0,142,ENSO,80
El Niño,1,50,ENSO,80
La Niña,0,149,ENSO,80
La Niña,1,216,ENSO,80
Neutro,0,375,ENSO,80
Neutro,1,67,ENSO,80
1,0,30,zona,80
1,1,79,zona,80
2,0,354,zona,80
2,1,92,zona,80
3,0,163,zona,80
3,1,33,zona,80
4,0,31,zona,80
4,1,8,zona,80
5,0,88,zona,80
5,1,121,zona,80
1,0,393,tipo_su,80
1,1,168,tipo_su,80
2,0,209,tipo_su,80
2,1,146,tipo_su,80
3,0,64,tipo_su,80
3,1,19,tipo_su,80
El Niño,0,171,ENSO,81
El Niño,1,50,ENSO,81
La Niña,0,142,ENSO,81
La Niña,1,216,ENSO,81
Neutro,0,353,ENSO,81
Neutro,1,67,ENSO,81
1,0,28,zona,81
1,1,79,zona,81
2,0,342,zona,81
2,1,92,zona,81
3,0,167,zona,81
3,1,33,zona,81
4,0,37,zona,81
4,1,8,zona,81
5,0,92,zona,81
5,1,121,zona,81
1,0,400,tipo_su,81
1,1,168,tipo_su,81
2,0,203,tipo_su,81
2,1,146,tipo_su,81
3,0,63,tipo_su,81
3,1,19,tipo_su,81
El Niño,0,161,ENSO,82
El Niño,1,50,ENSO,82
La Niña,0,138,ENSO,82
La Niña,1,216,ENSO,82
Neutro,0,367,ENSO,82
Neutro,1,67,ENSO,82
1,0,38,zona,82
1,1,79,zona,82
2,0,333,zona,82
2,1,92,zona,82
3,0,164,zona,82
3,1,33,zona,82
4,0,32,zona,82
4,1,8,zona,82
5,0,99,zona,82
5,1,121,zona,82
1,0,376,tipo_su,82
1,1,168,tipo_su,82
2,0,217,tipo_su,82
2,1,146,tipo_su,82
3,0,73,tipo_su,82
3,1,19,tipo_su,82
El Niño,0,167,ENSO,83
El Niño,1,50,ENSO,83
La Niña,0,149,ENSO,83
La Niña,1,216,ENSO,83
Neutro,0,350,ENSO,83
Neutro,1,67,ENSO,83
1,0,49,zona,83
1,1,79,zona,83
2,0,337,zona,83
2,1,92,zona,83
3,0,150,zona,83
3,1,33,zona,83
4,0,41,zona,83
4,1,8,zona,83
5,0,89,zona,83
5,1,121,zona,83
1,0,370,tipo_su,83
1,1,168,tipo_su,83
2,0,235,tipo_su,83
2,1,146,tipo_su,83
3,0,61,tipo_su,83
3,1,19,tipo_su,83
El Niño,0,171,ENSO,84
El Niño,1,50,ENSO,84
La Niña,0,167,ENSO,84
La Niña,1,216,ENSO,84
Neutro,0,328,ENSO,84
Neutro,1,67,ENSO,84
1,0,25,zona,84
1,1,79,zona,84
2,0,373,zona,84
2,1,92,zona,84
3,0,154,zona,84
3,1,33,zona,84
4,0,24,zona,84
4,1,8,zona,84
5,0,90,zona,84
5,1,121,zona,84
1,0,369,tipo_su,84
1,1,168,tipo_su,84
2,0,226,tipo_su,84
2,1,146,tipo_su,84
3,0,71,tipo_su,84
3,1,19,tipo_su,84
El Niño,0,178,ENSO,85
El Niño,1,50,ENSO,85
La Niña,0,153,ENSO,85
La Niña,1,216,ENSO,85
Neutro,0,335,ENSO,85
Neutro,1,67,ENSO,85
1,0,34,zona,85
1,1,79,zona,85
2,0,345,zona,85
2,1,92,zona,85
3,0,163,zona,85
3,1,33,zona,85
4,0,32,zona,85
4,1,8,zona,85
5,0,92,zona,85
5,1,121,zona,85
1,0,363,tipo_su,85
1,1,168,tipo_su,85
2,0,241,tipo_su,85
2,1,146,tipo_su,85
3,0,62,tipo_su,85
3,1,19,tipo_su,85
El Niño,0,166,ENSO,86
El Niño,1,50,ENSO,86
La Niña,0,155,ENSO,86
La Niña,1,216,ENSO,86
Neutro,0,345,ENSO,86
Neutro,1,67,ENSO,86
1,0,43,zona,86
1,1,79,zona,86
2,0,333,zona,86
2,1,92,zona,86
3,0,176,zona,86
3,1,33,zona,86
4,0,29,zona,86
4,1,8,zona,86
5,0,85,zona,86
5,1,121,zona,86
1,0,356,tipo_su,86
1,1,168,tipo_su,86
2,0,237,tipo_su,86
2,1,146,tipo_su,86
3,0,73,tipo_su,86
3,1,19,tipo_su,86
El Niño,0,165,ENSO,87
El Niño,1,50,ENSO,87
La Niña,0,165,ENSO,87
La Niña,1,216,ENSO,87
Neutro,0,336,ENSO,87
Neutro,1,67,ENSO,87
1,0,32,zona,87
1,1,79,zona,87
2,0,346,zona,87
2,1,92,zona,87
3,0,170,zona,87
3,1,33,zona,87
4,0,27,zona,87
4,1,8,zona,87
5,0,91,zona,87
5,1,121,zona,87
1,0,356,tipo_su,87
1,1,168,tipo_su,87
2,0,210,tipo_su,87
2,1,146,tipo_su,87
3,0,100,tipo_su,87
3,1,19,tipo_su,87
El Niño,0,166,ENSO,88
El Niño,1,50,ENSO,88
La Niña,0,160,ENSO,88
La Niña,1,216,ENSO,88
Neutro,0,340,ENSO,88
Neutro,1,67,ENSO,88
1,0,33,zona,88
1,1,79,zona,88
2,0,363,zona,88
2,1,92,zona,88
3,0,164,zona,88
3,1,33,zona,88
4,0,33,zona,88
4,1,8,zona,88
5,0,73,zona,88
5,1,121,zona,88
1,0,380,tipo_su,88
1,1,168,tipo_su,88
2,0,218,tipo_su,88
2,1,146,tipo_su,88
3,0,68,tipo_su,88
3,1,19,tipo_su,88
El Niño,0,159,ENSO,89
El Niño,1,50,ENSO,89
La Niña,0,170,ENSO,89
La Niña,1,216,ENSO,89
Neutro,0,337,ENSO,89
Neutro,1,67,ENSO,89
1,0,36,zona,89
1,1,79,zona,89
2,0,357,zona,89
2,1,92,zona,89
3,0,157,zona,89
3,1,33,zona,89
4,0,24,zona,89
4,1,8,zona,89
5,0,92,zona,89
5,1,121,zona,89
1,0,372,tipo_su,89
1,1,168,tipo_su,89
2,0,217,tipo_su,89
2,1,146,tipo_su,89
3,0,77,tipo_su,89
3,1,19,tipo_su,89
El Niño,0,164,ENSO,90
El Niño,1,50,ENSO,90
La Niña,0,148,ENSO,90
La Niña,1,216,ENSO,90
Neutro,0,354,ENSO,90
Neutro,1,67,ENSO,90
1,0,40,zona,90
1,1,79,zona,90
2,0,324,zona,90
2,1,92,zona,90
3,0,159,zona,90
3,1,33,zona,90
4,0,38,zona,90
4,1,8,zona,90
5,0,105,zona,90
5,1,121,zona,90
1,0,372,tipo_su,90
1,1,168,tipo_su,90
2,0,211,tipo_su,90
2,1,146,tipo_su,90
3,0,83,tipo_su,90
3,1,19,tipo_su,90
El Niño,0,152,ENSO,91
El Niño,1,50,ENSO,91
La Niña,0,158,ENSO,91
La Niña,1,216,ENSO,91
Neutro,0,356,ENSO,91
Neutro,1,67,ENSO,91
1,0,33,zona,91
1,1,79,zona,91
2,0,352,zona,91
2,1,92,zona,91
3,0,144,zona,91
3,1,33,zona,91
4,0,42,zona,91
4,1,8,zona,91
5,0,95,zona,91
5,1,121,zona,91
1,0,362,tipo_su,91
1,1,168,tipo_su,91
2,0,231,tipo_su,91
2,1,146,tipo_su,91
3,0,73,tipo_su,91
3,1,19,tipo_su,91
El Niño,0,160,ENSO,92
El Niño,1,50,ENSO,92
La Niña,0,155,ENSO,92
La Niña,1,216,ENSO,92
Neutro,0,351,ENSO,92
Neutro,1,67,ENSO,92
1,0,38,zona,92
1,1,79,zona,92
2,0,349,zona,92
2,1,92,zona,92
3,0,141,zona,92
3,1,33,zona,92
4,0,40,zona,92
4,1,8,zona,92
5,0,98,zona,92
5,1,121,zona,92
1,0,362,tipo_su,92
1,1,168,tipo_su,92
2,0,234,tipo_su,92
2,1,146,tipo_su,92
3,0,70,tipo_su,92
3,1,19,tipo_su,92
El Niño,0,156,ENSO,93
El Niño,1,50,ENSO,93
La Niña,0,139,ENSO,93
La Niña,1,216,ENSO,93
Neutro,0,371,ENSO,93
Neutro,1,67,ENSO,93
1,0,31,zona,93
1,1,79,zona,93
2,0,351,zona,93
2,1,92,zona,93
3,0,167,zona,93
3,1,33,zona,93
4,0,30,zona,93
4,1,8,zona,93
5,0,87,zona,93
5,1,121,zona,93
1,0,374,tipo_su,93
1,1,168,tipo_su,93
2,0,223,tipo_su,93
2,1,146,tipo_su,93
3,0,69,tipo_su,93
3,1,19,tipo_su,93
El Niño,0,162,ENSO,94
El Niño,1,50,ENSO,94
La Niña,0,181,ENSO,94
La Niña,1,216,ENSO,94
Neutro,0,323,ENSO,94
Neutro,1,67,ENSO,94
1,0,35,zona,94
1,1,79,zona,94
2,0,354,zona,94
2,1,92,zona,94
3,0,161,zona,94
3,1,33,zona,94
4,0,30,zona,94
4,1,8,zona,94
5,0,86,zona,94
5,1,121,zona,94
1,0,351,tipo_su,94
1,1,168,tipo_su,94
2,0,236,tipo_su,94
2,1,146,tipo_su,94
3,0,79,tipo_su,94
3,1,19,tipo_su,94
El Niño,0,155,ENSO,95
El Niño,1,50,ENSO,95
La Niña,0,152,ENSO,95
La Niña,1,216,ENSO,95
Neutro,0,359,ENSO,95
Neutro,1,67,ENSO,95
1,0,34,zona,95
1,1,79,zona,95
2,0,359,zona,95
2,1,92,zona,95
3,0,162,zona,95
3,1,33,zona,95
4,0,28,zona,95
4,1,8,zona,95
5,0,83,zona,95
5,1,121,zona,95
1,0,375,tipo_su,95
1,1,168,tipo_su,95
2,0,212,tipo_su,95
2,1,146,tipo_su,95
3,0,79,tipo_su,95
3,1,19,tipo_su,95
El Niño,0,168,ENSO,96
El Niño,1,50,ENSO,96
La Niña,0,145,ENSO,96
La Niña,1,216,ENSO,96
Neutro,0,353,ENSO,96
Neutro,1,67,ENSO,96
1,0,38,zona,96
1,1,79,zona,96
2,0,375,zona,96
2,1,92,zona,96
3,0,144,zona,96
3,1,33,zona,96
4,0,39,zona,96
4,1,8,zona,96
5,0,70,zona,96
5,1,121,zona,96
1,0,345,tipo_su,96
1,1,168,tipo_su,96
2,0,255,tipo_su,96
2,1,146,tipo_su,96
3,0,66,tipo_su,96
3,1,19,tipo_su,96
El Niño,0,147,ENSO,97
El Niño,1,50,ENSO,97
La Niña,0,189,ENSO,97
La Niña,1,216,ENSO,97
Neutro,0,330,ENSO,97
Neutro,1,67,ENSO,97
1,0,32,zona,97
1,1,79,zona,97
2,0,334,zona,97
2,1,92,zona,97
3,0,165,zona,97
3,1,33,zona,97
4,0,41,zona,97
4,1,8,zona,97
5,0,94,zona,97
5,1,121,zona,97
1,0,374,tipo_su,97
1,1,168,tipo_su,97
2,0,220,tipo_su,97
2,1,146,tipo_su,97
3,0,72,tipo_su,97
3,1,19,tipo_su,97
El Niño,0,158,ENSO,98
El Niño,1,50,ENSO,98
La Niña,0,166,ENSO,98
La Niña,1,216,ENSO,98
Neutro,0,342,ENSO,98
Neutro,1,67,ENSO,98
1,0,28,zona,98
1,1,79,zona,98
2,0,351,zona,98
2,1,92,zona,98
3,0,169,zona,98
3,1,33,zona,98
4,0,32,zona,98
4,1,8,zona,98
5,0,86,zona,98
5,1,121,zona,98
1,0,360,tipo_su,98
1,1,168,tipo_su,98
2,0,225,tipo_su,98
2,1,146,tipo_su,98
3,0,81,tipo_su,98
3,1,19,tipo_su,98
El Niño,0,169,ENSO,99
El Niño,1,50,ENSO,99
La Niña,0,157,ENSO,99
La Niña,1,216,ENSO,99
Neutro,0,340,ENSO,99
Neutro,1,67,ENSO,99
1,0,30,zona,99
1,1,79,zona,99
2,0,346,zona,99
2,1,92,zona,99
3,0,165,zona,99
3,1,33,zona,99
4,0,25,zona,99
4,1,8,zona,99
5,0,100,zona,99
5,1,121,zona,99
1,0,367,tipo_su,99
1,1,168,tipo_su,99
2,0,223,tipo_su,99
2,1,146,tipo_su,99
3,0,76,tipo_su,99
3,1,19,tipo_su,99
