term,x,level,effect,lo,hi
intercept,,,2.4508007454900795,,
STR,0.0,,-10.233298063852397,-12.35865251957524,-8.107943608129553
STR,1.0,,-10.058758552823685,-12.170116631923353,-7.9474004737240165
STR,2.0,,-9.884219041794971,-11.981768106123544,-7.786669977466397
STR,3.0,,-9.709679530766259,-11.793610666797306,-7.6257483947352105
STR,4.0,,-9.535140019737547,-11.605648084329756,-7.464631955145338
STR,5.0,,-9.360600508708835,-11.417884172847264,-7.303316844570405
STR,6.0,,-9.186060997680121,-11.230322787981953,-7.141799207378289
STR,7.0,,-9.011521486651407,-11.042967824414973,-6.980075148887843
STR,8.0,,-8.836981975622695,-10.855823213190844,-6.818140738054547
STR,9.0,,-8.662442464593983,-10.668892918795663,-6.655992010392303
STR,10.0,,-8.48790295356527,-10.48218093599257,-6.493624971137969
STR,11.0,,-8.313552234095141,-10.29585194339071,-6.331252524799573
STR,12.0,,-8.13975099592296,-10.110212801964991,-6.169289189880928
STR,13.0,,-7.966549286841165,-9.925302562882685,-6.007796010799644
STR,14.0,,-7.793990787516457,-9.741154329867069,-5.846827245165845
STR,15.0,,-7.622119178615564,-9.557800711241157,-5.686437645989971
STR,16.0,,-7.450978140805186,-9.375273826283184,-5.526682455327189
STR,17.0,,-7.280611354752048,-9.19360531293989,-5.367617396564205
STR,18.0,,-7.111062501122857,-9.012826336843043,-5.209298665402671
STR,19.0,,-6.942375260584331,-8.832967601569122,-5.051782919599542
STR,20.0,,-6.774593313803182,-8.6540593600768,-4.895127267529564
STR,21.0,,-6.60776034144612,-8.476131427252707,-4.739389255639533
STR,22.0,,-6.441920024179865,-8.299213193492513,-4.584626854867217
STR,23.0,,-6.2771160426711266,-8.123333639241896,-4.4308984461003575
STR,24.0,,-6.11339207758662,-7.948521350420558,-4.278262804752682
STR,25.0,,-5.950791809593059,-7.77480453465176,-4.126779084534358
STR,26.0,,-5.7893589193571575,-7.602211038220422,-3.976506800493893
STR,27.0,,-5.62913708754563,-7.430768363684259,-3.8275058114070015
STR,28.0,,-5.470169994825189,-7.260503688064806,-3.6798363015855715
STR,29.0,,-5.312501321862547,-7.091443881548716,-3.533558762176379
STR,30.0,,-5.15617474932442,-6.923615526633994,-3.3887339720148466
STR,31.0,,-5.001233957877522,-6.757044937661283,-3.245422978093761
STR,32.0,,-4.847722628188565,-6.59175818067657,-3.1036870757005603
STR,33.0,,-4.695684440924263,-6.4277810935789885,-2.963587788269538
STR,34.0,,-4.545163076751332,-6.265139306515579,-2.8251868469870853
STR,35.0,,-4.396202216336483,-6.103858262494108,-2.6885461701788573
STR,36.0,,-4.24884554034643,-5.943963238195257,-2.5537278424976027
STR,37.0,,-4.103136729447889,-5.785479364976795,-2.4207940939189827
STR,38.0,,-3.959119464307571,-5.628431650074807,-2.2898072785403345
STR,39.0,,-3.8168374255921935,-5.472844998020881,-2.1608298531635057
STR,40.0,,-3.676334293968466,-5.3187442323092675,-2.033924355627664
STR,41.0,,-3.537653750103104,-5.166154117365066,-1.9091533828411413
STR,42.0,,-3.400839474662823,-5.015099380883225,-1.7865795684424217
STR,43.0,,-3.2659351483143335,-4.865604736629404,-1.666265559999263
STR,44.0,,-3.1329844517243512,-4.717694907817706,-1.5482739956309965
STR,45.0,,-3.0020237657154913,-4.5713891866863765,-1.4326583447446066
STR,46.0,,-2.873036623379289,-4.426667487947263,-1.3194057588113148
STR,47.0,,-2.7459832960027284,-4.283492813447309,-1.2084737785581476
STR,48.0,,-2.6208239539475264,-4.141828637700717,-1.099819270194335
STR,49.0,,-2.4975187675753983,-4.001638957592448,-0.9933985775583485
STR,50.0,,-2.3760279072480643,-3.862888268553479,-0.8891675459426498
STR,51.0,,-2.2563115433272385,-3.725541542914051,-0.7870815437404262
STR,52.0,,-2.138329846174639,-3.589564210443309,-0.6870954819059687
STR,53.0,,-2.0220429861519817,-3.4549221410985664,-0.5891638312053968
STR,54.0,,-1.907411133620985,-3.3215816300244274,-0.4932406372175422
STR,55.0,,-1.794394458943365,-3.189509384861187,-0.39927953302554275
STR,56.0,,-1.6829531324808389,-3.058672515443839,-0.307233749517839
STR,57.0,,-1.5730473245951238,-2.9290385259978846,-0.2170561231923629
STR,58.0,,-1.4646372056479364,-2.8005753099665887,-0.1286991013292842
STR,59.0,,-1.3576829460009936,-2.6732511476368694,-0.04211474436511753
STR,60.0,,-1.2521447160160128,-2.5470347067684256,0.042745274736399885
STR,61.0,,-1.1479826860547104,-2.4218950464737974,0.12592967436437652
STR,62.0,,-1.0451570264788042,-2.2978016246469783,0.20748757168937004
STR,63.0,,-0.9436279076500098,-2.17472430929601,0.2874684939959904
STR,64.0,,-0.8433554999300451,-2.052633394202426,0.36592239434233587
STR,65.0,,-0.7442999736806273,-1.9314996194089817,0.4428996720477272
STR,66.0,,-0.6464214992634725,-1.8112941971291778,0.5184511986022329
STR,67.0,,-0.5496802470402984,-1.6919888437800057,0.5926283496994089
STR,68.0,,-0.4540363873728217,-1.5735558189661953,0.6654830442205519
STR,69.0,,-0.3594500906227589,-1.4559679723936063,0.7370677911480885
STR,70.0,,-0.2658815271518285,-1.3391987998654145,0.8074357455617576
STR,71.0,,-0.1732908673217453,-1.2232225097223441,0.8766407750788536
STR,72.0,,-0.08163828149422753,-1.1080141013332143,0.9447375383447592
STR,73.0,,0.009116059969008383,-0.9935494575308654,1.011781577468882
STR,74.0,,0.09901198670624511,-0.8798054532288481,1.0778294266413382
STR,75.0,,0.18808932835576575,-0.7667600828540384,1.14293873956557
STR,76.0,,0.27638791455585354,-0.6543926096984937,1.2071684388102009
STR,77.0,,0.36394757494479124,-0.54268374083902,1.2705788907286024
STR,78.0,,0.45080813916086215,-0.4316158319028106,1.333232110224535
STR,79.0,,0.5370077056621101,-0.32117480701238166,1.3951902183366018
STR,80.0,,0.6225702641400869,-0.21136252963189617,1.45650305791207
STR,81.0,,0.7075129271190725,-0.10219031759199193,1.5172161718301371
STR,82.0,,0.7918527608865868,0.006327247915120515,1.577378273858053
STR,83.0,,0.8756068317301487,0.11417191533018967,1.6370417481301078
STR,84.0,,0.9587922059372783,0.22132124016265775,1.696263171711899
STR,85.0,,1.0414259497954945,0.32774798278700923,1.75510391680398
STR,86.0,,1.1235251295923168,0.43341941827739516,1.8136308409072384
STR,87.0,,1.2051068116152648,0.5382965515717723,1.8719170716587574
STR,88.0,,1.2861880621518578,0.642333234702617,1.9300428896010984
STR,89.0,,1.3667859474896151,0.7454751890952556,1.9880967058839747
STR,90.0,,1.4469175339160563,0.8476589463721047,2.046176121460008
STR,91.0,,1.5265998877187004,0.9488107374754247,2.104389037961976
STR,92.0,,1.6058500751850673,1.0488453843467145,2.16285476602342
STR,93.0,,1.6846851626026758,1.1476652830686398,2.221705042136712
STR,94.0,,1.7631222162590459,1.2451596138765542,2.2810848186415376
STR,95.0,,1.8411783024416968,1.341203971442281,2.3411526334411126
STR,96.0,,1.9188704874381484,1.4356606738381121,2.4020803010381844
STR,97.0,,1.996215837535918,1.5283800688925855,2.4640516061792503
STR,98.0,,2.073231419022529,1.619203190113554,2.527259647931504
STR,99.0,,2.1499342981854968,1.7079660872095563,2.591902509161437
STR,100.0,,2.226341541312343,1.7945060277325011,2.6581770548921853
STR,101.0,,2.3024702146905858,1.8786695037513645,2.726270925629807
STR,102.0,,2.3783373846077462,1.9603215825887572,2.7963531866267353
STR,103.0,,2.453960117351341,2.039355679439434,2.868564555263248
STR,104.0,,2.5293554792088933,2.1157024423825006,2.943008516035286
STR,105.0,,2.604540536467919,2.1893363058046447,3.0197447671311934
STR,106.0,,2.67953235541594,2.260278518075286,3.098786192756594
STR,107.0,,2.7543480023404734,2.3285960727967265,3.1800999318842202
STR,108.0,,2.829004543529041,2.3943967870236507,3.2636123000344317
STR,109.0,,2.9035190452691606,2.4578214956823485,3.3492165948559727
STR,110.0,,2.977908573848351,2.519034736814161,3.436782410882541
STR,111.0,,3.052190195554135,2.578215310810388,3.5261650802978823
STR,112.0,,3.1263809766740276,2.6355477950037485,3.6172141583443067
STR,113.0,,3.200496995584916,2.691214715776221,3.709779275393611
STR,114.0,,3.274545235836328,2.745383442425217,3.8037070292474393
STR,115.0,,3.348527779045011,2.7982059455600083,3.8988496125300136
STR,116.0,,3.4224466593011362,2.8498214748278015,3.995071843774471
STR,117.0,,3.4963039106948823,2.900356049675459,4.092251771714306
STR,118.0,,3.570101567316422,2.949922664613709,4.190280470019135
STR,119.0,,3.6438416632559334,2.998621975700754,4.289061350811113
STR,120.0,,3.71752623260359,3.046543257803317,4.388509207403863
STR,121.0,,3.791157309449567,3.093765483397327,4.488549135501807
STR,122.0,,3.8647369278840396,3.140358423591016,4.5891154321770635
STR,123.0,,3.938267121997187,3.186383709711488,4.690150534282886
STR,124.0,,4.01174992587918,3.2318958205790023,4.791604031179356
STR,125.0,,4.0851873736201965,3.2769429787079374,4.893431768532455
STR,126.0,,4.15858149931041,3.3215679503364868,4.995595048284333
STR,127.0,,4.231934337039999,3.365808751283925,5.0980599227960735
STR,128.0,,4.305247920899135,3.409699264628138,5.2007965771701326
STR,129.0,,4.378524284977996,3.453269778160033,5.30377879179596
STR,130.0,,4.451765463366757,3.4965474502583516,5.406983476475164
STR,131.0,,4.5249734901555945,3.539556712750347,5.510390267560842
STR,132.0,,4.598150399434681,3.5823196188177926,5.61398118005157
STR,133.0,,4.671298225294193,3.624856143289922,5.717740307298465
STR,134.0,,4.744419001824308,3.6671844418686916,5.821653561779925
STR,135.0,,4.8175147631151995,3.7093210750363856,5.925708451194014
STR,136.0,,4.890587543257042,3.7512812016451527,6.029893884868931
STR,137.0,,4.963639376340015,3.7930787465041376,6.134200006175892
STR,138.0,,5.03667229645429,3.8347265456709767,6.238618047237603
STR,139.0,,5.109688337690042,3.8762364726205907,6.3431402027594945
STR,140.0,,5.18268953413745,3.9176195480013107,6.447759520273589
STR,141.0,,5.255677919886685,3.958886035290133,6.552469804483238
STR,142.0,,5.328655529027925,4.000045524318127,6.657265533737723
STR,143.0,,5.401624395651346,4.041107004346414,6.7621417869562785
STR,144.0,,5.474586553847123,4.0820789281261,6.867094179568147
STR,145.0,,5.547544037705431,4.122969268165717,6.972118807245145
STR,146.0,,5.620498881316443,4.163785566251724,7.077212196381163
STR,147.0,,5.6934530040952875,4.204534829634261,7.1823711785563145
STR,148.0,,5.766407127947808,4.245222171623157,7.287592084272459
STR,149.0,,5.839361262053955,4.285851453934043,7.392871070173866
STR,150.0,,5.912315406136249,4.326426219232341,7.498204593040156
STR,151.0,,5.985269559917217,4.366949732685016,7.603589387149419
STR,152.0,,6.058223723119378,4.40742500813025,7.709022438108505
STR,153.0,,6.131177895465259,4.4478548313983834,7.814500959532135
STR,154.0,,6.20413207667738,4.488241781131854,7.920022372222907
STR,155.0,,6.277086266478268,4.528588247405431,8.025584285551105
STR,156.0,,6.350040464590442,4.5688964484080214,8.13118448077286
STR,157.0,,6.422994670736427,4.609168445413272,8.236820896059584
STR,158.0,,6.4959488846387465,4.649406156236791,8.342491613040702
STR,159.0,,6.568903106019925,4.689611367352608,8.448194844687242
STR,160.0,,6.641857334602481,4.7297857448197105,8.55392892438525
STR,161.0,,6.714811570108941,4.769930844150791,8.65969229606709
STR,162.0,,6.787765812261829,4.810048119239011,8.765483505284646
STR,163.0,,6.860720060783666,4.850138930444631,8.8713011911227
STR,164.0,,6.933674315396977,4.890204551931088,8.977144078862866
STR,165.0,,7.0066285758242834,4.930246178329504,9.083010973319062
STR,166.0,,7.079582841788107,4.970264930801423,9.188900752774792
STR,167.0,,7.152537113010977,5.010261862561438,9.294812363460515
STR,168.0,,7.225491389215409,5.050237963914405,9.400744814516413
STR,169.0,,7.298445670123932,5.090194166855757,9.506697173392109
STR,170.0,,7.371399955459066,5.130131349277994,9.612668561640138
STR,171.0,,7.4443542449433355,5.17005033882176,9.718658151064911
STR,172.0,,7.517308538299264,5.209951916405677,9.82466516019285
STR,173.0,,7.590262835249374,5.249836819465476,9.93068885103327
STR,174.0,,7.663217135516188,5.289705744929719,10.036728526102657
STR,175.0,,7.736171438822229,5.329559351956529,10.142783525687928
STR,176.0,,7.809125744890019,5.369398264453237,10.248853225326801
STR,177.0,,7.882080053442085,5.409223073398594,10.354937033485577
STR,178.0,,7.955034364200945,5.449034338985202,10.461034389416689
STR,179.0,,8.02798867688913,5.488832592598096,10.567144761180163
STR,180.0,,8.100942991229156,5.528618338643735,10.673267643814576
STR,181.0,,8.173897306677922,5.568392059664608,10.779402553691238
STR,182.0,,8.246851622202426,5.6081542213707944,10.885549023034057
STR,183.0,,8.319805937726926,5.64790525547037,10.991706619983482
STR,184.0,,8.39276025325143,5.687645571712726,11.097874934790134
STR,185.0,,8.465714568775931,5.727375560096549,11.204053577455314
STR,186.0,,8.538668884300435,5.767095592038462,11.310242176562408
STR,187.0,,8.611623199824935,5.80680602146013,11.41644037818974
STR,188.0,,8.684577515349439,5.846507185800418,11.52264784489846
STR,189.0,,8.75753183087394,5.886199406958446,11.628864254789434
STR,190.0,,8.83048614639844,5.925882992173047,11.735089300623834
STR,191.0,,8.903440461922944,5.9655582348434555,11.841322689002432
STR,192.0,,8.976394777447446,6.005225415295784,11.947564139599109
STR,193.0,,9.04934909297195,6.044884801499401,12.0538133844445
STR,194.0,,9.12230340849645,6.084536649736931,12.160070167255968
STR,195.0,,9.195257724020953,6.1241812052313715,12.266334242810535
STR,196.0,,9.268212039545455,6.163818702733428,12.372605376357482
STR,197.0,,9.341166355069959,6.203449367072023,12.478883343067894
STR,198.0,,9.414120670594459,6.243073413670574,12.585167927518343
STR,199.0,,9.487074986118962,6.282691049031536,12.691458923206389
STR,200.0,,9.560029301643464,6.3223024711914135,12.797756132095515
STR,201.0,,9.632983617167968,6.361907870148343,12.904059364187592
STR,202.0,,9.705937932692468,6.401507428264109,13.010368437120826
STR,203.0,,9.778892248216971,6.4411013206424075,13.116683175791536
STR,204.0,,9.851846563741473,6.480689715484894,13.223003411998052
STR,205.0,,9.924800879265977,6.5202727744266085,13.329328984105345
STR,206.0,,9.997755194790475,6.5598506528520595,13.43565973672889
STR,207.0,,10.07070951031498,6.5994235001933435,13.541995520436618
STR,208.0,,10.143663825839482,6.63899146021137,13.648336191467594
STR,209.0,,10.216618141363986,6.6785546712614146,13.754681611466557
STR,210.0,,10.289572456888486,6.718113266543888,13.861031647233084
STR,211.0,,10.362526772412988,6.757667374341366,13.967386170484609
STR,212.0,,10.43548108793749,6.7972171182426795,14.0737450576323
STR,213.0,,10.508435403461993,6.836762617354912,14.180108189569074
STR,214.0,,10.581389718986493,6.876303986504048,14.286475451468938
STR,215.0,,10.654344034510995,6.915841336424986,14.392846732597004
STR,216.0,,10.727298350035499,6.95537477394153,14.499221926129467
STR,217.0,,10.800252665560002,6.994904402137008,14.605600928982996
STR,218.0,,10.873206981084502,7.034430320516057,14.711983641652948
STR,219.0,,10.946161296609006,7.073952625158123,14.818369968059889
STR,220.0,,11.019115612133508,7.113471408863124,14.924759815403892
STR,221.0,,11.09206992765801,7.152986761289796,15.031153094026223
STR,222.0,,11.165024243182511,7.192498769087091,15.137549717277931
STR,223.0,,11.237978558707015,7.232007516019058,15.243949601394972
STR,224.0,,11.310932874231517,7.2715130830835895,15.350352665379443
STR,225.0,,11.383887189756019,7.311015548625349,15.456758830886688
STR,226.0,,11.45684150528052,7.350514988443233,15.563168022117807
STR,227.0,,11.529795820805022,7.390011475892666,15.669580165717377
STR,228.0,,11.602750136329526,7.429505081983023,15.775995190676028
STR,229.0,,11.67570445185403,7.468995875470419,15.88241302823764
STR,230.0,,11.74865876737853,7.508483922946164,15.988833611810895
STR,231.0,,11.821613082903031,7.547969288921086,16.095256876884974
STR,232.0,,11.894567398427535,7.587452035905942,16.201682760949126
STR,233.0,,11.967521713952037,7.626932224488149,16.308111203415926
STR,234.0,,12.040476029476537,7.666409913405018,16.414542145548054
STR,235.0,,12.11343034500104,7.7058851596136755,16.520975530388405
STR,236.0,,12.186384660525544,7.745358018357829,16.627411302693258
STR,237.0,,12.259338976050046,7.784828543231579,16.73384940886851
STR,238.0,,12.332293291574548,7.8242967862403985,16.840289796908696
STR,239.0,,12.40524760709905,7.863762797859426,16.946732416338673
STR,240.0,,12.478201922623553,7.90322662708923,17.053177218157877
STR,241.0,,12.551156238148055,7.942688321509141,17.159624154786968
STR,242.0,,12.624110553672555,7.982147927328305,17.266073180016804
STR,243.0,,12.69706486919706,8.02160548943456,17.37252424895956
STR,244.0,,12.770019184721562,8.061061051441204,17.47897731800192
STR,245.0,,12.842973500246064,8.100514655731851,17.585432344760278
STR,246.0,,12.915927815770566,8.139966343503367,17.691889288037764
STR,247.0,,12.988882131295068,8.179416154807033,17.798348107783102
STR,248.0,,13.06183644681957,8.218864128588017,17.904808765051122
STR,249.0,,13.134790762344075,8.258310302723228,18.011271221964922
STR,250.0,,13.207745077868575,8.29775471405761,18.11773544167954
STR,251.0,,13.280699393393075,8.337197398439006,18.224201388347144
STR,252.0,,13.35365370891758,8.376638390751587,18.330669027083573
STR,253.0,,13.426608024442082,8.416077724947948,18.437138323936217
STR,254.0,,13.499562339966582,8.455515434079967,18.543609245853197
STR,255.0,,13.572516655491086,8.494951550328409,18.650081760653762
STR,256.0,,13.645470971015587,8.534386105031388,18.756555836999787
STR,257.0,,13.718425286540091,8.573819128711722,18.86303144436846
STR,258.0,,13.791379602064591,8.613250651103236,18.969508553025946
STR,259.0,,13.864333917589093,8.652680701176047,19.07598713400214
STR,260.0,,13.937288233113598,8.692109307160878,19.18246715906632
STR,261.0,,14.0102425486381,8.731536496572467,19.288948600703733
STR,262.0,,14.0831968641626,8.770962296232085,19.395431432093115
STR,263.0,,14.156151179687104,8.810386732289219,19.50191562708499
STR,264.0,,14.229105495211606,8.84980983024242,19.60840116018079
STR,265.0,,14.302059810736111,8.889231614959426,19.714888006512794
STR,266.0,,14.37501412626061,8.928652110696492,19.82137614182473
STR,267.0,,14.447968441785115,8.968071341117078,19.92786554245315
STR,268.0,,14.520922757309616,9.00748932930978,20.034356185309452
STR,269.0,,14.593877072834117,9.04690609780569,20.14084804786254
STR,270.0,,14.66683138835862,9.08632166859508,20.24734110812216
STR,271.0,,14.73978570388312,9.1257360631435,20.35383534462274
STR,272.0,,14.812740019407624,9.165149302407347,20.4603307364079
STR,273.0,,14.885694334932124,9.20456140684881,20.566827263015437
STR,274.0,,14.958648650456627,9.243972396450367,20.673324904462888
STR,275.0,,15.031602965981133,9.283382290728717,20.77982364123355
STR,276.0,,15.104557281505633,9.322791108748266,20.886323454263
STR,277.0,,15.177511597030133,9.362198869134136,20.99282432492613
STR,278.0,,15.250465912554635,9.401605590084735,21.099326235024535
STR,279.0,,15.32342022807914,9.441011289383871,21.205829166774407
STR,280.0,,15.396374543603644,9.480415984412494,21.312333102794796
STR,281.0,,15.469328859128144,9.519819692160015,21.418838026096275
STR,282.0,,15.542283174652646,9.55922242923527,21.52534392007002
STR,283.0,,15.615237490177147,9.598624211877086,21.631850768477207
STR,284.0,,15.68819180570165,9.638025055964526,21.738358555438772
STR,285.0,,15.76114612122615,9.677424977026785,21.844867265425513
STR,286.0,,15.834100436750653,9.716823990252756,21.95137688324855
STR,287.0,,15.907054752275158,9.756222110500289,22.057887394050027
STR,288.0,,15.98000906779966,9.795619352305152,22.164398783294168
STR,289.0,,16.052963383324162,9.835015729889708,22.270911036758616
STR,290.0,,16.12591769884866,9.8744112571713,22.37742414052602
STR,291.0,,16.198872014373165,9.913805947770381,22.48393808097595
STR,292.0,,16.27182632989767,9.953199815018365,22.590452844776976
STR,293.0,,16.34478064542217,9.99259287196525,22.696968418879088
STR,294.0,,16.417734960946675,10.031985131387025,22.803484790506324
STR,295.0,,16.490689276471173,10.071376605792764,22.91000194714958
STR,296.0,,16.563643591995678,10.11076730743161,23.016519876559748
STR,297.0,,16.636597907520176,10.150157248299426,23.123038566740927
STR,298.0,,16.709552223044682,10.18954644014536,23.229558005944003
STR,299.0,,16.782506538569187,10.22893489447809,23.336078182660284
STR,300.0,,16.855460854093685,10.268322622571981,23.44259908561539
LTR,0.0,,-2.8751021952194167,-3.9429194238563565,-1.8072849665824768
LTR,5.0,,-2.7286797702122825,-3.763069546045501,-1.6942899943790637
LTR,10.0,,-2.582257345205148,-3.5841831101284676,-1.5803315802818279
LTR,15.0,,-2.4358349201980136,-3.4063568024760618,-1.4653130379199655
LTR,20.0,,-2.2894432704088934,-3.2297388736521278,-1.349147667165659
LTR,25.0,,-2.143263138006044,-3.0546802815099756,-1.2318459945021125
LTR,30.0,,-1.9974290073495473,-2.8814570541159843,-1.1134009605831103
LTR,35.0,,-1.8520646272990005,-2.710327198017766,-0.9938020565802349
LTR,40.0,,-1.7072937467140012,-2.5415433144626185,-0.8730441789653838
LTR,45.0,,-1.5632401144541488,-2.3753494284417958,-0.7511308004665019
LTR,50.0,,-1.4200274793790408,-2.211977386397331,-0.6280775723607508
LTR,55.0,,-1.277779590348276,-2.0516429621133083,-0.503916218583244
LTR,60.0,,-1.1366201962214526,-1.8945418880657372,-0.3786985043771679
LTR,65.0,,-0.9966730458581688,-1.7408461006714104,-0.25249999104492726
LTR,70.0,,-0.8580618881180229,-1.5907005353073154,-0.12542324092873025
LTR,75.0,,-0.7209104718606129,-1.4442208133169872,0.002399869595761328
LTR,80.0,,-0.5853425459455373,-1.3014921165957931,0.1308070247047186
LTR,85.0,,-0.45148185923239403,-1.1625694449839334,0.2596057265191454
LTR,90.0,,-0.3194521605807819,-1.0274793108750597,0.38857498971349597
LTR,95.0,,-0.18937719885029908,-0.8962227696055054,0.5174683719049071
LTR,100.0,,-0.06138072290054389,-0.7687795441022148,0.6460180983011271
LTR,105.0,,0.06441351840888615,-0.6451129047931246,0.773939941610897
LTR,110.0,,0.18788177621839158,-0.5251749260280896,0.9009384784648726
LTR,115.0,,0.3089003016683751,-0.4089117583580001,1.0267123616947504
LTR,120.0,,0.4273453770785223,-0.296268594694245,1.1509593488512897
LTR,125.0,,0.5431026192890513,-0.18718705855518225,1.273392297133285
LTR,130.0,,0.6560800019988777,-0.0816000422356582,1.3937600462334137
LTR,135.0,,0.7661887762687017,0.0205510170919887,1.5118265354454148
LTR,140.0,,0.8733401931592256,0.11931379657981933,1.627366589738632
LTR,145.0,,0.9774455037311492,0.21472568097878886,1.7401653264835097
LTR,150.0,,1.0784159590451747,0.3068144992623144,1.8500174188280352
LTR,155.0,,1.1761628101620023,0.3955993304596376,1.956726289864367
LTR,160.0,,1.2705973081423334,0.4810913206601588,2.060103295624508
LTR,165.0,,1.3616307040468691,0.5632944677822365,2.159966940311502
LTR,170.0,,1.4491742489363109,0.64220634305875,2.2561421548138716
LTR,175.0,,1.5331391938713586,0.717818728029446,2.348459659713271
LTR,180.0,,1.6134367899127147,0.7901181532375919,2.4367554265878373
LTR,185.0,,1.6899782881210799,0.8590863300705289,2.520870246171631
LTR,190.0,,1.7626749395571548,0.9247004705888353,2.6006494085254745
LTR,195.0,,1.8314379952816406,0.9869334920822685,2.675942498481013
LTR,200.0,,1.8961787063552382,1.045754103759332,2.746603308951144
LTR,205.0,,1.9568083238386496,1.1011267726547707,2.8124898750225285
LTR,210.0,,2.0132380987925744,1.153011564703608,2.8734646328815407
LTR,215.0,,2.0653792822777155,1.2013638551089438,2.929394709446487
LTR,220.0,,2.1131431253547728,1.2461338997093647,2.980152351000181
LTR,225.0,,2.1564589122507103,1.2872811882328592,3.0256366362685614
LTR,230.0,,2.1954111660197997,1.3248880103979999,3.0659343216415995
LTR,235.0,,2.2301636193931635,1.3590983701032586,3.1012288686830685
LTR,240.0,,2.260880638490259,1.3900545634051016,3.131706713575417
LTR,245.0,,2.287726589430536,1.417897837229766,3.1575553416313062
LTR,250.0,,2.31086583833345,1.4427693836527273,3.1789622930141723
LTR,255.0,,2.330462751318453,1.4648111653541136,3.1961143372827925
LTR,260.0,,2.3466816945049995,1.484166585623215,3.209196803386784
LTR,265.0,,2.359687034012542,1.5009810116465832,3.2183930563785013
LTR,270.0,,2.369643135960536,1.515402155789071,3.2238841161320013
LTR,275.0,,2.3767143664684323,1.5275803160118655,3.225848416924999
LTR,280.0,,2.3810650916556844,1.5376684733052572,3.2244617100061115
LTR,285.0,,2.382859677641748,1.545822240875737,3.219897114407759
LTR,290.0,,2.3822624905460743,1.5521996566331961,3.2123253244589525
LTR,295.0,,2.3794378964881173,1.5569608070730543,3.2019149859031804
LTR,300.0,,2.374550261587331,1.5602672667175375,3.1888332564571247
LTR,305.0,,2.367763951963168,1.5622813326252554,3.1732465713010805
LTR,310.0,,2.359243333735081,1.5631650278330143,3.155321639637148
LTR,315.0,,2.3491527730225257,1.563078840682529,3.1352267053625225
LTR,320.0,,2.3376566359449535,1.5621801585441606,3.1131331133457465
LTR,325.0,,2.3249187410300283,1.560620490279279,3.0892169917807775
LTR,330.0,,2.31106967548798,1.558492002196319,3.063647348779641
LTR,335.0,,2.2961883007262274,1.5557956200175467,3.0365809814349083
LTR,340.0,,2.280349003130729,1.552513342076006,3.0081846641854524
LTR,345.0,,2.263626169087445,1.548614735425073,2.9786376027498167
LTR,350.0,,2.246094184982333,1.544056402407338,2.9481319675573276
LTR,355.0,,2.227827437201352,1.5387814165953286,2.9168734578073754
LTR,360.0,,2.2089003121304613,1.5327188015336475,2.885081822727275
LTR,365.0,,2.1893871961556197,1.5257831524444558,2.8529912398667836
LTR,370.0,,2.169362475662786,1.5178745325013208,2.8208504188242514
LTR,375.0,,2.1489005370379184,1.5088788086460387,2.788922265429798
LTR,380.0,,2.1280757666669765,1.498668621564526,2.757482911769427
LTR,385.0,,2.1069625509359193,1.4871052009902983,2.7268199008815404
LTR,390.0,,2.085635276230704,1.4740412277908996,2.6972293246705084
LTR,395.0,,2.0641683289372916,1.4593248928569693,2.669011765017614
LTR,400.0,,2.04263609544164,1.4428051960792594,2.6424669948040203
LTR,405.0,,2.021112962129708,1.4243383620887229,2.6178875621706927
LTR,410.0,,1.9996733153874537,1.4037950360194817,2.5955515947554257
LTR,415.0,,1.978391541600837,1.3810676992014597,2.5757153840002145
LTR,420.0,,1.9573420271558168,1.356077569786144,2.5586064845254897
LTR,425.0,,1.9365991584383515,1.3287801916210777,2.5444181252556253
LTR,430.0,,1.9162264673984397,1.299155526723375,2.5332974080735045
LTR,435.0,,1.8962305757272915,1.2671526480739796,2.5253085033806033
LTR,440.0,,1.8765995174179015,1.232738460443763,2.52046057439204
LTR,445.0,,1.8573213160451465,1.1959191948798114,2.5187234372104816
LTR,450.0,,1.8383839951839047,1.1567364702972602,2.520031520070549
LTR,455.0,,1.8197755784090548,1.1152617910236031,2.5242893657945062
LTR,460.0,,1.8014840892954753,1.0715902620677027,2.531377916523248
LTR,465.0,,1.7834975514180442,1.0258342279980828,2.5411608748380057
LTR,470.0,,1.7658039883516397,0.9781173787456899,2.5534905979575893
LTR,475.0,,1.748391423671139,0.9285696652435422,2.568213182098736
LTR,480.0,,1.731247880951422,0.877323180090756,2.585172581812088
LTR,485.0,,1.7143613837673655,0.8245090125574258,2.6042137549773052
LTR,490.0,,1.6977199556938483,0.7702549920077092,2.625184919379987
LTR,495.0,,1.6813116203057483,0.714684184221389,2.6479390563901077
LTR,500.0,,1.6651244011779442,0.6579139897692217,2.6723348125866666
LTR,505.0,,1.6491463218853142,0.6000557002512579,2.6982369435193707
LTR,510.0,,1.633365406002736,0.5412143865605212,2.725516425444951
LTR,515.0,,1.617769677105088,0.48148901608223627,2.7540503381279398
LTR,520.0,,1.6023471587672484,0.4209727183691889,2.783721599165308
LTR,525.0,,1.587085874564095,0.3597531389779369,2.814418610150253
LTR,530.0,,1.5719569908085733,0.29790542351784954,2.846008558099297
LTR,535.0,,1.5568470855390233,0.23545779088584506,2.8782363801922015
LTR,540.0,,1.5417371802694733,0.17246541437811458,2.911008946160832
LTR,545.0,,1.5266272749999232,0.10898349088291259,2.944271059116934
LTR,550.0,,1.511517369730373,0.045060463660816064,2.97797427579993
LTR,555.0,,1.4964074644608232,-0.019261049762434812,3.012075978684081
LTR,560.0,,1.4812975591912731,-0.0839434642909005,3.046538582673447
LTR,565.0,,1.4661876539217231,-0.14895354953710993,3.081328857380556
LTR,570.0,,1.451077748652173,-0.21426185081831184,3.116417348122658
LTR,575.0,,1.435967843382623,-0.2798421941663254,3.1517778809315713
LTR,580.0,,1.4208579381130733,-0.3456712626866403,3.187387138912787
LTR,585.0,,1.4057480328435232,-0.41172823344926335,3.2232242991363096
LTR,590.0,,1.3906381275739732,-0.47799446572311544,3.259270720871062
LTR,595.0,,1.3755282223044232,-0.5444532327784066,3.295509677387253
LTR,600.0,,1.3604183170348731,-0.6110894906917155,3.3319261247614618
LTR,605.0,,1.3453084117653231,-0.6778896786170694,3.3685065021477154
LTR,610.0,,1.330198506495773,-0.7448415458555453,3.4052385588470915
LTR,615.0,,1.3150886012262233,-0.811934001787789,3.4421112042402355
LTR,620.0,,1.299978695956673,-0.879156985348645,3.479114377261991
LTR,625.0,,1.284868790687123,-0.9465013512388236,3.51623893261307
LTR,630.0,,1.269758885417573,-1.0139587705010369,3.553476541336183
LTR,635.0,,1.254648980148023,-1.0815216434506263,3.590819603746672
LTR,640.0,,1.239539074878473,-1.149183023255036,3.628261173011982
LTR,645.0,,1.2244291696089231,-1.2169365487119825,3.6657948879298288
LTR,650.0,,1.2093192643393729,-1.2847763849910394,3.703414913669785
LTR,655.0,,1.194209359069823,-1.3526971712842784,3.7411158894239245
LTR,660.0,,1.1790994538002728,-1.4206939744641711,3.7788928820647167
LTR,665.0,,1.163989548530723,-1.4887622479758318,3.816741345037278
LTR,670.0,,1.148879643261173,-1.556897795299814,3.85465708182216
LTR,675.0,,1.133769737991623,-1.62509673741412,3.892636213397366
LTR,680.0,,1.118659832722073,-1.6933554837626883,3.9306751492068344
LTR,685.0,,1.1035499274525231,-1.7616707063045396,3.9687705612095856
LTR,690.0,,1.0884400221829729,-1.8300393162747624,4.006919360640708
LTR,695.0,,1.0733301169134228,-1.8984584433373417,4.045118677164187
LTR,700.0,,1.058220211643873,-1.9669254168515664,4.0833658401393125
LTR,705.0,,1.043110306374323,-2.0354377490095734,4.121658361758219
LTR,710.0,,1.028000401104773,-2.103993119633418,4.159993921842964
LTR,715.0,,1.0128904958352232,-2.172589362446601,4.198370354117047
LTR,720.0,,0.9977805905656729,-2.2412244526578657,4.236785633789212
LTR,725.0,,0.9826706852961229,-2.3098964957149164,4.275237866307162
LTR,730.0,,0.9675607800265726,-2.3786037171028793,4.313725277156025
LTR,735.0,,0.9524508747570226,-2.4473444530771915,4.352246202591237
LTR,740.0,,0.9373409694874726,-2.5161171422336235,4.390799081208569
LTR,745.0,,0.9222310642179228,-2.5849203178293756,4.429382446265221
LTR,750.0,,0.9071211589483728,-2.653752600779069,4.4679949186758146
LTR,755.0,,0.8920112536788225,-2.722612693258088,4.506635200615733
LTR,760.0,,0.8769013484092729,-2.7914993728532265,4.545302069671773
LTR,765.0,,0.8617914431397227,-2.8604114872072817,4.5839943734867274
LTR,770.0,,0.8466815378701729,-2.9293479491099763,4.6227110248503225
LTR,775.0,,0.8315716326006231,-2.9983077319927913,4.661450997194038
LTR,780.0,,0.816461727331073,-3.0672898657897436,4.70021332045189
LTR,785.0,,0.8013518220615228,-3.13629343313017,4.738997077253216
LTR,790.0,,0.7862419167919728,-3.205317565833078,4.777801399417024
LTR,795.0,,0.7711320115224227,-3.274361441675768,4.816625464720613
LTR,800.0,,0.7560221062528729,-3.343424281412176,4.855468493917922
LTR,805.0,,0.7409122009833229,-3.4125053460188735,4.89432974798552
LTR,810.0,,0.7258022957137729,-3.4816039341488287,4.933208525576374
LTR,815.0,,0.710692390444223,-3.5507193797749665,4.972104160663413
LTR,820.0,,0.6955824851746728,-3.619851050007374,5.01101602035672
LTR,825.0,,0.6804725799051226,-3.6889983430694335,5.049943502879678
LTR,830.0,,0.6653626746355727,-3.758160686419681,5.088886035690827
LTR,835.0,,0.6502527693660229,-3.827337535007318,5.127843073739363
LTR,840.0,,0.6351428640964727,-3.8965283696505075,5.166814097843453
LTR,845.0,,0.6200329588269229,-3.965732695527511,5.205798613181357
LTR,850.0,,0.6049230535573726,-4.034950040771692,5.244796147886438
LTR,855.0,,0.5898131482878228,-4.104179955162152,5.283806251737797
LTR,860.0,,0.5747032430182726,-4.1734220089025555,5.322828494939101
LTR,865.0,,0.5595933377487232,-4.242675791481297,5.361862466978744
LTR,870.0,,0.544483432479173,-4.311940910606822,5.400907775565168
LTR,875.0,,0.5293735272096227,-4.381216991212369,5.439964045631614
LTR,880.0,,0.5142636219400729,-4.450503674524972,5.479030918405119
LTR,885.0,,0.49915371667052266,-4.519800617193936,5.518108050534981
LTR,890.0,,0.4840438114009724,-4.589107490474419,5.557195113276364
LTR,895.0,,0.4689339061314226,-4.658423979462119,5.596291791724964
LTR,900.0,,0.4538240008618728,-4.727749782375389,5.635397784099135
LTR,905.0,,0.43871409559232255,-4.797084609881397,5.674512801066042
LTR,910.0,,0.4236041903227723,-4.866428184463228,5.7136365651087715
LTR,915.0,,0.4084942850532225,-4.935780239825048,5.752768809931492
LTR,920.0,,0.3933843797836727,-5.005140520332734,5.791909279900079
LTR,925.0,,0.37827447451412244,-5.074508780487492,5.831057729515737
LTR,930.0,,0.36316456924457263,-5.14388478443025,5.870213922919396
LTR,935.0,,0.3480546639750224,-5.213268305474756,5.9093776334248
LTR,940.0,,0.33294475870547213,-5.282659125667451,5.948548643078396
LTR,945.0,,0.3178348534359223,-5.352057035372362,5.987726742244207
LTR,950.0,,0.3027249481663725,-5.421461832879371,6.026911729212116
LTR,955.0,,0.28761504289682227,-5.490873324034345,6.06610340982799
LTR,960.0,,0.27250513762727246,-5.56029132188972,6.1053015971442655
LTR,965.0,,0.25739523235772266,-5.629715646374242,6.144506111089687
LTR,970.0,,0.2422853270881724,-5.699146123980641,6.1837167781569855
LTR,975.0,,0.22717542181862171,-5.768582587470131,6.222933431107374
LTR,980.0,,0.2120655165490719,-5.83802487559268,6.262155908690824
LTR,985.0,,0.1969556112795221,-5.9074728328220845,6.301384055381129
LTR,990.0,,0.18184570600997185,-5.976926309104954,6.340617721124898
LTR,995.0,,0.16673580074042205,-6.0463851596227265,6.3798567611035715
LTR,1000.0,,0.15162589547087135,-6.115849244565997,6.4191010355077385
ENSO,0.0,La Niña,0.7472717611400975,0.42212554959343346,1.0724179726867615
ENSO,1.0,Neutro,-0.4249680259406515,-0.7716424839918798,-0.0782935678894231
ENSO,2.0,El Niño,-0.322303698679653,-0.7035141671932366,0.05890676983393062
zona,0.0,1,1.530766809830091,0.9882465969394538,2.073287022720728
zona,1.0,2,-0.3931463094335734,-0.8035120615997298,0.017219442732582912
zona,2.0,3,-1.1454716881047025,-1.7036343267315517,-0.5873090494778533
zona,3.0,4,-1.0606493201708378,-1.796496830040064,-0.3248018103016116
zona,4.0,5,1.068500544398771,0.6227776424823022,1.5142234463152398
tipo_su,0.0,1,-0.33103495359121754,-0.7072544738342177,0.045184566651782554
tipo_su,1.0,2,0.4627919281459275,0.07310059327401935,0.8524832630178356
tipo_su,2.0,3,-0.13175693803490487,-0.7026805282026495,0.4391666521328398
