run_id,thr_level,threshold,tpr,fpr,tnr,youden_J
0,P_TPR70,0.597629075634127,0.8059701492537313,0.015037593984962405,0.9849624060150376,
0,P_TPR85,0.5312824585623509,0.8507462686567164,0.022556390977443608,0.9774436090225564,
0,P_TPR95,0.2603146701363629,0.9701492537313433,0.045112781954887216,0.9548872180451128,
0,P_OPT,0.2603146701363629,0.9701492537313433,0.045112781954887216,0.9548872180451128,0.9250364717764561
1,P_TPR70,0.6881451601582494,0.7611940298507462,0.022556390977443608,0.9774436090225564,
1,P_TPR85,0.5450873148097795,0.8507462686567164,0.03007518796992481,0.9699248120300752,
1,P_TPR95,0.2803904286855009,0.9552238805970149,0.09774436090225563,0.9022556390977443,
1,P_OPT,0.2711475886633095,0.9850746268656716,0.09774436090225563,0.9022556390977443,0.8873302659634159
2,P_TPR70,0.6973969465541019,0.7313432835820896,0.0,1.0,
2,P_TPR85,0.4428126001144591,0.8955223880597015,0.045112781954887216,0.9548872180451128,
2,P_TPR95,0.170747436106676,0.9701492537313433,0.09774436090225563,0.9022556390977443,
2,P_OPT,0.170747436106676,0.9701492537313433,0.09774436090225563,0.9022556390977443,0.8724048928290877
3,P_TPR70,0.6825741948043432,0.7761194029850746,0.022556390977443608,0.9774436090225564,
3,P_TPR85,0.5848534514976396,0.8507462686567164,0.03759398496240601,0.9624060150375939,
3,P_TPR95,0.36599528895485306,0.9552238805970149,0.11278195488721804,0.887218045112782,
3,P_OPT,0.2607134552676494,1.0,0.12781954887218044,0.8721804511278195,0.8721804511278195
4,P_TPR70,0.8152656152885687,0.746268656716418,0.015037593984962405,0.9849624060150376,
4,P_TPR85,0.624530424088311,0.8507462686567164,0.045112781954887216,0.9548872180451128,
4,P_TPR95,0.41828906922262865,0.9552238805970149,0.07518796992481203,0.924812030075188,
4,P_OPT,0.41828906922262865,0.9552238805970149,0.07518796992481203,0.924812030075188,0.8800359106722029
5,P_TPR70,0.734524629919721,0.7611940298507462,0.022556390977443608,0.9774436090225564,
5,P_TPR85,0.5958707227842753,0.8507462686567164,0.03759398496240601,0.9624060150375939,
5,P_TPR95,0.374218977828035,0.9701492537313433,0.10526315789473684,0.8947368421052632,
5,P_OPT,0.374218977828035,0.9701492537313433,0.10526315789473684,0.8947368421052632,0.8648860958366065
6,P_TPR70,0.7294702783708861,0.8059701492537313,0.022556390977443608,0.9774436090225564,
6,P_TPR85,0.4604886714526216,0.8805970149253731,0.06766917293233082,0.9323308270676691,
6,P_TPR95,0.25833055435289376,0.9552238805970149,0.10526315789473684,0.8947368421052632,
6,P_OPT,0.3647971360393176,0.9402985074626866,0.07518796992481203,0.924812030075188,0.8651105375378746
7,P_TPR70,0.7652547001329486,0.7164179104477612,0.015037593984962405,0.9849624060150376,
7,P_TPR85,0.502610920024081,0.8656716417910447,0.045112781954887216,0.9548872180451128,
7,P_TPR95,0.20328321969598834,0.9552238805970149,0.17293233082706766,0.8270676691729324,
7,P_OPT,0.41359354328509407,0.9253731343283582,0.07518796992481203,0.924812030075188,0.8501851644035462
8,P_TPR70,0.6094939121699116,0.835820895522388,0.045112781954887216,0.9548872180451128,
8,P_TPR85,0.5132194230184588,0.8656716417910447,0.06015037593984962,0.9398496240601504,
8,P_TPR95,0.2793298682669058,0.9552238805970149,0.11278195488721804,0.887218045112782,
8,P_OPT,0.2489826553823856,0.9850746268656716,0.12030075187969924,0.8796992481203008,0.8647738749859724
9,P_TPR70,0.4880662332309246,0.9104477611940298,0.06015037593984962,0.9398496240601504,
9,P_TPR85,0.4880662332309246,0.9104477611940298,0.06015037593984962,0.9398496240601504,
9,P_TPR95,0.35515833221790966,0.9552238805970149,0.06766917293233082,0.9323308270676691,
9,P_OPT,0.35515833221790966,0.9552238805970149,0.06766917293233082,0.9323308270676691,0.8875547076646841
10,P_TPR70,0.8659537353213814,0.7164179104477612,0.022556390977443608,0.9774436090225564,
10,P_TPR85,0.6864430292638946,0.8507462686567164,0.045112781954887216,0.9548872180451128,
10,P_TPR95,0.4720584564123666,0.9552238805970149,0.06766917293233082,0.9323308270676691,
10,P_OPT,0.4720584564123666,0.9552238805970149,0.06766917293233082,0.9323308270676691,0.8875547076646841
11,P_TPR70,0.7742832105945868,0.803030303030303,0.007462686567164179,0.9925373134328358,
11,P_TPR85,0.5374834861459744,0.8939393939393939,0.03731343283582089,0.9626865671641791,
11,P_TPR95,0.4582325788743478,0.9848484848484849,0.05970149253731343,0.9402985074626866,
11,P_OPT,0.4582325788743478,0.9848484848484849,0.05970149253731343,0.9402985074626866,0.9251469923111715
12,P_TPR70,0.7082268949885491,0.8208955223880597,0.03007518796992481,0.9699248120300752,
12,P_TPR85,0.5204496652504217,0.9104477611940298,0.03759398496240601,0.9624060150375939,
12,P_TPR95,0.46645479102963766,0.9552238805970149,0.05263157894736842,0.9473684210526316,
12,P_OPT,0.46645479102963766,0.9552238805970149,0.05263157894736842,0.9473684210526316,0.9025923016496464
13,P_TPR70,0.6487281176594224,0.8656716417910447,0.015037593984962405,0.9849624060150376,
13,P_TPR85,0.6487281176594224,0.8656716417910447,0.015037593984962405,0.9849624060150376,
13,P_TPR95,0.317047214243892,0.9552238805970149,0.07518796992481203,0.924812030075188,
13,P_OPT,0.317047214243892,0.9552238805970149,0.07518796992481203,0.924812030075188,0.8800359106722029
14,P_TPR70,0.8355810352518432,0.746268656716418,0.03007518796992481,0.9699248120300752,
14,P_TPR85,0.5841941925545976,0.8656716417910447,0.05263157894736842,0.9473684210526316,
14,P_TPR95,0.5115371665257423,0.9552238805970149,0.06766917293233082,0.9323308270676691,
14,P_OPT,0.4537109601031634,0.9701492537313433,0.07518796992481203,0.924812030075188,0.8949612838065313
15,P_TPR70,0.6019889110554338,0.7910447761194029,0.022556390977443608,0.9774436090225564,
15,P_TPR85,0.5197830383667577,0.8507462686567164,0.03007518796992481,0.9699248120300752,
15,P_TPR95,0.22854498371720947,0.9701492537313433,0.09022556390977443,0.9097744360902256,
15,P_OPT,0.396337186880341,0.9402985074626866,0.045112781954887216,0.9548872180451128,0.8951857255077994
16,P_TPR70,0.7440646298655637,0.7313432835820896,0.03007518796992481,0.9699248120300752,
16,P_TPR85,0.4494385914979177,0.8656716417910447,0.08270676691729323,0.9172932330827068,
16,P_TPR95,0.3914833906765363,0.9552238805970149,0.09022556390977443,0.9097744360902256,
16,P_OPT,0.3914833906765363,0.9552238805970149,0.09022556390977443,0.9097744360902256,0.8649983166872405
17,P_TPR70,0.7481822044434197,0.7014925373134329,0.03759398496240601,0.9624060150375939,
17,P_TPR85,0.40276011599638567,0.8805970149253731,0.08270676691729323,0.9172932330827068,
17,P_TPR95,0.17223212815652555,0.9552238805970149,0.16541353383458646,0.8345864661654135,
17,P_OPT,0.27410972185270777,0.9402985074626866,0.12030075187969924,0.8796992481203008,0.8199977555829874
18,P_TPR70,0.7411055424886334,0.7313432835820896,0.06766917293233082,0.9323308270676691,
18,P_TPR85,0.5952067392750157,0.8507462686567164,0.09022556390977443,0.9097744360902256,
18,P_TPR95,0.18569331482306758,0.9552238805970149,0.16541353383458646,0.8345864661654135,
18,P_OPT,0.4832608761184141,0.9253731343283582,0.10526315789473684,0.8947368421052632,0.8201099764336214
19,P_TPR70,0.709555893539498,0.7313432835820896,0.03007518796992481,0.9699248120300752,
19,P_TPR85,0.6242373204451893,0.8507462686567164,0.03759398496240601,0.9624060150375939,
19,P_TPR95,0.34009402890243984,0.9701492537313433,0.09022556390977443,0.9097744360902256,
19,P_OPT,0.31403396559462726,0.9850746268656716,0.09774436090225563,0.9022556390977443,0.8873302659634159
20,P_TPR70,0.7506124002949247,0.7313432835820896,0.06766917293233082,0.9323308270676691,
20,P_TPR85,0.5568628732400975,0.9104477611940298,0.10526315789473684,0.8947368421052632,
20,P_TPR95,0.2959752179377843,0.9552238805970149,0.15037593984962405,0.849624060150376,
20,P_OPT,0.47486805586865277,0.9402985074626866,0.11278195488721804,0.887218045112782,0.8275165525754686
21,P_TPR70,0.6296859023632154,0.7424242424242424,0.007462686567164179,0.9925373134328358,
21,P_TPR85,0.4323418499204989,0.8787878787878788,0.029850746268656716,0.9701492537313433,
21,P_TPR95,0.07285042958006954,0.9696969696969697,0.23880597014925373,0.7611940298507462,
21,P_OPT,0.35978976465702994,0.9090909090909091,0.04477611940298507,0.9552238805970149,0.864314789687924
22,P_TPR70,0.6205436711936291,0.8507462686567164,0.0,1.0,
22,P_TPR85,0.6205436711936291,0.8507462686567164,0.0,1.0,
22,P_TPR95,0.33259844311982256,0.9850746268656716,0.022556390977443608,0.9774436090225564,
22,P_OPT,0.33259844311982256,0.9850746268656716,0.022556390977443608,0.9774436090225564,0.962518235888228
23,P_TPR70,0.7179918328625804,0.7611940298507462,0.045112781954887216,0.9548872180451128,
23,P_TPR85,0.3799034597654662,0.8805970149253731,0.06015037593984962,0.9398496240601504,
23,P_TPR95,0.2176882185194389,0.9552238805970149,0.10526315789473684,0.8947368421052632,
23,P_OPT,0.2631247805296406,0.9402985074626866,0.07518796992481203,0.924812030075188,0.8651105375378746
24,P_TPR70,0.6850916527590561,0.746268656716418,0.015037593984962405,0.9849624060150376,
24,P_TPR85,0.49172307011276145,0.8805970149253731,0.05263157894736842,0.9473684210526316,
24,P_TPR95,0.3413590212725053,0.9552238805970149,0.07518796992481203,0.924812030075188,
24,P_OPT,0.38455762744373945,0.9402985074626866,0.06015037593984962,0.9398496240601504,0.880148131522837
25,P_TPR70,0.7449078319043709,0.7878787878787878,0.03731343283582089,0.9626865671641791,
25,P_TPR85,0.5362679385952306,0.9090909090909091,0.05223880597014925,0.9477611940298507,
25,P_TPR95,0.31257976362989653,0.9545454545454546,0.08208955223880597,0.917910447761194,
25,P_OPT,0.24874705148719878,0.9696969696969697,0.09701492537313433,0.9029850746268657,0.8726820443238354
26,P_TPR70,0.7022855006169287,0.8059701492537313,0.03007518796992481,0.9699248120300752,
26,P_TPR85,0.6183527233408685,0.8507462686567164,0.06015037593984962,0.9398496240601504,
26,P_TPR95,0.10829637550628284,0.9701492537313433,0.21804511278195488,0.7819548872180451,
26,P_OPT,0.3707172098120539,0.9104477611940298,0.07518796992481203,0.924812030075188,0.8352597912692178
27,P_TPR70,0.656451771108913,0.7164179104477612,0.03759398496240601,0.9624060150375939,
27,P_TPR85,0.45347965468507845,0.8507462686567164,0.07518796992481203,0.924812030075188,
27,P_TPR95,0.2652253513656483,0.9552238805970149,0.11278195488721804,0.887218045112782,
27,P_OPT,0.24454365046086418,0.9850746268656716,0.12781954887218044,0.8721804511278195,0.8572550779934911
28,P_TPR70,0.8311486428089537,0.7164179104477612,0.007518796992481203,0.9924812030075187,
28,P_TPR85,0.5615583513479896,0.8656716417910447,0.03759398496240601,0.9624060150375939,
28,P_TPR95,0.25446024816698726,0.9552238805970149,0.08270676691729323,0.9172932330827068,
28,P_OPT,0.4553539966757025,0.9253731343283582,0.05263157894736842,0.9473684210526316,0.8727415553809899
29,P_TPR70,0.717331137215257,0.746268656716418,0.022556390977443608,0.9774436090225564,
29,P_TPR85,0.5050260020060177,0.8805970149253731,0.06015037593984962,0.9398496240601504,
29,P_TPR95,0.2681589470321095,0.9552238805970149,0.12030075187969924,0.8796992481203008,
29,P_OPT,0.2681589470321095,0.9552238805970149,0.12030075187969924,0.8796992481203008,0.8349231287173157
30,P_TPR70,0.6213280609023804,0.7611940298507462,0.015037593984962405,0.9849624060150376,
30,P_TPR85,0.4018698003070972,0.8805970149253731,0.03759398496240601,0.9624060150375939,
30,P_TPR95,0.276482010382712,0.9552238805970149,0.07518796992481203,0.924812030075188,
30,P_OPT,0.276482010382712,0.9552238805970149,0.07518796992481203,0.924812030075188,0.8800359106722029
31,P_TPR70,0.7867699809557606,0.7164179104477612,0.03007518796992481,0.9699248120300752,
31,P_TPR85,0.538155181865304,0.8656716417910447,0.06766917293233082,0.9323308270676691,
31,P_TPR95,0.38082377194532263,0.9552238805970149,0.08270676691729323,0.9172932330827068,
31,P_OPT,0.3493772235797191,0.9701492537313433,0.09022556390977443,0.9097744360902256,0.8799236898215689
32,P_TPR70,0.8031496242041908,0.7164179104477612,0.045112781954887216,0.9548872180451128,
32,P_TPR85,0.4865088789510912,0.8507462686567164,0.07518796992481203,0.924812030075188,
32,P_TPR95,0.2746948786845416,0.9552238805970149,0.15789473684210525,0.8421052631578947,
32,P_OPT,0.22618867872926082,0.9701492537313433,0.16541353383458646,0.8345864661654135,0.8047357198967569
33,P_TPR70,0.8092857198017844,0.7164179104477612,0.007518796992481203,0.9924812030075187,
33,P_TPR85,0.5627027628037704,0.8805970149253731,0.03007518796992481,0.9699248120300752,
33,P_TPR95,0.29820338720123896,0.9701492537313433,0.09022556390977443,0.9097744360902256,
33,P_OPT,0.29820338720123896,0.9701492537313433,0.09022556390977443,0.9097744360902256,0.8799236898215689
34,P_TPR70,0.8185063633914705,0.7313432835820896,0.015037593984962405,0.9849624060150376,
34,P_TPR85,0.5268896739531359,0.8805970149253731,0.03759398496240601,0.9624060150375939,
34,P_TPR95,0.09723408538864857,0.9701492537313433,0.16541353383458646,0.8345864661654135,
34,P_OPT,0.4168485703119257,0.9104477611940298,0.045112781954887216,0.9548872180451128,0.8653349792391426
35,P_TPR70,0.8179553606444675,0.7121212121212122,0.022388059701492536,0.9776119402985075,
35,P_TPR85,0.5524598486587031,0.8787878787878788,0.07462686567164178,0.9253731343283582,
35,P_TPR95,0.341983618484433,0.9545454545454546,0.12686567164179105,0.8731343283582089,
35,P_OPT,0.28315961952306745,0.9848484848484849,0.14925373134328357,0.8507462686567164,0.8355947535052013
36,P_TPR70,0.7093309050888348,0.7761194029850746,0.06015037593984962,0.9398496240601504,
36,P_TPR85,0.5575519490422142,0.8656716417910447,0.08270676691729323,0.9172932330827068,
36,P_TPR95,0.20537594642411394,0.9701492537313433,0.18045112781954886,0.8195488721804511,
36,P_OPT,0.445924255733413,0.9253731343283582,0.09774436090225563,0.9022556390977443,0.8276287734261025
37,P_TPR70,0.7700458251716934,0.7313432835820896,0.045112781954887216,0.9548872180451128,
37,P_TPR85,0.4417574914892567,0.9104477611940298,0.06766917293233082,0.9323308270676691,
37,P_TPR95,0.21755070942318383,0.9552238805970149,0.12030075187969924,0.8796992481203008,
37,P_OPT,0.33373696253620283,0.9253731343283582,0.07518796992481203,0.924812030075188,0.8501851644035462
38,P_TPR70,0.5250268655568109,0.7910447761194029,0.03007518796992481,0.9699248120300752,
38,P_TPR85,0.3804081221836827,0.8805970149253731,0.06015037593984962,0.9398496240601504,
38,P_TPR95,0.08624640687971241,0.9552238805970149,0.18796992481203006,0.8120300751879699,
38,P_OPT,0.3143065573857588,0.9104477611940298,0.06766917293233082,0.9323308270676691,0.8427785882616989
39,P_TPR70,0.6902299201429103,0.7121212121212122,0.029850746268656716,0.9701492537313433,
39,P_TPR85,0.4297919763579509,0.8787878787878788,0.07462686567164178,0.9253731343283582,
39,P_TPR95,0.2333159136535637,0.9696969696969697,0.11194029850746269,0.8880597014925373,
39,P_OPT,0.2333159136535637,0.9696969696969697,0.11194029850746269,0.8880597014925373,0.857756671189507
40,P_TPR70,0.6048092953553114,0.7611940298507462,0.08270676691729323,0.9172932330827068,
40,P_TPR85,0.4881450024250669,0.8656716417910447,0.10526315789473684,0.8947368421052632,
40,P_TPR95,0.14623488508056523,0.9552238805970149,0.16541353383458646,0.8345864661654135,
40,P_OPT,0.17758124747512002,0.9402985074626866,0.14285714285714285,0.8571428571428572,0.7974413646055438
41,P_TPR70,0.8270985509181569,0.8333333333333334,0.03731343283582089,0.9626865671641791,
41,P_TPR85,0.6303452342267641,0.8636363636363636,0.05970149253731343,0.9402985074626866,
41,P_TPR95,0.4094475326365566,0.9696969696969697,0.08208955223880597,0.917910447761194,
41,P_OPT,0.4094475326365566,0.9696969696969697,0.08208955223880597,0.917910447761194,0.8876074174581637
42,P_TPR70,0.830071527938236,0.746268656716418,0.03007518796992481,0.9699248120300752,
42,P_TPR85,0.5145269260097057,0.8656716417910447,0.06015037593984962,0.9398496240601504,
42,P_TPR95,0.2796427601201216,0.9701492537313433,0.10526315789473684,0.8947368421052632,
42,P_OPT,0.2796427601201216,0.9701492537313433,0.10526315789473684,0.8947368421052632,0.8648860958366065
43,P_TPR70,0.7436058204066223,0.8208955223880597,0.022556390977443608,0.9774436090225564,
43,P_TPR85,0.6648031602762158,0.8507462686567164,0.03759398496240601,0.9624060150375939,
43,P_TPR95,0.30339657831982725,0.9552238805970149,0.12781954887218044,0.8721804511278195,
43,P_OPT,0.5270872305933265,0.9104477611940298,0.05263157894736842,0.9473684210526316,0.8578161822466615
44,P_TPR70,0.7659936696217229,0.746268656716418,0.007518796992481203,0.9924812030075187,
44,P_TPR85,0.5048548582673202,0.8805970149253731,0.03759398496240601,0.9624060150375939,
44,P_TPR95,0.4569296177196403,0.9552238805970149,0.045112781954887216,0.9548872180451128,
44,P_OPT,0.4569296177196403,0.9552238805970149,0.045112781954887216,0.9548872180451128,0.9101110986421277
45,P_TPR70,0.7631624593302866,0.7611940298507462,0.03007518796992481,0.9699248120300752,
45,P_TPR85,0.5322278894335992,0.8955223880597015,0.06766917293233082,0.9323308270676691,
45,P_TPR95,0.4009174964249512,0.9552238805970149,0.10526315789473684,0.8947368421052632,
45,P_OPT,0.4009174964249512,0.9552238805970149,0.10526315789473684,0.8947368421052632,0.8499607227022781
46,P_TPR70,0.7634096537139726,0.7164179104477612,0.022556390977443608,0.9774436090225564,
46,P_TPR85,0.44749970066127615,0.8656716417910447,0.045112781954887216,0.9548872180451128,
46,P_TPR95,0.07300841282366967,0.9552238805970149,0.21052631578947367,0.7894736842105263,
46,P_OPT,0.44749970066127615,0.8656716417910447,0.045112781954887216,0.9548872180451128,0.8205588598361575
47,P_TPR70,0.679058727177239,0.8181818181818182,0.007462686567164179,0.9925373134328358,
47,P_TPR85,0.5240006658338664,0.8636363636363636,0.03731343283582089,0.9626865671641791,
47,P_TPR95,0.3146011472156261,0.9545454545454546,0.05970149253731343,0.9402985074626866,
47,P_OPT,0.2155806939536381,0.9848484848484849,0.08955223880597014,0.9104477611940298,0.8952962460425147
48,P_TPR70,0.7731057044920842,0.7424242424242424,0.022388059701492536,0.9776119402985075,
48,P_TPR85,0.5314755684844465,0.8787878787878788,0.06716417910447761,0.9328358208955224,
48,P_TPR95,0.33613863793712206,0.9545454545454546,0.12686567164179105,0.8731343283582089,
48,P_OPT,0.31474364813539907,0.9696969696969697,0.13432835820895522,0.8656716417910448,0.8353686114880146
49,P_TPR70,0.7256360580303072,0.7761194029850746,0.007518796992481203,0.9924812030075187,
49,P_TPR85,0.5769330710247604,0.8507462686567164,0.022556390977443608,0.9774436090225564,
49,P_TPR95,0.11251446487328642,0.9552238805970149,0.21804511278195488,0.7819548872180451,
49,P_OPT,0.47692521306190383,0.9104477611940298,0.03759398496240601,0.9624060150375939,0.8728537762316237
50,P_TPR70,0.6017969601660494,0.7611940298507462,0.07518796992481203,0.924812030075188,
50,P_TPR85,0.4001590993903397,0.8805970149253731,0.09022556390977443,0.9097744360902256,
50,P_TPR95,0.25390422060784096,0.9552238805970149,0.12781954887218044,0.8721804511278195,
50,P_OPT,0.25390422060784096,0.9552238805970149,0.12781954887218044,0.8721804511278195,0.8274043317248345
51,P_TPR70,0.6538085019493655,0.7164179104477612,0.03007518796992481,0.9699248120300752,
51,P_TPR85,0.4830977577138701,0.8507462686567164,0.05263157894736842,0.9473684210526316,
51,P_TPR95,0.32480211120571206,0.9552238805970149,0.09022556390977443,0.9097744360902256,
51,P_OPT,0.4084016477105046,0.9402985074626866,0.06766917293233082,0.9323308270676691,0.8726293345303557
52,P_TPR70,0.7776639984655137,0.7575757575757576,0.03731343283582089,0.9626865671641791,
52,P_TPR85,0.49223639556551835,0.8787878787878788,0.04477611940298507,0.9552238805970149,
52,P_TPR95,0.31613440377205376,0.9696969696969697,0.05970149253731343,0.9402985074626866,
52,P_OPT,0.31613440377205376,0.9696969696969697,0.05970149253731343,0.9402985074626866,0.9099954771596563
53,P_TPR70,0.8442264044834781,0.746268656716418,0.015037593984962405,0.9849624060150376,
53,P_TPR85,0.6707968803968926,0.8507462686567164,0.05263157894736842,0.9473684210526316,
53,P_TPR95,0.47243085621928,0.9701492537313433,0.08270676691729323,0.9172932330827068,
53,P_OPT,0.47243085621928,0.9701492537313433,0.08270676691729323,0.9172932330827068,0.88744248681405
54,P_TPR70,0.6058850533953862,0.7910447761194029,0.022556390977443608,0.9774436090225564,
54,P_TPR85,0.4972186084655657,0.8507462686567164,0.03007518796992481,0.9699248120300752,
54,P_TPR95,0.14895618564043692,0.9552238805970149,0.10526315789473684,0.8947368421052632,
54,P_OPT,0.42587161935279083,0.9104477611940298,0.03759398496240601,0.9624060150375939,0.8728537762316237
55,P_TPR70,0.6197386691890026,0.8208955223880597,0.022556390977443608,0.9774436090225564,
55,P_TPR85,0.5030154817793693,0.8507462686567164,0.03007518796992481,0.9699248120300752,
55,P_TPR95,0.37848825211278764,0.9701492537313433,0.06766917293233082,0.9323308270676691,
55,P_OPT,0.37848825211278764,0.9701492537313433,0.06766917293233082,0.9323308270676691,0.9024800807990125
56,P_TPR70,0.7002941842059138,0.7313432835820896,0.045112781954887216,0.9548872180451128,
56,P_TPR85,0.5384041246183703,0.8507462686567164,0.06015037593984962,0.9398496240601504,
56,P_TPR95,0.06794153948107388,0.9701492537313433,0.21052631578947367,0.7894736842105263,
56,P_OPT,0.3172493932435119,0.9253731343283582,0.08270676691729323,0.9172932330827068,0.842666367411065
57,P_TPR70,0.8543712674720528,0.7014925373134329,0.007518796992481203,0.9924812030075187,
57,P_TPR85,0.608854712532371,0.8955223880597015,0.03759398496240601,0.9624060150375939,
57,P_TPR95,0.3670706034182625,0.9701492537313433,0.08270676691729323,0.9172932330827068,
57,P_OPT,0.3670706034182625,0.9701492537313433,0.08270676691729323,0.9172932330827068,0.88744248681405
58,P_TPR70,0.8278084480093196,0.7761194029850746,0.007518796992481203,0.9924812030075187,
58,P_TPR85,0.6664808797946447,0.8656716417910447,0.015037593984962405,0.9849624060150376,
58,P_TPR95,0.46230924496072895,0.9552238805970149,0.06766917293233082,0.9323308270676691,
58,P_OPT,0.4368795976590636,0.9701492537313433,0.07518796992481203,0.924812030075188,0.8949612838065313
59,P_TPR70,0.7656059734588984,0.7761194029850746,0.03759398496240601,0.9624060150375939,
59,P_TPR85,0.648069585212369,0.8507462686567164,0.045112781954887216,0.9548872180451128,
59,P_TPR95,0.28176293750463705,0.9552238805970149,0.12781954887218044,0.8721804511278195,
59,P_OPT,0.5648196768622563,0.9104477611940298,0.07518796992481203,0.924812030075188,0.8352597912692178
60,P_TPR70,0.7871959431292901,0.7014925373134329,0.03007518796992481,0.9699248120300752,
60,P_TPR85,0.5727432226054955,0.8507462686567164,0.05263157894736842,0.9473684210526316,
60,P_TPR95,0.3537735796233009,0.9552238805970149,0.09022556390977443,0.9097744360902256,
60,P_OPT,0.2644231031564412,0.9850746268656716,0.09774436090225563,0.9022556390977443,0.8873302659634159
61,P_TPR70,0.7361164670019551,0.7313432835820896,0.015037593984962405,0.9849624060150376,
61,P_TPR85,0.4839801162229944,0.9104477611940298,0.022556390977443608,0.9774436090225564,
61,P_TPR95,0.43168807980184626,0.9552238805970149,0.045112781954887216,0.9548872180451128,
61,P_OPT,0.37933720318816133,0.9701492537313433,0.05263157894736842,0.9473684210526316,0.9175176747839748
62,P_TPR70,0.742462342774177,0.7575757575757576,0.014925373134328358,0.9850746268656716,
62,P_TPR85,0.5582049077683725,0.8787878787878788,0.03731343283582089,0.9626865671641791,
62,P_TPR95,0.45537685575038056,0.9545454545454546,0.05223880597014925,0.9477611940298507,
62,P_OPT,0.45537685575038056,0.9545454545454546,0.05223880597014925,0.9477611940298507,0.9023066485753053
63,P_TPR70,0.6696650930732416,0.7272727272727273,0.029850746268656716,0.9701492537313433,
63,P_TPR85,0.29984953617735915,0.8787878787878788,0.09701492537313433,0.9029850746268657,
63,P_TPR95,0.17751451900215814,0.9545454545454546,0.16417910447761194,0.835820895522388,
63,P_OPT,0.2619744906325518,0.9090909090909091,0.11194029850746269,0.8880597014925373,0.7971506105834464
64,P_TPR70,0.6997235603464514,0.7761194029850746,0.045112781954887216,0.9548872180451128,
64,P_TPR85,0.5937740214001153,0.8507462686567164,0.06766917293233082,0.9323308270676691,
64,P_TPR95,0.2795771444795352,0.9552238805970149,0.17293233082706766,0.8270676691729324,
64,P_OPT,0.5467744671268464,0.9104477611940298,0.09022556390977443,0.9097744360902256,0.8202221972842554
65,P_TPR70,0.694453271756256,0.7014925373134329,0.03759398496240601,0.9624060150375939,
65,P_TPR85,0.35364017303175893,0.9104477611940298,0.06015037593984962,0.9398496240601504,
65,P_TPR95,0.18917252197788417,0.9552238805970149,0.09022556390977443,0.9097744360902256,
65,P_OPT,0.18917252197788417,0.9552238805970149,0.09022556390977443,0.9097744360902256,0.8649983166872405
66,P_TPR70,0.733118391975679,0.7313432835820896,0.03007518796992481,0.9699248120300752,
66,P_TPR85,0.48649055759047816,0.8507462686567164,0.06766917293233082,0.9323308270676691,
66,P_TPR95,0.11065326603503918,0.9552238805970149,0.18796992481203006,0.8120300751879699,
66,P_OPT,0.3410198577754922,0.9253731343283582,0.08270676691729323,0.9172932330827068,0.842666367411065
67,P_TPR70,0.8341845248580256,0.7761194029850746,0.022556390977443608,0.9774436090225564,
67,P_TPR85,0.6376662228280626,0.8805970149253731,0.045112781954887216,0.9548872180451128,
67,P_TPR95,0.44614112130690303,0.9701492537313433,0.08270676691729323,0.9172932330827068,
67,P_OPT,0.44614112130690303,0.9701492537313433,0.08270676691729323,0.9172932330827068,0.88744248681405
68,P_TPR70,0.7930745215098567,0.7014925373134329,0.015037593984962405,0.9849624060150376,
68,P_TPR85,0.5415954847754301,0.8656716417910447,0.05263157894736842,0.9473684210526316,
68,P_TPR95,0.1985635767299132,0.9850746268656716,0.12030075187969924,0.8796992481203008,
68,P_OPT,0.35018725087300984,0.9253731343283582,0.06015037593984962,0.9398496240601504,0.8652227583885086
69,P_TPR70,0.8224251349651628,0.7611940298507462,0.022556390977443608,0.9774436090225564,
69,P_TPR85,0.3827465680620119,0.9104477611940298,0.045112781954887216,0.9548872180451128,
69,P_TPR95,0.2345957989639671,0.9701492537313433,0.12781954887218044,0.8721804511278195,
69,P_OPT,0.3827465680620119,0.9104477611940298,0.045112781954887216,0.9548872180451128,0.8653349792391426
70,P_TPR70,0.7683633870452945,0.7014925373134329,0.022556390977443608,0.9774436090225564,
70,P_TPR85,0.546725345858824,0.8507462686567164,0.05263157894736842,0.9473684210526316,
70,P_TPR95,0.28648565239955254,0.9701492537313433,0.13533834586466165,0.8646616541353384,
70,P_OPT,0.28648565239955254,0.9701492537313433,0.13533834586466165,0.8646616541353384,0.8348109078666817
71,P_TPR70,0.6322083017941837,0.746268656716418,0.03007518796992481,0.9699248120300752,
71,P_TPR85,0.45494278562469626,0.8507462686567164,0.05263157894736842,0.9473684210526316,
71,P_TPR95,0.20593400265979658,0.9552238805970149,0.11278195488721804,0.887218045112782,
71,P_OPT,0.2786718042588811,0.9253731343283582,0.08270676691729323,0.9172932330827068,0.842666367411065
72,P_TPR70,0.8398782455436274,0.7014925373134329,0.007518796992481203,0.9924812030075187,
72,P_TPR85,0.5410440697153653,0.8507462686567164,0.03759398496240601,0.9624060150375939,
72,P_TPR95,0.3248901791005256,0.9552238805970149,0.06766917293233082,0.9323308270676691,
72,P_OPT,0.2326695749907978,0.9850746268656716,0.09022556390977443,0.9097744360902256,0.8948490629558972
73,P_TPR70,0.6036380663047715,0.7910447761194029,0.015037593984962405,0.9849624060150376,
73,P_TPR85,0.4972537167197625,0.8805970149253731,0.022556390977443608,0.9774436090225564,
73,P_TPR95,0.35173423745385174,0.9552238805970149,0.06766917293233082,0.9323308270676691,
73,P_OPT,0.401147939847698,0.9402985074626866,0.03759398496240601,0.9624060150375939,0.9027045225002805
74,P_TPR70,0.7663300511107032,0.7164179104477612,0.03759398496240601,0.9624060150375939,
74,P_TPR85,0.42982429233837705,0.8955223880597015,0.05263157894736842,0.9473684210526316,
74,P_TPR95,0.2687550985754998,0.9552238805970149,0.12030075187969924,0.8796992481203008,
74,P_OPT,0.42982429233837705,0.8955223880597015,0.05263157894736842,0.9473684210526316,0.842890809112333
75,P_TPR70,0.7320038989365624,0.7164179104477612,0.022556390977443608,0.9774436090225564,
75,P_TPR85,0.4757576934045495,0.8507462686567164,0.06766917293233082,0.9323308270676691,
75,P_TPR95,0.12275893000227912,0.9552238805970149,0.16541353383458646,0.8345864661654135,
75,P_OPT,0.308846561948972,0.9402985074626866,0.09022556390977443,0.9097744360902256,0.8500729435529122
76,P_TPR70,0.5583351131933447,0.7164179104477612,0.05263157894736842,0.9473684210526316,
76,P_TPR85,0.24874635242987925,0.8656716417910447,0.12030075187969924,0.8796992481203008,
76,P_TPR95,0.08347298782698798,0.9552238805970149,0.21804511278195488,0.7819548872180451,
76,P_OPT,0.24143552788746325,0.8805970149253731,0.12030075187969924,0.8796992481203008,0.7602962630456739
77,P_TPR70,0.6590437103186383,0.7313432835820896,0.022556390977443608,0.9774436090225564,
77,P_TPR85,0.4743028028159291,0.8507462686567164,0.06015037593984962,0.9398496240601504,
77,P_TPR95,0.20453756952772914,0.9552238805970149,0.13533834586466165,0.8646616541353384,
77,P_OPT,0.20453756952772914,0.9552238805970149,0.13533834586466165,0.8646616541353384,0.8198855347323533
78,P_TPR70,0.4677360982590492,0.7761194029850746,0.022556390977443608,0.9774436090225564,
78,P_TPR85,0.4163268682883543,0.8507462686567164,0.03007518796992481,0.9699248120300752,
78,P_TPR95,0.24595864167275192,0.9552238805970149,0.07518796992481203,0.924812030075188,
78,P_OPT,0.24595864167275192,0.9552238805970149,0.07518796992481203,0.924812030075188,0.8800359106722029
79,P_TPR70,0.5636491202570301,0.8059701492537313,0.022556390977443608,0.9774436090225564,
79,P_TPR85,0.5097362246393926,0.8507462686567164,0.022556390977443608,0.9774436090225564,
79,P_TPR95,0.1370944666414037,0.9552238805970149,0.18045112781954886,0.8195488721804511,
79,P_OPT,0.39782245127625604,0.8955223880597015,0.06015037593984962,0.9398496240601504,0.8353720121198519
80,P_TPR70,0.7683224804685176,0.7313432835820896,0.0,1.0,
80,P_TPR85,0.49976238729219374,0.8656716417910447,0.03759398496240601,0.9624060150375939,
80,P_TPR95,0.11085518610076077,0.9701492537313433,0.12030075187969924,0.8796992481203008,
80,P_OPT,0.19599679244595655,0.9253731343283582,0.06766917293233082,0.9323308270676691,0.8577039613960273
81,P_TPR70,0.7947481934564102,0.7910447761194029,0.03007518796992481,0.9699248120300752,
81,P_TPR85,0.6218620706917327,0.8507462686567164,0.045112781954887216,0.9548872180451128,
81,P_TPR95,0.2742237247087632,0.9701492537313433,0.09022556390977443,0.9097744360902256,
81,P_OPT,0.2742237247087632,0.9701492537313433,0.09022556390977443,0.9097744360902256,0.8799236898215689
82,P_TPR70,0.682417592163827,0.7164179104477612,0.03007518796992481,0.9699248120300752,
82,P_TPR85,0.48037803838820375,0.8656716417910447,0.06015037593984962,0.9398496240601504,
82,P_TPR95,0.21976896503476107,0.9552238805970149,0.14285714285714285,0.8571428571428572,
82,P_OPT,0.29024952711537066,0.9402985074626866,0.11278195488721804,0.887218045112782,0.8275165525754686
83,P_TPR70,0.8558801827745794,0.7121212121212122,0.022388059701492536,0.9776119402985075,
83,P_TPR85,0.5120125706326866,0.8787878787878788,0.05223880597014925,0.9477611940298507,
83,P_TPR95,0.2408593188728072,0.9545454545454546,0.14925373134328357,0.8507462686567164,
83,P_OPT,0.4813242007961204,0.8939393939393939,0.05970149253731343,0.9402985074626866,0.8342379014020805
84,P_TPR70,0.775671629221293,0.7313432835820896,0.022556390977443608,0.9774436090225564,
84,P_TPR85,0.5420513004522189,0.8507462686567164,0.06766917293233082,0.9323308270676691,
84,P_TPR95,0.0944739434285379,0.9552238805970149,0.19548872180451127,0.8045112781954887,
84,P_OPT,0.35541643970093795,0.9253731343283582,0.09774436090225563,0.9022556390977443,0.8276287734261025
85,P_TPR70,0.7266143098306678,0.7164179104477612,0.03007518796992481,0.9699248120300752,
85,P_TPR85,0.4868546261940822,0.8507462686567164,0.06015037593984962,0.9398496240601504,
85,P_TPR95,0.24746397701051134,0.9552238805970149,0.10526315789473684,0.8947368421052632,
85,P_OPT,0.24746397701051134,0.9552238805970149,0.10526315789473684,0.8947368421052632,0.8499607227022781
86,P_TPR70,0.7543674760420432,0.7313432835820896,0.007518796992481203,0.9924812030075187,
86,P_TPR85,0.428006714759897,0.8805970149253731,0.045112781954887216,0.9548872180451128,
86,P_TPR95,0.22927659981948692,0.9552238805970149,0.09022556390977443,0.9097744360902256,
86,P_OPT,0.27627400527160284,0.9402985074626866,0.06766917293233082,0.9323308270676691,0.8726293345303557
87,P_TPR70,0.8940994945469913,0.7424242424242424,0.0,1.0,
87,P_TPR85,0.6433933933246707,0.8787878787878788,0.03731343283582089,0.9626865671641791,
87,P_TPR95,0.5190558784596764,0.9545454545454546,0.05223880597014925,0.9477611940298507,
87,P_OPT,0.3402587910930933,0.9848484848484849,0.08208955223880597,0.917910447761194,0.9027589326096789
88,P_TPR70,0.6578395680754415,0.7014925373134329,0.06766917293233082,0.9323308270676691,
88,P_TPR85,0.44499246945335913,0.8507462686567164,0.09022556390977443,0.9097744360902256,
88,P_TPR95,0.2893203085292713,0.9552238805970149,0.15037593984962405,0.849624060150376,
88,P_OPT,0.3206162241731266,0.9402985074626866,0.12030075187969924,0.8796992481203008,0.8199977555829874
89,P_TPR70,0.5859892262725557,0.7272727272727273,0.03731343283582089,0.9626865671641791,
89,P_TPR85,0.2981203864274764,0.9090909090909091,0.09701492537313433,0.9029850746268657,
89,P_TPR95,0.07131319084844791,0.9696969696969697,0.2537313432835821,0.7462686567164178,
89,P_OPT,0.2981203864274764,0.9090909090909091,0.09701492537313433,0.9029850746268657,0.8120759837177747
90,P_TPR70,0.8067703508198888,0.8208955223880597,0.022556390977443608,0.9774436090225564,
90,P_TPR85,0.7372533964021614,0.8656716417910447,0.045112781954887216,0.9548872180451128,
90,P_TPR95,0.4637533881888236,0.9701492537313433,0.07518796992481203,0.924812030075188,
90,P_OPT,0.4637533881888236,0.9701492537313433,0.07518796992481203,0.924812030075188,0.8949612838065313
91,P_TPR70,0.6329495192706383,0.7761194029850746,0.03759398496240601,0.9624060150375939,
91,P_TPR85,0.5072091930615208,0.8656716417910447,0.045112781954887216,0.9548872180451128,
91,P_TPR95,0.23105027473329975,0.9552238805970149,0.12781954887218044,0.8721804511278195,
91,P_OPT,0.3149201733418625,0.9253731343283582,0.09774436090225563,0.9022556390977443,0.8276287734261025
92,P_TPR70,0.71125062539246,0.7313432835820896,0.045112781954887216,0.9548872180451128,
92,P_TPR85,0.45667860099842783,0.8656716417910447,0.07518796992481203,0.924812030075188,
92,P_TPR95,0.30473728895629426,0.9552238805970149,0.11278195488721804,0.887218045112782,
92,P_OPT,0.4219644181702527,0.9402985074626866,0.08270676691729323,0.9172932330827068,0.8575917405453934
93,P_TPR70,0.672540839421603,0.8059701492537313,0.022556390977443608,0.9774436090225564,
93,P_TPR85,0.4546198338023136,0.8805970149253731,0.05263157894736842,0.9473684210526316,
93,P_TPR95,0.20819830500225356,0.9552238805970149,0.11278195488721804,0.887218045112782,
93,P_OPT,0.20819830500225356,0.9552238805970149,0.11278195488721804,0.887218045112782,0.8424419257097968
94,P_TPR70,0.7109866548629615,0.7164179104477612,0.03759398496240601,0.9624060150375939,
94,P_TPR85,0.5710112887511172,0.8507462686567164,0.06015037593984962,0.9398496240601504,
94,P_TPR95,0.3699499000956923,0.9552238805970149,0.09774436090225563,0.9022556390977443,
94,P_OPT,0.3083799700043318,0.9850746268656716,0.11278195488721804,0.887218045112782,0.8722926719784536
95,P_TPR70,0.6560160964300926,0.7878787878787878,0.014925373134328358,0.9850746268656716,
95,P_TPR85,0.5852466353007417,0.8636363636363636,0.022388059701492536,0.9776119402985075,
95,P_TPR95,0.24516901213764347,0.9696969696969697,0.08955223880597014,0.9104477611940298,
95,P_OPT,0.47945638304966337,0.9393939393939394,0.03731343283582089,0.9626865671641791,0.9020805065581186
96,P_TPR70,0.5507965281203464,0.7611940298507462,0.045112781954887216,0.9548872180451128,
96,P_TPR85,0.3858760263586818,0.8656716417910447,0.08270676691729323,0.9172932330827068,
96,P_TPR95,0.2561626331234687,0.9701492537313433,0.12030075187969924,0.8796992481203008,
96,P_OPT,0.2561626331234687,0.9701492537313433,0.12030075187969924,0.8796992481203008,0.8498485018516441
97,P_TPR70,0.6534885709696996,0.7878787878787878,0.05970149253731343,0.9402985074626866,
97,P_TPR85,0.46693933354776274,0.8939393939393939,0.08208955223880597,0.917910447761194,
97,P_TPR95,0.2356312024935408,0.9545454545454546,0.15671641791044777,0.8432835820895522,
97,P_OPT,0.46693933354776274,0.8939393939393939,0.08208955223880597,0.917910447761194,0.8118498417005879
98,P_TPR70,0.831793042545716,0.746268656716418,0.022556390977443608,0.9774436090225564,
98,P_TPR85,0.652217217972563,0.8507462686567164,0.05263157894736842,0.9473684210526316,
98,P_TPR95,0.43664460512234793,0.9552238805970149,0.06766917293233082,0.9323308270676691,
98,P_OPT,0.43664460512234793,0.9552238805970149,0.06766917293233082,0.9323308270676691,0.8875547076646841
99,P_TPR70,0.7368338393433982,0.7910447761194029,0.022556390977443608,0.9774436090225564,
99,P_TPR85,0.5763006601238907,0.8507462686567164,0.03759398496240601,0.9624060150375939,
99,P_TPR95,0.1983525066160814,0.9552238805970149,0.11278195488721804,0.887218045112782,
99,P_OPT,0.4682782987463349,0.9253731343283582,0.06766917293233082,0.9323308270676691,0.8577039613960273
