run_id,seed,auc,ap,brier,f1,bacc,recall,precision,pofd,hk,tp,tn,fp,fn,best_lam,edof,n,n_si,n_no,n_train,n_test,n_test_si,su_train,su_test,centro_STR,centro_LTR,ausencias_sorteadas,sin_fecha,sin_lluvia,sin_enso,ausencias
0,100,0.9829424307036246,0.9562926523450078,0.046635167050617356,0.8992248062015504,0.91779822691056,0.8656716417910447,0.9354838709677419,0.03007518796992481,0.8355964538211199,58,129,4,9,1.0,11.324341190940638,999,333,666,799,200,67,767,191,-4.88551906268401,0.45624989213294403,666,0,0,0,666
1,101,0.9804735719896757,0.9572764824405262,0.05484410413533929,0.8787878787878788,0.9065200314218381,0.8656716417910447,0.8923076923076924,0.05263157894736842,0.8130400628436762,58,126,7,9,1.0,11.787395693003491,999,333,666,799,200,67,767,191,-4.541167511413842,0.8320155363801695,666,0,0,0,666
2,102,0.9773313881719222,0.9658390906013392,0.05432165551175665,0.873015873015873,0.8954101672090675,0.8208955223880597,0.9322033898305084,0.03007518796992481,0.7908203344181349,55,129,4,12,1.0,11.482415441537633,999,333,666,799,200,67,767,191,-6.867246911547214,0.9357290399204773,666,0,0,0,666
3,103,0.9758725171136797,0.9469139666220665,0.056791886380997365,0.8823529411764706,0.9139266075636854,0.8955223880597015,0.8695652173913043,0.06766917293233082,0.8278532151273708,60,124,9,7,1.0,11.636745092455826,999,333,666,799,200,67,767,191,-6.267999433121327,1.1365969565654228,666,0,0,0,666
4,104,0.9700370328807092,0.9508469942494717,0.05685095676130718,0.8905109489051095,0.9213892941308495,0.9104477611940298,0.8714285714285714,0.06766917293233082,0.8427785882616989,61,124,9,6,1.0,12.153320167764806,999,333,666,799,200,67,767,191,-1.4198116997383996,0.0024218998310874926,666,0,0,0,666
5,105,0.9727303332959264,0.9314529559296939,0.057511315349184855,0.8905109489051095,0.9213892941308495,0.9104477611940298,0.8714285714285714,0.06766917293233082,0.8427785882616989,61,124,9,6,1.0,11.723928799227314,999,333,666,799,200,67,767,191,-4.605029610291478,0.4163916995147908,666,0,0,0,666
6,106,0.9712714622376837,0.9411200101809215,0.06115261626435112,0.8549618320610687,0.8878352597912692,0.835820895522388,0.875,0.06015037593984962,0.7756705195825384,56,125,8,11,1.0,11.343577505754176,999,333,666,799,200,67,767,191,-8.561110005950006,1.2695726864676684,666,0,0,0,666
7,107,0.9746380877567051,0.950373590342843,0.05980646038150267,0.8854961832061069,0.9102794299180788,0.8656716417910447,0.90625,0.045112781954887216,0.8205588598361575,58,127,6,9,1.0,11.689969675261201,999,333,666,799,200,67,767,191,-3.604220672181554,0.8293509772477566,666,0,0,0,666
8,108,0.9640893277971048,0.9244339021916165,0.06831189223022517,0.8592592592592593,0.8952418359331163,0.8656716417910447,0.8529411764705882,0.07518796992481203,0.7904836718662327,58,123,10,9,5.62341325190349,8.725736672169461,999,333,666,799,200,67,767,191,-7.465731482670915,0.34579542319005374,666,0,0,0,666
9,109,0.9548872180451128,0.8776759415465631,0.0697918698328137,0.8888888888888888,0.9176860060599259,0.8955223880597015,0.8823529411764706,0.06015037593984962,0.8353720121198519,60,125,8,7,1.0,11.195437716802816,999,333,666,799,200,67,767,191,-8.17491624895338,0.7795128536952718,666,0,0,0,666
10,110,0.9739647626529009,0.9247042524321731,0.06006363761723535,0.8823529411764706,0.9139266075636854,0.8955223880597015,0.8695652173913043,0.06766917293233082,0.8278532151273708,60,124,9,7,1.0,11.203635901622256,999,333,666,799,200,67,767,191,-7.767184502643379,1.253208320248618,666,0,0,0,666
11,111,0.9871099050203528,0.9735511238871302,0.0415127087555557,0.9037037037037037,0.9322704658525554,0.9242424242424242,0.8840579710144928,0.05970149253731343,0.8645409317051108,61,126,8,5,1.0,12.296704400829707,999,333,666,799,200,66,767,191,-2.1114297284872263,0.40925522397415964,666,0,0,0,666
12,112,0.9792391426327012,0.952220394539604,0.05054921391762363,0.9104477611940298,0.9326674896195712,0.9104477611940298,0.9104477611940298,0.045112781954887216,0.8653349792391426,61,127,6,6,5.62341325190349,8.731463331029028,999,333,666,799,200,67,767,191,-7.2649772527365295,0.35947222935936585,666,0,0,0,666
13,113,0.981259117944114,0.9662184771928202,0.05067950709421971,0.8955223880597015,0.9214454045561665,0.8955223880597015,0.8955223880597015,0.05263157894736842,0.842890809112333,60,126,7,7,1.0,11.624625968046953,999,333,666,799,200,67,767,191,-4.944947852174833,0.7997433530680212,666,0,0,0,666
14,114,0.9763214005162159,0.9530376184676099,0.05995268369117818,0.9142857142857143,0.943777353832342,0.9552238805970149,0.8767123287671232,0.06766917293233082,0.8875547076646841,64,124,9,3,1.0,11.43455672561307,999,333,666,799,200,67,767,191,-6.454032114093244,1.2453844948522805,666,0,0,0,666
15,115,0.9763214005162159,0.9280228283441078,0.05206456524032008,0.8923076923076924,0.9140388284143193,0.8656716417910447,0.9206349206349206,0.03759398496240601,0.8280776568286388,58,128,5,9,1.0,11.852021553958041,999,333,666,799,200,67,767,191,-4.124403687956351,0.6186965759316448,666,0,0,0,666
16,116,0.9618449107844237,0.9315387296767843,0.06883735454784431,0.8333333333333334,0.8728537762316239,0.8208955223880597,0.8461538461538461,0.07518796992481203,0.7457075524632477,55,123,10,12,1.0,11.856205238927522,999,333,666,799,200,67,767,191,-3.8589854594955977,0.493666712180041,666,0,0,0,666
17,117,0.9572438559084278,0.9044879670080384,0.07707757860472421,0.8307692307692308,0.8691504881607002,0.8059701492537313,0.8571428571428571,0.06766917293233082,0.7383009763214006,54,124,9,13,1.0,11.947370931621375,999,333,666,799,200,67,767,191,-3.4053949744533423,0.7079880275436633,666,0,0,0,666
18,118,0.9505106048703849,0.888928088041128,0.08250447341117911,0.851063829787234,0.8951296150824823,0.8955223880597015,0.8108108108108109,0.10526315789473684,0.7902592301649647,60,119,14,7,5.62341325190349,8.503089977488985,999,333,666,799,200,67,767,191,-9.16360214169031,0.6767317580571622,666,0,0,0,666
19,119,0.9746380877567051,0.9126863885006401,0.05541273387388459,0.8888888888888888,0.9176860060599259,0.8955223880597015,0.8823529411764706,0.06015037593984962,0.8353720121198519,60,125,8,7,1.0,11.393070509877663,999,333,666,799,200,67,767,191,-5.9504027486905,1.1737566565585098,666,0,0,0,666
20,120,0.9422062619234653,0.8580237418155143,0.0875693529276408,0.8531468531468531,0.8988329031534059,0.9104477611940298,0.8026315789473685,0.11278195488721804,0.7976658063068118,61,118,15,6,1.0,11.304314726924703,999,333,666,799,200,67,767,191,-7.383466019644987,1.2028323290108223,666,0,0,0,666
21,121,0.9730890999547717,0.9604506465202047,0.058084567256260614,0.88,0.9017412935323383,0.8333333333333334,0.9322033898305084,0.029850746268656716,0.8034825870646767,55,130,4,11,1.0,11.565110689135958,999,333,666,799,200,66,767,191,-3.946884701978754,-0.09875923636116607,666,0,0,0,666
22,122,0.9948378408708338,0.9917249116629979,0.03200913276591604,0.9465648854961832,0.9551677701716978,0.9253731343283582,0.96875,0.015037593984962405,0.9103355403433958,62,131,2,5,1.0,11.55341750833444,999,333,666,799,200,67,767,191,-4.597433003397718,0.5258793246973951,666,0,0,0,666
23,123,0.9667826282123219,0.9272612505472952,0.07127587376874514,0.8636363636363636,0.8952979463584334,0.8507462686567164,0.8769230769230769,0.06015037593984962,0.7905958927168668,57,125,8,10,1.0,11.505481319657159,999,333,666,799,200,67,767,191,-5.548604117014013,0.5524316683758169,666,0,0,0,666
24,124,0.9785658175288969,0.9570395107076586,0.05602234694550409,0.8787878787878788,0.9065200314218381,0.8656716417910447,0.8923076923076924,0.05263157894736842,0.8130400628436762,58,126,7,9,1.0,11.63228887815258,999,333,666,799,200,67,767,191,-3.7678146112640887,0.401288659329119,666,0,0,0,666
25,125,0.9650610583446404,0.9233431711018932,0.06049736957287257,0.9022556390977443,0.9284260515603799,0.9090909090909091,0.8955223880597015,0.05223880597014925,0.8568521031207598,60,127,7,6,1.0,11.390246456672964,999,333,666,799,200,66,767,191,-7.503538221125005,1.1036966514991737,666,0,0,0,666
26,126,0.9629671192907643,0.922858581922793,0.06811330721390521,0.8805970149253731,0.9102233194927618,0.8805970149253731,0.8805970149253731,0.06015037593984962,0.8204466389855235,59,125,8,8,1.0,11.524321890038697,999,333,666,799,200,67,767,191,-5.943277522938155,1.1245218314650671,666,0,0,0,666
27,127,0.964762652900909,0.9188044185198664,0.07266339608445523,0.8461538461538461,0.880372573224105,0.8208955223880597,0.873015873015873,0.06015037593984962,0.7607451464482101,55,125,8,12,1.0,11.864011098430705,999,333,666,799,200,67,767,191,-4.828311314773638,0.5180586661238745,666,0,0,0,666
28,128,0.9801369094377734,0.9617102303882543,0.05250598031464653,0.8939393939393939,0.917742116485243,0.8805970149253731,0.9076923076923077,0.045112781954887216,0.8354842329704859,59,127,6,8,1.0,11.853466379233446,999,333,666,799,200,67,767,191,-4.054762116301138,1.2600318081347004,666,0,0,0,666
29,129,0.9682414992705645,0.9192314312394061,0.06430624247844478,0.8805970149253731,0.9102233194927618,0.8805970149253731,0.8805970149253731,0.06015037593984962,0.8204466389855235,59,125,8,8,1.0,11.870255695868654,999,333,666,799,200,67,767,191,-2.781590916862933,0.27108770591306686,666,0,0,0,666
30,130,0.9810346762428459,0.9609470513078524,0.058417179044746886,0.864,0.8879474806419032,0.8059701492537313,0.9310344827586207,0.03007518796992481,0.7758949612838065,54,129,4,13,5.62341325190349,9.016728111433306,999,333,666,799,200,67,767,191,-5.89431197156177,0.6558547864542928,666,0,0,0,666
31,131,0.967231511614858,0.9129173664112294,0.06327321939556782,0.8695652173913043,0.9064078105712041,0.8955223880597015,0.8450704225352113,0.08270676691729323,0.8128156211424082,60,122,11,7,1.0,11.547139552719413,999,333,666,799,200,67,767,191,-5.7293193195683765,1.1414957050966104,666,0,0,0,666
32,132,0.948378408708338,0.8389648916251154,0.08073116343078876,0.8421052631578947,0.8803164627987881,0.835820895522388,0.8484848484848485,0.07518796992481203,0.760632925597576,56,123,10,11,5.62341325190349,8.621182703275055,999,333,666,799,200,67,767,191,-8.354258033936832,0.6137703623338602,666,0,0,0,666
33,133,0.9811468970934799,0.9624186519244964,0.0520518201155174,0.8872180451127819,0.9139827179890023,0.8805970149253731,0.8939393939393939,0.05263157894736842,0.8279654359780046,59,126,7,8,1.0,11.416239378835655,999,333,666,799,200,67,767,191,-4.78022019863575,1.3012748210041432,666,0,0,0,666
34,134,0.9703736954326114,0.9544091969491446,0.0564913171836043,0.8939393939393939,0.917742116485243,0.8805970149253731,0.9076923076923077,0.045112781954887216,0.8354842329704859,59,127,6,8,1.0,11.89359316096237,999,333,666,799,200,67,767,191,-3.835397866943659,0.877529151561404,666,0,0,0,666
35,135,0.9691316146540027,0.9381105111337985,0.06890238221205557,0.8592592592592593,0.8983491632745364,0.8787878787878788,0.8405797101449275,0.08208955223880597,0.7966983265490728,58,123,11,8,1.0,11.306514623051791,999,333,666,799,200,66,767,191,-7.289325804834519,1.1927455137609417,666,0,0,0,666
36,136,0.9478173044551678,0.8786914562275593,0.08312833385786787,0.8489208633093526,0.8914263270115588,0.8805970149253731,0.8194444444444444,0.09774436090225563,0.7828526540231175,59,120,13,8,1.0,11.231535450029503,999,333,666,799,200,67,767,191,-8.401820914826889,1.1300876199308276,666,0,0,0,666
37,137,0.9652115363034452,0.9310306314223985,0.07149660195939472,0.8571428571428571,0.8915385478621928,0.8507462686567164,0.8636363636363636,0.06766917293233082,0.7830770957243856,57,124,9,10,1.0,11.583118505968535,999,333,666,799,200,67,767,191,-4.862167569430454,0.33168795073461127,666,0,0,0,666
38,138,0.9630793401413982,0.9343547985707079,0.07293183454457472,0.8548387096774194,0.8804847940747391,0.7910447761194029,0.9298245614035088,0.03007518796992481,0.7609695881494781,53,129,4,14,1.0,11.20454763578042,999,333,666,799,200,67,767,191,-8.238208997837473,1.0504416470799909,666,0,0,0,666
39,139,0.9626865671641791,0.9265396244229164,0.06904449818971269,0.828125,0.8679330619629126,0.803030303030303,0.8548387096774194,0.06716417910447761,0.7358661239258254,53,125,9,13,5.62341325190349,8.84543456926707,999,333,666,799,200,66,767,191,-6.206547774938355,0.20650830855758887,666,0,0,0,666
40,140,0.9404107283133206,0.8714105167866657,0.09310835506821256,0.8175182481751825,0.8652788688138255,0.835820895522388,0.8,0.10526315789473684,0.7305577376276512,56,119,14,11,1.0,11.675709131004472,999,333,666,799,200,67,767,191,-3.051906823069896,0.2386441968351219,666,0,0,0,666
41,141,0.974898236092266,0.9341929407374386,0.05577690394295663,0.8905109489051095,0.9248077792853913,0.9242424242424242,0.8591549295774648,0.07462686567164178,0.8496155585707824,61,124,10,5,1.0,11.62398709534653,999,333,666,799,200,66,767,191,-3.9958811932967975,0.9112996373737374,666,0,0,0,666
42,142,0.9769947256200202,0.9539562029830987,0.05714139714230253,0.8592592592592593,0.8952418359331163,0.8656716417910447,0.8529411764705882,0.07518796992481203,0.7904836718662327,58,123,10,9,1.0,11.296648784789404,999,333,666,799,200,67,767,191,-6.735527241019336,1.1838496429896466,666,0,0,0,666
43,143,0.9668948490629559,0.940642968603698,0.05986524024168096,0.8970588235294118,0.9251486926270901,0.9104477611940298,0.8840579710144928,0.06015037593984962,0.8502973852541802,61,125,8,6,1.0,11.89982230251713,999,333,666,799,200,67,767,191,-3.6546669384277526,0.6599088671148012,666,0,0,0,666
44,144,0.9867579396251823,0.9737393611006254,0.043761313091683025,0.9172932330827067,0.9364268881158119,0.9104477611940298,0.9242424242424242,0.03759398496240601,0.8728537762316237,61,128,5,6,1.0,11.782989979057628,999,333,666,799,200,67,767,191,-3.898199009501471,1.3163507784122634,666,0,0,0,666
45,145,0.9725058915946583,0.9440799643583818,0.06413092495824,0.8695652173913043,0.9064078105712041,0.8955223880597015,0.8450704225352113,0.08270676691729323,0.8128156211424082,60,122,11,7,1.0,11.761544975059845,999,333,666,799,200,67,767,191,-4.92662287840823,0.6264729924182614,666,0,0,0,666
46,146,0.9545505554932107,0.919540072140843,0.07312040667174681,0.8503937007874016,0.8804286836494221,0.8059701492537313,0.9,0.045112781954887216,0.7608573672988441,54,127,6,13,1.0,11.712132414848634,999,333,666,799,200,67,767,191,-3.909451754298447,0.9075989420609994,666,0,0,0,666
47,147,0.9853007688828584,0.9732510446150594,0.04485658182044837,0.890625,0.9131614654002713,0.8636363636363636,0.9193548387096774,0.03731343283582089,0.8263229308005428,57,129,5,9,1.0,11.544905063887018,999,333,666,799,200,66,767,191,-5.060270392420722,0.963404133945207,666,0,0,0,666
48,148,0.969470827679783,0.9454547864529229,0.06649456821958621,0.8740740740740741,0.9096562641338761,0.8939393939393939,0.855072463768116,0.07462686567164178,0.8193125282677521,59,124,10,7,1.0,11.908259761043954,999,333,666,799,200,66,767,191,-3.7244774388531043,0.5606028739555013,666,0,0,0,666
49,149,0.9734036583997305,0.9605980772604761,0.051465548482276094,0.9090909090909091,0.9289642015486477,0.8955223880597015,0.9230769230769231,0.03759398496240601,0.8579284030972956,60,128,5,7,1.0,11.614834743810352,999,333,666,799,200,67,767,191,-5.8677512170693635,0.7653720402309441,666,0,0,0,666
50,150,0.9488272921108742,0.8601081742244299,0.08506108757479877,0.8120300751879699,0.8578722926719784,0.8059701492537313,0.8181818181818182,0.09022556390977443,0.7157445853439569,54,121,12,13,5.62341325190349,8.682542241802796,999,333,666,799,200,67,767,191,-7.358658912054661,0.4679571481278855,666,0,0,0,666
51,151,0.9734036583997308,0.939401392122071,0.061751201269917934,0.8527131782945736,0.8841319717203456,0.8208955223880597,0.8870967741935484,0.05263157894736842,0.7682639434406913,55,126,7,12,1.0,11.938441519824648,999,333,666,799,200,67,767,191,-2.9538957307198968,0.6444524594488504,666,0,0,0,666
52,152,0.9700361827227498,0.9291073098284431,0.058330044987796405,0.8837209302325582,0.9094301221166893,0.8636363636363636,0.9047619047619048,0.04477611940298507,0.8188602442333786,57,128,6,9,1.0,11.280946193849733,999,333,666,799,200,66,767,191,-5.6671667926846085,0.8423603079905103,666,0,0,0,666
53,153,0.9730669958478285,0.9499296142856472,0.054974514054511835,0.8857142857142857,0.9213331837055325,0.9253731343283582,0.8493150684931506,0.08270676691729323,0.842666367411065,62,122,11,5,1.0,11.334052539953339,999,333,666,799,200,67,767,191,-8.419541552031017,0.8956921987960145,666,0,0,0,666
54,154,0.9824935473010885,0.966850359994745,0.05619700093812538,0.8818897637795275,0.9028728537762316,0.835820895522388,0.9333333333333333,0.03007518796992481,0.8057457075524632,56,129,4,11,1.0,11.35856676112093,999,333,666,799,200,67,767,191,-4.867901206941804,0.4687840984465987,666,0,0,0,666
55,155,0.9782291549769946,0.9391460350033883,0.0527105139866606,0.890625,0.9103355403433958,0.8507462686567164,0.9344262295081968,0.03007518796992481,0.8206710806867916,57,129,4,10,1.0,12.065741994939046,999,333,666,799,200,67,767,191,-2.25153397636437,0.3286868919790976,666,0,0,0,666
56,156,0.955448322298283,0.8946306494607863,0.07478578781383885,0.8656716417910447,0.899001234429357,0.8656716417910447,0.8656716417910447,0.06766917293233082,0.798002468858714,58,124,9,9,1.0,11.32543415501446,999,333,666,799,200,67,767,191,-5.624770020175112,0.3238126485726469,666,0,0,0,666
57,157,0.9769947256200202,0.9549685777022909,0.05071720334608225,0.9185185185185185,0.9401301761867356,0.9253731343283582,0.9117647058823529,0.045112781954887216,0.880260352373471,62,127,6,5,1.0,11.469695752154907,999,333,666,799,200,67,767,191,-5.7229382426657835,1.0251793548157448,666,0,0,0,666
58,158,0.983503534956795,0.9678246611342652,0.04749313111409276,0.9130434782608695,0.9400740657614185,0.9402985074626866,0.8873239436619719,0.06015037593984962,0.880148131522837,63,125,8,4,1.0,11.670452652040696,999,333,666,799,200,67,767,191,-5.357844103087915,1.0506179924664845,666,0,0,0,666
59,159,0.9673437324654921,0.9316248643511884,0.06669860233956762,0.8652482269503546,0.9063517001458871,0.9104477611940298,0.8243243243243243,0.09774436090225563,0.8127034002917741,61,120,13,6,1.0,11.285069714294602,999,333,666,799,200,67,767,191,-5.4118773533022235,0.6046482639367874,666,0,0,0,666
60,160,0.9682414992705645,0.9261833383433913,0.06333149698322785,0.8721804511278195,0.9027606329255975,0.8656716417910447,0.8787878787878788,0.06015037593984962,0.8055212658511951,58,125,8,9,1.0,11.406084158292892,999,333,666,799,200,67,767,191,-5.588069768099776,0.949157080036941,666,0,0,0,666
61,161,0.981371338794748,0.9649815035771153,0.050550315834653727,0.8976377952755905,0.9140949388396364,0.8507462686567164,0.95,0.022556390977443608,0.8281898776792729,57,130,3,10,5.62341325190349,8.898031736827479,999,333,666,799,200,67,767,191,-5.828118072917507,0.3196568896578768,666,0,0,0,666
62,162,0.978629579375848,0.947086478810035,0.04959108100722322,0.9022556390977443,0.9284260515603799,0.9090909090909091,0.8955223880597015,0.05223880597014925,0.8568521031207598,60,127,7,6,1.0,11.285401796763558,999,333,666,799,200,66,767,191,-6.763665344166789,0.8338299824274494,666,0,0,0,666
63,163,0.9652872003618272,0.9367342405725945,0.0754732271527706,0.7967479674796748,0.8413613749434645,0.7424242424242424,0.8596491228070176,0.05970149253731343,0.682722749886929,49,126,8,17,1.0,11.607814734141716,999,333,666,799,200,66,767,191,-5.544853536705098,0.7845389690531221,666,0,0,0,666
64,164,0.9514083716754572,0.8787125421040811,0.08036865701792216,0.8551724137931035,0.9025361912243295,0.9253731343283582,0.7948717948717948,0.12030075187969924,0.805072382448659,62,117,16,5,1.0,11.629170139001868,999,333,666,799,200,67,767,191,-4.701462926886681,0.8767216352292792,666,0,0,0,666
65,165,0.9682414992705645,0.924530002964118,0.07031029208161262,0.84375,0.8766692851531814,0.8059701492537313,0.8852459016393442,0.05263157894736842,0.7533385703063629,54,126,7,13,1.0,11.424114374716781,999,333,666,799,200,67,767,191,-8.296145275396842,1.4919201549712713,666,0,0,0,666
66,166,0.9592638312198407,0.9236488260890405,0.07135447599401194,0.8396946564885496,0.8766131747278645,0.8208955223880597,0.859375,0.06766917293233082,0.753226349455729,55,124,9,12,1.0,11.850018948144902,999,333,666,799,200,67,767,191,-3.4122312360179596,0.324843888799551,666,0,0,0,666
67,167,0.9713836830883178,0.9145488083109908,0.05676013030421036,0.8857142857142857,0.9213331837055325,0.9253731343283582,0.8493150684931506,0.08270676691729323,0.842666367411065,62,122,11,5,1.0,11.496041544831575,999,333,666,799,200,67,767,191,-6.811553718723767,1.273867789670249,666,0,0,0,666
68,168,0.978902480080799,0.957850141385941,0.055719323008240694,0.8888888888888888,0.9176860060599259,0.8955223880597015,0.8823529411764706,0.06015037593984962,0.8353720121198519,60,125,8,7,1.0,11.595717210447068,999,333,666,799,200,67,767,191,-4.9891100925277145,0.7492186440734526,666,0,0,0,666
69,169,0.9697003703288071,0.9288034499945699,0.05847198647033034,0.8854961832061069,0.9102794299180788,0.8656716417910447,0.90625,0.045112781954887216,0.8205588598361575,58,127,6,9,1.0,11.390858572696379,999,333,666,799,200,67,767,191,-7.54618251904932,1.3629688826574862,666,0,0,0,666
70,170,0.9683537201211986,0.9396692618412629,0.06682588185081961,0.8740740740740741,0.9064639209965211,0.8805970149253731,0.8676470588235294,0.06766917293233082,0.8129278419930424,59,124,9,8,5.62341325190349,8.813385457331664,999,333,666,799,200,67,767,191,-6.595968134328902,0.5729766669080493,666,0,0,0,666
71,171,0.9729547749971945,0.9344467768231429,0.06578216573760086,0.848,0.8767253955784984,0.7910447761194029,0.9137931034482759,0.03759398496240601,0.753450791156997,53,128,5,14,1.0,11.289330504869836,999,333,666,799,200,67,767,191,-6.321454636356074,0.9623923935698997,666,0,0,0,666
72,172,0.9865334979239143,0.9727812231012584,0.048044326638896344,0.8854961832061069,0.9102794299180788,0.8656716417910447,0.90625,0.045112781954887216,0.8205588598361575,58,127,6,9,1.0,11.674065872202007,999,333,666,799,200,67,767,191,-4.530167205523061,0.3624925378005852,666,0,0,0,666
73,173,0.9840646392099651,0.9593097224765068,0.051738414160732174,0.90625,0.9215576254068005,0.8656716417910447,0.9508196721311475,0.022556390977443608,0.8431152508136011,58,130,3,9,1.0,11.513150587958233,999,333,666,799,200,67,767,191,-5.694053354165841,0.7046128566807767,666,0,0,0,666
74,174,0.9551116597463809,0.9072692296128213,0.07396958675544962,0.8787878787878788,0.9065200314218381,0.8656716417910447,0.8923076923076924,0.05263157894736842,0.8130400628436762,58,126,7,9,1.0,11.733283276472521,999,333,666,799,200,67,767,191,-3.869234449705119,0.6193254953807579,666,0,0,0,666
75,175,0.9677926158680282,0.9444200901742366,0.06742766384255279,0.8484848484848485,0.8840758612950286,0.835820895522388,0.8615384615384616,0.06766917293233082,0.7681517225900572,56,124,9,11,1.0,11.711055234413141,999,333,666,799,200,67,767,191,-3.755039957675453,0.7656693302687712,666,0,0,0,666
76,176,0.9472562002019975,0.9093834082465738,0.08886562501058932,0.7903225806451613,0.83559645382112,0.7313432835820896,0.8596491228070176,0.06015037593984962,0.6711929076422399,49,125,8,18,1.0,11.57274316261675,999,333,666,799,200,67,767,191,-4.737357013196051,1.1025051749848989,666,0,0,0,666
77,177,0.9676803950173942,0.9269617103708916,0.06849778279537519,0.8615384615384616,0.8915946582875098,0.835820895522388,0.8888888888888888,0.05263157894736842,0.7831893165750197,56,126,7,11,1.0,11.817609985071849,999,333,666,799,200,67,767,191,-4.661754529438512,0.5929328724587107,666,0,0,0,666
78,178,0.9730669958478285,0.9031157119904614,0.0671415338879974,0.8333333333333334,0.8618561328694871,0.746268656716418,0.9433962264150944,0.022556390977443608,0.7237122657389743,50,130,3,17,1.0,11.585398168553064,999,333,666,799,200,67,767,191,-5.296379299770467,0.5331866870407764,666,0,0,0,666
79,179,0.9606104814274492,0.9069768438034961,0.06806465187945036,0.890625,0.9103355403433958,0.8507462686567164,0.9344262295081968,0.03007518796992481,0.8206710806867916,57,129,4,10,1.0,11.451505307068407,999,333,666,799,200,67,767,191,-7.368888555464711,0.8793889557618735,666,0,0,0,666
80,180,0.9822691055998205,0.9688826997343478,0.05487240548707706,0.8837209302325582,0.9065761418471552,0.8507462686567164,0.9193548387096774,0.03759398496240601,0.8131522836943104,57,128,5,10,1.0,11.694017897556668,999,333,666,799,200,67,767,191,-2.9177314977175053,0.6193032309921075,666,0,0,0,666
81,181,0.9713836830883178,0.9372106644834853,0.05843384739708186,0.8823529411764706,0.9139266075636854,0.8955223880597015,0.8695652173913043,0.06766917293233082,0.8278532151273708,60,124,9,7,1.0,11.923300402289156,999,333,666,799,200,67,767,191,-3.209421988533899,0.9317829401125721,666,0,0,0,666
82,182,0.9703736954326114,0.9438274810584695,0.06751359658183724,0.8549618320610687,0.8878352597912692,0.835820895522388,0.875,0.06015037593984962,0.7756705195825384,56,125,8,11,1.0,11.61401998661739,999,333,666,799,200,67,767,191,-5.992937781645107,0.9816406003343762,666,0,0,0,666
83,183,0.961216644052465,0.9318072355089296,0.067530414889656,0.8854961832061069,0.9132745364088648,0.8787878787878788,0.8923076923076924,0.05223880597014925,0.8265490728177295,58,127,7,8,1.0,11.36218174216767,999,333,666,799,200,66,767,191,-7.250089273549873,0.5881738133870246,666,0,0,0,666
84,184,0.9653237571540793,0.9438450912051091,0.0688088911062649,0.8571428571428571,0.8915385478621928,0.8507462686567164,0.8636363636363636,0.06766917293233082,0.7830770957243856,57,124,9,10,1.0,12.140470204289338,999,333,666,799,200,67,767,191,-1.5081234941147617,0.32830878951689674,666,0,0,0,666
85,185,0.9657726405566154,0.9262613908128176,0.06807851022675544,0.8461538461538461,0.880372573224105,0.8208955223880597,0.873015873015873,0.06015037593984962,0.7607451464482101,55,125,8,12,1.0,11.943334490081082,999,333,666,799,200,67,767,191,-3.3251524079718338,0.4910096547454195,666,0,0,0,666
86,186,0.9778924924250926,0.958403805717607,0.056721742709507125,0.8682170542635659,0.8953540567837504,0.835820895522388,0.9032258064516129,0.045112781954887216,0.7907081135675008,56,127,6,11,1.0,11.546514990880025,999,333,666,799,200,67,767,191,-5.589922453391428,0.6856307337119071,666,0,0,0,666
87,187,0.9858661239258254,0.9747404009327244,0.04367887772380305,0.9197080291970803,0.9474219810040706,0.9545454545454546,0.8873239436619719,0.05970149253731343,0.8948439620081412,63,126,8,3,1.0,11.325155336277607,999,333,666,799,200,66,767,191,-7.9189333572029454,1.2109707214191707,666,0,0,0,666
88,188,0.9515205925260913,0.9005818501960079,0.08804530250344075,0.8120300751879699,0.8578722926719784,0.8059701492537313,0.8181818181818182,0.09022556390977443,0.7157445853439569,54,121,12,13,5.62341325190349,8.706798070441737,999,333,666,799,200,67,767,191,-7.567573867443429,0.3821783999121097,666,0,0,0,666
89,189,0.9544323835368612,0.9210427030626981,0.080301163193101,0.8225806451612904,0.8602442333785617,0.7727272727272727,0.8793103448275862,0.05223880597014925,0.7204884667571234,51,127,7,15,5.62341325190349,8.666552190755064,999,333,666,799,200,66,767,191,-6.992904085617133,0.4759042906220094,666,0,0,0,666
90,190,0.9782291549769948,0.9545809496238961,0.05785259620015076,0.8759124087591241,0.9101672090674447,0.8955223880597015,0.8571428571428571,0.07518796992481203,0.8203344181348895,60,123,10,7,1.0,11.399745723683983,999,333,666,799,200,67,767,191,-6.605631981244046,0.574255727257207,666,0,0,0,666
91,191,0.9655481988553474,0.9171498455186704,0.06900073184672174,0.8854961832061069,0.9102794299180788,0.8656716417910447,0.90625,0.045112781954887216,0.8205588598361575,58,127,6,9,1.0,11.693399031544274,999,333,666,799,200,67,767,191,-5.023301127040435,0.713101313130823,666,0,0,0,666
92,192,0.9638648860958365,0.8875112559494472,0.07066646299189104,0.8153846153846154,0.8579284030972955,0.7910447761194029,0.8412698412698413,0.07518796992481203,0.7158568061945909,53,123,10,14,5.62341325190349,9.036524894477294,999,333,666,799,200,67,767,191,-7.338373407781586,0.7833605876261899,666,0,0,0,666
93,193,0.9747503086073392,0.9477145951105234,0.061503289754041936,0.8527131782945736,0.8841319717203456,0.8208955223880597,0.8870967741935484,0.05263157894736842,0.7682639434406913,55,126,7,12,1.0,11.555721853033484,999,333,666,799,200,67,767,191,-5.141660268463597,0.9695645862535694,666,0,0,0,666
94,194,0.9635282235439344,0.8962972903484923,0.06633384798993834,0.9051094890510949,0.9326113791942543,0.9253731343283582,0.8857142857142857,0.06015037593984962,0.8652227583885086,62,125,8,5,1.0,11.617928854837155,999,333,666,799,200,67,767,191,-4.102364832479988,0.9113366900696231,666,0,0,0,666
95,195,0.9814563545906829,0.9666225525950339,0.04832375689688577,0.9312977099236641,0.9471958389868838,0.9242424242424242,0.9384615384615385,0.029850746268656716,0.8943916779737675,61,130,4,5,1.0,11.542104328184454,999,333,666,799,200,66,767,191,-4.541550900265393,0.557130187506626,666,0,0,0,666
96,196,0.9616204690831557,0.9017079288012145,0.07468393426296234,0.8244274809160306,0.8653910896644597,0.8059701492537313,0.84375,0.07518796992481203,0.7307821793289193,54,123,10,13,1.0,11.685416711861583,999,333,666,799,200,67,767,191,-5.646990163006902,0.8451684746746622,666,0,0,0,666
97,197,0.9423337856173677,0.8696320384095306,0.08466865517016066,0.8333333333333334,0.8756218905472637,0.8333333333333334,0.8333333333333334,0.08208955223880597,0.7512437810945274,55,123,11,11,5.62341325190349,8.835349338012392,999,333,666,799,200,66,767,191,-7.541785050543836,0.39846412464175934,666,0,0,0,666
98,198,0.9777802715744585,0.9509320775359195,0.05352257428708225,0.9051094890510949,0.9326113791942543,0.9253731343283582,0.8857142857142857,0.06015037593984962,0.8652227583885086,62,125,8,5,1.0,11.965632228273641,999,333,666,799,200,67,767,191,-4.528484856505395,0.9399050158220446,666,0,0,0,666
99,199,0.969588149478173,0.9448285874205444,0.05789901917403037,0.8805970149253731,0.9102233194927618,0.8805970149253731,0.8805970149253731,0.06015037593984962,0.8204466389855235,59,125,8,8,1.0,11.545677165272096,999,333,666,799,200,67,767,191,-5.581039593960442,0.6813541822582556,666,0,0,0,666
