run_id,n_obs,best_lam,threshold_baja_media,threshold_media_alta,auc,ap,f1,bacc,recall,precision,pofd,hk,tp,tn,fp,fn
0,1215,1.0,0.23311577803005706,0.4649748716999802,0.9727119522945294,0.9701134983053539,0.9224806201550387,0.934437386569873,0.8947368421052632,0.952,0.02586206896551724,0.8688747731397459,119,226,6,14
1,1229,1.0,0.2503471146856015,0.3941449559587467,0.978654262775583,0.9719765135348444,0.9111969111969112,0.9266598700140181,0.8872180451127819,0.9365079365079365,0.03389830508474576,0.8533197400280361,118,228,8,15
2,1213,1.0,0.3099973093559532,0.36163033323403,0.9738957784070567,0.9684086040724809,0.9218749999999999,0.93278651173388,0.8872180451127819,0.959349593495935,0.021645021645021644,0.8655730234677602,118,226,5,15
3,1229,5.62341325190349,0.2652107988700086,0.4983398558687404,0.9697336561743342,0.9598012414132427,0.896551724137931,0.9165445393143876,0.8796992481203008,0.9140625,0.046610169491525424,0.8330890786287753,117,225,11,16
4,1212,1.0,0.18830286672265442,0.4856526229955445,0.967809133222667,0.9560292088906155,0.9042145593869733,0.9219640009113693,0.8872180451127819,0.921875,0.04329004329004329,0.8439280018227386,118,221,10,15
5,1223,1.0,0.287066245119601,0.5121653823170762,0.9760940813572392,0.9672984043972976,0.8947368421052632,0.9174538911381016,0.8947368421052632,0.8947368421052632,0.05982905982905983,0.8349077822762033,119,220,14,14
6,1199,1.0,0.35634814097928064,0.395664339951703,0.9792984664303932,0.974206392512748,0.9055118110236221,0.9191149680368322,0.8646616541353384,0.9504132231404959,0.02643171806167401,0.8382299360736644,115,221,6,18
7,1221,1.0,0.25114596330868294,0.40067110494120284,0.977925583188741,0.9717646924942224,0.9260700389105059,0.9366846603688709,0.8947368421052632,0.9596774193548387,0.021367521367521368,0.8733693207377418,119,229,5,14
8,1199,1.0,0.31618170599735007,0.4487118603679871,0.9803252624954456,0.9724093301328465,0.9111969111969112,0.9259878771819416,0.8872180451127819,0.9365079365079365,0.03524229074889868,0.8519757543638832,118,219,8,15
9,1224,1.0,0.24997325961656258,0.4485462213168571,0.9787553991361382,0.9711900349782354,0.9125475285171102,0.9298512238041914,0.9022556390977443,0.9230769230769231,0.0425531914893617,0.8597024476083827,120,225,10,13
10,1225,1.0,0.2605054810447006,0.36936066460927636,0.9790113581826907,0.9722327249300983,0.923076923076923,0.9362342025275956,0.9022556390977443,0.9448818897637795,0.029787234042553193,0.8724684050551911,120,228,7,13
11,1215,1.0,0.24411255770085044,0.5565881677317899,0.9634754990925589,0.9543903629205563,0.8947368421052632,0.9171960072595282,0.8947368421052632,0.8947368421052632,0.0603448275862069,0.8343920145190563,119,218,14,14
12,1212,5.62341325190349,0.20246355553884735,0.49251325611427005,0.9613319011815252,0.9496139637737531,0.9049429657794676,0.9235588972431077,0.8947368421052632,0.9153846153846154,0.047619047619047616,0.8471177944862156,119,220,11,14
13,1191,1.0,0.1786069416598313,0.42269017115689556,0.9669507101086049,0.9621692057791,0.888,0.9039598997493734,0.8345864661654135,0.9487179487179487,0.02666666666666667,0.8079197994987469,111,219,6,22
14,1214,1.0,0.24992664625831323,0.5367354493590804,0.9681747472128597,0.9508756009275209,0.8923076923076924,0.9123833290121857,0.8721804511278195,0.9133858267716536,0.04741379310344827,0.8247666580243712,116,221,11,17
15,1227,1.0,0.22139035280866104,0.5819609628419802,0.9686249603048587,0.9529667819365765,0.8981132075471697,0.9184979358526517,0.8880597014925373,0.9083969465648855,0.05106382978723404,0.8369958717053033,119,223,12,15
16,1195,1.0,0.20780329374559903,0.47261553331864115,0.9595448798988623,0.9424835054699694,0.8774703557312253,0.897381728657928,0.8345864661654135,0.925,0.03982300884955752,0.7947634573158561,111,217,9,22
17,1206,1.0,0.3225512709860216,0.6005055848062575,0.9679548215516958,0.9538232549010492,0.8814814814814815,0.9080671110089635,0.8947368421052632,0.8686131386861314,0.07860262008733625,0.816134222017927,119,211,18,14
18,1215,1.0,0.29518341456016617,0.6074253147290021,0.9681747472128597,0.9559544563244482,0.8897338403041826,0.9118323826808401,0.8796992481203008,0.9,0.05603448275862069,0.8236647653616801,117,219,13,16
19,1224,1.0,0.2600574873332656,0.4281402246032571,0.9769956806910894,0.96735577838993,0.9118773946360152,0.9282194848824188,0.8947368421052632,0.9296875,0.03829787234042553,0.8564389697648376,119,226,9,14
20,1228,1.0,0.33925237429235927,0.5733379672652867,0.9785268255384223,0.9722576378475488,0.9015151515151515,0.9219446922390723,0.8947368421052632,0.9083969465648855,0.05084745762711865,0.8438893844781445,119,224,12,14
21,1214,1.0,0.2919480284678927,0.6517471684383221,0.9677210267046927,0.9570552104948323,0.8880597014925373,0.9128856624319419,0.8947368421052632,0.8814814814814815,0.06896551724137931,0.8257713248638838,119,216,16,14
22,1222,1.0,0.30616998988347455,0.393380552453703,0.9758370284686074,0.9651164035057257,0.9224806201550387,0.9345479082321188,0.8947368421052632,0.952,0.02564102564102564,0.8690958164642375,119,228,6,14
23,1211,1.0,0.2345691907370822,0.5329598495200497,0.9668652149855158,0.9584808501517581,0.8947368421052632,0.9170653907496014,0.8947368421052632,0.8947368421052632,0.06060606060606061,0.8341307814992025,119,217,14,14
24,1211,1.0,0.20020000233676433,0.4875165696805734,0.9683299156983368,0.9565920864952692,0.8957528957528956,0.9144452039188882,0.8721804511278195,0.9206349206349206,0.04329004329004329,0.8288904078377762,116,221,10,17
25,1214,1.0,0.2684674154971367,0.39027822826802944,0.9763417163598651,0.9705058893246366,0.9176470588235294,0.9290737619911849,0.8796992481203008,0.9590163934426229,0.021551724137931036,0.8581475239823697,117,227,5,16
26,1224,1.0,0.26243908773408864,0.5913085034060037,0.9725163973764197,0.9579348809514874,0.9022556390977443,0.9234682450807871,0.9022556390977443,0.9022556390977443,0.05531914893617021,0.8469364901615741,120,222,13,13
27,1202,1.0,0.27345382567181337,0.476728383382541,0.9729257353911094,0.9619793437228467,0.9,0.9179197994987469,0.8796992481203008,0.9212598425196851,0.043859649122807015,0.8358395989974937,117,218,10,16
28,1225,1.0,0.30659441173821234,0.41111860867348865,0.9797152455607103,0.9747586708381056,0.923076923076923,0.9362342025275956,0.9022556390977443,0.9448818897637795,0.029787234042553193,0.8724684050551911,120,228,7,13
29,1214,1.0,0.22301237333204174,0.5923461814922878,0.9660681877106558,0.9600012549615186,0.890566037735849,0.9134366087632875,0.8872180451127819,0.8939393939393939,0.0603448275862069,0.826873217526575,118,218,14,15
30,1237,1.0,0.2176432015685505,0.4632734354984525,0.9657594381035997,0.9574179987669877,0.9160305343511451,0.9309544713407751,0.8955223880597015,0.9375,0.03361344537815126,0.8619089426815503,120,230,8,14
31,1207,1.0,0.2576581800939184,0.47792116386951966,0.9725607769015187,0.960319706685814,0.9083969465648856,0.9243791957244346,0.8880597014925373,0.9296875,0.039301310043668124,0.8487583914488692,119,220,9,15
32,1218,1.0,0.34120409499189525,0.4519601856085364,0.9763464455129239,0.9652225795658608,0.916030534351145,0.931814514827842,0.9022556390977443,0.9302325581395349,0.03862660944206009,0.8636290296556842,120,224,9,13
33,1233,1.0,0.29010386687898226,0.5312606588589137,0.972875226039783,0.9629256555803322,0.890566037735849,0.9140731575774881,0.8872180451127819,0.8939393939393939,0.05907172995780591,0.8281463151549759,118,223,14,15
34,1199,1.0,0.37994355794229034,0.49084306258402916,0.9776423437448245,0.971090822933031,0.9118773946360152,0.9275446325063761,0.8947368421052632,0.9296875,0.039647577092511016,0.8550892650127522,119,218,9,14
35,1209,1.0,0.2852145913982749,0.5530316011044221,0.9715593331153972,0.9631354520681712,0.8821292775665398,0.9056554429552142,0.8721804511278195,0.8923076923076924,0.06086956521739131,0.8113108859104282,116,216,14,17
36,1214,1.0,0.34034243468572356,0.4144282957375318,0.9764065335753175,0.9707262724953798,0.9118773946360152,0.9279718693284936,0.8947368421052632,0.9296875,0.03879310344827586,0.8559437386569873,119,223,9,14
37,1209,1.0,0.2563557163835924,0.46700064014309556,0.9742399476953253,0.9669028221759882,0.9140625,0.9268061457992809,0.8796992481203008,0.9512195121951219,0.02608695652173913,0.8536122915985617,117,224,6,16
38,1225,1.0,0.2315015452029399,0.36530024280788315,0.978243481043033,0.9724876853127086,0.9147286821705426,0.9287154055351143,0.8872180451127819,0.944,0.029787234042553193,0.8574308110702287,118,228,7,15
39,1227,1.0,0.25454870475716435,0.4645042046430973,0.971800571610035,0.9642142660455567,0.9160305343511451,0.930739917434106,0.8955223880597015,0.9375,0.03404255319148936,0.8614798348682121,120,227,8,14
40,1204,1.0,0.33080683955552365,0.5738914098355313,0.9702531437764716,0.9569350544158619,0.8863636363636365,0.9092819384706308,0.8796992481203008,0.8931297709923665,0.0611353711790393,0.8185638769412614,117,215,14,16
41,1214,1.0,0.25630050683018957,0.5182455062910204,0.9602022297122115,0.9468177070993465,0.896551724137931,0.9161427275084262,0.8796992481203008,0.9140625,0.04741379310344827,0.8322854550168525,117,221,11,16
42,1215,1.0,0.23351690185166593,0.46946958766822267,0.970508166969147,0.9596510377992817,0.9083969465648855,0.9258166969147006,0.8947368421052632,0.9224806201550387,0.04310344827586207,0.8516333938294011,119,222,10,14
43,1216,5.62341325190349,0.2934139669913237,0.5615228237993708,0.972971221156339,0.965108562903039,0.8996282527881041,0.9225596318382162,0.9097744360902256,0.8897058823529411,0.06465517241379311,0.8451192636764324,121,217,15,12
44,1209,1.0,0.21643695586772896,0.37083828547024594,0.9798627002288329,0.9750337248406781,0.9176470588235294,0.928980058842759,0.8796992481203008,0.9590163934426229,0.021739130434782608,0.8579601176855182,117,225,5,16
45,1212,1.0,0.2360717468322123,0.42173492338667934,0.9711291215050614,0.9634328617443995,0.9011857707509882,0.9155844155844155,0.8571428571428571,0.95,0.025974025974025976,0.8311688311688311,114,225,6,19
46,1211,1.0,0.24681980821781357,0.5989520872009515,0.9657585522247175,0.9572423661122452,0.8872180451127819,0.9111414900888585,0.8872180451127819,0.8872180451127819,0.06493506493506493,0.822282980177717,118,216,15,15
47,1224,1.0,0.2389665101810027,0.4790241549302634,0.9740841465365541,0.9670183563613166,0.9125475285171102,0.9298512238041914,0.9022556390977443,0.9230769230769231,0.0425531914893617,0.8597024476083827,120,225,10,13
48,1230,1.0,0.26315843873297384,0.45531247224285293,0.9756913470115968,0.9635963821935805,0.9083969465648855,0.9261819803746655,0.8947368421052632,0.9224806201550387,0.0423728813559322,0.852363960749331,119,226,10,14
49,1208,1.0,0.2669172030697296,0.5364453732601453,0.9705459300424975,0.9579925647836655,0.9049429657794676,0.9234553775743708,0.8947368421052632,0.9153846153846154,0.04782608695652174,0.8469107551487414,119,219,11,14
50,1228,1.0,0.2644582440924447,0.4495504525255955,0.9725054160825795,0.9493423860566951,0.9118773946360152,0.9283006244424621,0.8947368421052632,0.9296875,0.038135593220338986,0.8566012488849242,119,227,9,14
51,1201,1.0,0.30968509347447243,0.4855577820327778,0.9728268038517346,0.9593579826025931,0.8740157480314962,0.8953634085213033,0.8345864661654135,0.9173553719008265,0.043859649122807015,0.7907268170426065,111,218,10,22
52,1224,1.0,0.25732662447094823,0.4901277638291176,0.973572228443449,0.964869136741203,0.9076923076923077,0.9244600863861782,0.8872180451127819,0.9291338582677166,0.03829787234042553,0.8489201727723563,118,226,9,15
53,1199,1.0,0.33232063495143566,0.43693139776343964,0.9762843231426583,0.9670085558762676,0.918918918918919,0.9319499188499885,0.8947368421052632,0.9444444444444444,0.030837004405286344,0.8638998376999768,119,220,7,14
54,1210,1.0,0.2656280923925004,0.3339136044344167,0.9798300098071264,0.9755842992849098,0.9126984126984127,0.9236351748937561,0.8646616541353384,0.9663865546218487,0.017391304347826087,0.8472703497875123,115,226,4,18
55,1206,1.0,0.31401234208533807,0.4616936157593572,0.9749811209245822,0.9648340758382934,0.8957528957528956,0.9142561644285385,0.8721804511278195,0.9206349206349206,0.043668122270742356,0.8285123288570772,116,219,10,17
56,1211,1.0,0.30150606533844515,0.5980479665442702,0.9662142368909287,0.9569557421027235,0.8773234200743495,0.904647983595352,0.8872180451127819,0.8676470588235294,0.07792207792207792,0.809295967190704,118,213,18,15
57,1209,1.0,0.3000966514825331,0.4961095134848626,0.9717554756456358,0.9631308343666424,0.8939393939393939,0.9153481529911736,0.8872180451127819,0.9007633587786259,0.05652173913043478,0.8306963059823471,118,217,13,15
58,1237,1.0,0.22956742414924555,0.6505649858633424,0.9624670763827919,0.9554444668765991,0.8856088560885609,0.9120469083155651,0.8955223880597015,0.8759124087591241,0.07142857142857142,0.8240938166311301,120,221,17,14
59,1215,1.0,0.2646810406664646,0.5338814793943477,0.9621143375680581,0.9464597683413138,0.8981132075471697,0.9193511796733213,0.8947368421052632,0.9015151515151515,0.05603448275862069,0.8387023593466425,119,219,13,14
60,1222,1.0,0.25101227956404054,0.7077052467053438,0.9617955144270933,0.9483589153057062,0.8717948717948718,0.9024966261808367,0.8947368421052632,0.85,0.08974358974358974,0.8049932523616734,119,213,21,14
61,1224,1.0,0.26087234678742627,0.6430944153654249,0.9699248120300753,0.9585675289466562,0.8847583643122676,0.9111982082866741,0.8947368421052632,0.875,0.07234042553191489,0.8223964165733483,119,218,17,14
62,1210,1.0,0.28138949653541284,0.46220359339584477,0.9749918273945734,0.9668792068743814,0.9147286821705426,0.928391631252043,0.8872180451127819,0.944,0.030434782608695653,0.8567832625040862,118,223,7,15
63,1223,1.0,0.28340187391290095,0.49703546038803303,0.9751301330248698,0.966996826791078,0.9083969465648855,0.9260008996851102,0.8947368421052632,0.9224806201550387,0.042735042735042736,0.8520017993702205,119,224,10,14
64,1211,1.0,0.2730681294525154,0.388088559343971,0.9709012791719559,0.9609076477978142,0.9069767441860466,0.922533606744133,0.8796992481203008,0.936,0.03463203463203463,0.8450672134882661,117,223,8,16
65,1207,5.62341325190349,0.28940159652378883,0.4756757471933375,0.966499380825132,0.9544016797920508,0.9042145593869733,0.9206478524408526,0.8805970149253731,0.9291338582677166,0.039301310043668124,0.841295704881705,118,220,9,16
66,1224,1.0,0.2628340612297238,0.45047609793775584,0.9729643257078867,0.9628429447836269,0.9083969465648855,0.9260918253079508,0.8947368421052632,0.9224806201550387,0.0425531914893617,0.8521836506159015,119,225,10,14
67,1198,1.0,0.30430826230037966,0.4870978325427262,0.9741644861051306,0.9635233252918152,0.9,0.9178231923420888,0.8796992481203008,0.9212598425196851,0.04405286343612335,0.8356463846841774,117,217,10,16
68,1214,1.0,0.27504680099861606,0.5222955649759469,0.9714156079854809,0.9613043006893247,0.9015151515151515,0.9215063520871143,0.8947368421052632,0.9083969465648855,0.05172413793103448,0.8430127041742287,119,220,12,14
69,1216,1.0,0.28789737212963096,0.6116654092110937,0.9683367902514908,0.9575230004422512,0.8880597014925373,0.9128856624319419,0.8947368421052632,0.8814814814814815,0.06896551724137931,0.8257713248638838,119,216,16,14
70,1210,1.0,0.2873070310066302,0.5158909772585147,0.9714612618502778,0.964879979610583,0.8939393939393939,0.9153481529911736,0.8872180451127819,0.9007633587786259,0.05652173913043478,0.8306963059823471,118,217,13,15
71,1218,1.0,0.2313852235326671,0.4721225827486791,0.9818645325760754,0.9776385695274128,0.9236641221374046,0.9377198360708638,0.9097744360902256,0.937984496124031,0.034334763948497854,0.8754396721417277,121,225,8,12
72,1223,1.0,0.2978273827384954,0.42753456683396146,0.9790180579654264,0.9740164861108592,0.923076923076923,0.9361705545916073,0.9022556390977443,0.9448818897637795,0.029914529914529916,0.8723411091832144,120,227,7,13
73,1231,1.0,0.2397157425820774,0.38067591965755165,0.9740490466673012,0.9647900072305249,0.9153846153846154,0.9304907839218299,0.8947368421052632,0.937007874015748,0.03375527426160337,0.8609815678436598,119,229,8,14
74,1222,1.0,0.2774890544004922,0.5010852001960409,0.9738770001927897,0.9650283675368566,0.9015151515151515,0.9217273954116059,0.8947368421052632,0.9083969465648855,0.05128205128205128,0.8434547908232118,119,222,12,14
75,1194,1.0,0.17635673234467758,0.4450777091981753,0.964867922017433,0.955003868486282,0.8582995951417005,0.880797125557256,0.7969924812030075,0.9298245614035088,0.035398230088495575,0.761594251114512,106,218,8,27
76,1238,1.0,0.11003301946107343,0.31186768083311434,0.9732909680057885,0.9696554127433203,0.9296875000000001,0.9390002202158114,0.8947368421052632,0.967479674796748,0.016736401673640166,0.878000440431623,119,235,4,14
77,1204,1.0,0.33334304409363513,0.5274606774544098,0.9746527891781857,0.9615926316032433,0.8897338403041826,0.9114653445841678,0.8796992481203008,0.9,0.056768558951965066,0.8229306891683357,117,216,13,16
78,1221,1.0,0.23127617260207073,0.47246914521971584,0.973298631193368,0.9608975061514163,0.9049429657794676,0.923864147548358,0.8947368421052632,0.9153846153846154,0.04700854700854701,0.8477282950967162,119,223,11,14
79,1219,1.0,0.30535516487804554,0.4969272863961161,0.9751847429733131,0.9635791403888353,0.9049429657794676,0.9237632708380393,0.8947368421052632,0.9153846153846154,0.04721030042918455,0.8475265416760787,119,222,11,14
80,1205,1.0,0.28653804855450904,0.6649823749965903,0.9673309912335424,0.9535483744829809,0.8821292775665398,0.90552253997439,0.8721804511278195,0.8923076923076924,0.0611353711790393,0.8110450799487802,116,215,14,17
81,1210,1.0,0.2607941618151851,0.35355104528832193,0.9789473684210527,0.9741553193607599,0.9206349206349207,0.929568486433475,0.8721804511278195,0.9747899159663865,0.013043478260869565,0.8591369728669499,116,227,3,17
82,1233,1.0,0.23529195955163718,0.42857827177939034,0.9795374512229942,0.9729681005444679,0.9224806201550387,0.9347101932045303,0.8947368421052632,0.952,0.02531645569620253,0.8694203864090606,119,231,6,14
83,1217,1.0,0.2909102786867674,0.4578747471837934,0.9697632527020071,0.9605507541392011,0.9138576779026217,0.9315169840452908,0.9104477611940298,0.9172932330827067,0.04741379310344827,0.8630339680905815,122,221,11,12
84,1218,1.0,0.27654882613904164,0.5398794894978896,0.9734099196489077,0.9619226989542806,0.8939393939393939,0.9157120268482364,0.8872180451127819,0.9007633587786259,0.055793991416309016,0.8314240536964729,118,220,13,15
85,1220,1.0,0.24705052539597613,0.45716466455645366,0.9776049565975022,0.9659024348747793,0.9125475285171102,0.929668592081061,0.9022556390977443,0.9230769230769231,0.04291845493562232,0.859337184162122,120,223,10,13
86,1227,5.62341325190349,0.26336186163302244,0.5757695686039858,0.9620514449031439,0.9360615396888687,0.8838951310861424,0.9083836138456653,0.8805970149253731,0.8872180451127819,0.06382978723404255,0.8167672276913306,118,220,15,16
87,1227,1.0,0.17483182013737433,0.5617880761667827,0.9702762781835503,0.9574172772953713,0.8988764044943821,0.9201016195617657,0.8955223880597015,0.9022556390977443,0.05531914893617021,0.8402032391235313,120,222,13,14
88,1220,1.0,0.3164255545012036,0.662205876494871,0.9733131111039401,0.9681254562496976,0.8847583643122676,0.9108877343573526,0.8947368421052632,0.875,0.07296137339055794,0.8217754687147052,119,216,17,14
89,1209,1.0,0.28172320563791897,0.43632640684288243,0.9738149722131415,0.9658508755708721,0.9125475285171102,0.9293886891140896,0.9022556390977443,0.9230769230769231,0.043478260869565216,0.8587773782281791,120,220,10,13
90,1206,1.0,0.3218998028343574,0.4961937983932923,0.9804642610894048,0.9725814251892705,0.8923076923076924,0.9120727583150015,0.8721804511278195,0.9133858267716536,0.048034934497816595,0.8241455166300029,116,218,11,17
91,1209,1.0,0.2444627736455308,0.44229860062447235,0.9743053285387382,0.9667741743374524,0.9105058365758755,0.9246322327558025,0.8796992481203008,0.9435483870967742,0.030434782608695653,0.8492644655116051,117,223,7,16
92,1223,1.0,0.2950950509381374,0.4873971221483419,0.976479660690187,0.9688445712181633,0.9125475285171102,0.9297602981813509,0.9022556390977443,0.9230769230769231,0.042735042735042736,0.8595205963627016,120,224,10,13
93,1211,1.0,0.25155309540655696,0.37483179056559984,0.9704781434104741,0.9623784527318338,0.9027237354085603,0.9187742082478925,0.8721804511278195,0.9354838709677419,0.03463203463203463,0.8375484164957848,116,223,8,17
94,1192,1.0,0.2511429217094925,0.5420994862974778,0.9688554720133667,0.9613155738808491,0.8812260536398469,0.9034419381787803,0.8646616541353384,0.8984375,0.057777777777777775,0.8068838763575605,115,212,13,18
95,1197,1.0,0.379215840334018,0.6335471089764693,0.9699511293092061,0.9569958672390283,0.888888888888889,0.9123629639413552,0.8955223880597015,0.8823529411764706,0.07079646017699115,0.8247259278827104,120,210,16,14
96,1204,5.62341325190349,0.3089555869122712,0.3718029364035956,0.9773451094986374,0.9729648470333861,0.9236641221374046,0.9374199691368159,0.9097744360902256,0.937984496124031,0.034934497816593885,0.8748399382736317,121,221,8,12
97,1222,1.0,0.28418473061919475,0.5831721159197586,0.9751301330248698,0.9667126187917304,0.8880597014925373,0.9131803868645973,0.8947368421052632,0.8814814814814815,0.06837606837606838,0.8263607737291948,119,218,16,14
98,1203,1.0,0.2530378772239141,0.472755714881326,0.973123598469859,0.9654364744612446,0.8992248062015503,0.9163533834586466,0.8721804511278195,0.928,0.039473684210526314,0.8327067669172932,116,219,9,17
99,1218,1.0,0.28840921838400196,0.49303618876426597,0.975152473458324,0.9650855779336256,0.9007633587786259,0.9200038723417987,0.8872180451127819,0.9147286821705426,0.04721030042918455,0.8400077446835974,118,222,11,15
