"termino","RR","RR_lo","RR_hi","significativo"
"(Intercept)",1.75338675302103,1.4027707187425,2.19163763870521,TRUE
"sueloAreno-arcilloso",1.34010439384845,1.08444136344923,1.6560413932385,TRUE
"sueloBloques, gravas, arenas y lodos",0.740421080006982,0.632149209533105,0.867237303236706,TRUE
"sueloLimo-arcilloso",0.840999347687657,0.692501191842821,1.02134106214159,FALSE
"cobertura0",0.666976156391679,0.544012489194734,0.817733419785105,TRUE
"cobertura1",0.87287035197196,0.784732726741048,0.970907196028121,TRUE
"cobertura2",1.16773919550524,1.06442375403647,1.28108267365151,TRUE
"cobertura4",0.952184315735251,0.651126822672748,1.39243990504118,FALSE
"tipo_su2",0.421027077891135,0.380353201612366,0.466050501392137,TRUE
"tipo_su3",0.881185096170859,0.77063731110032,1.00759094132748,FALSE
