zona,zone,ENSO,tipo_su,antecedent,LTR_mm,Moderate_final,Moderate_p05,Moderate_p95,High_final,High_p05,High_p95,Very high_final,Very high_p05,Very high_p95
1,Oriente,La Niña,1,dry (P25),181.864013671875,18.587366683762742,11.372365739566987,24.29956600838828,24.79413674604951,20.811907073675346,29.420112742993943,30.740776045651817,25.8533399741283,35.70273042298111
1,Oriente,La Niña,1,average (P50),220.47216796875,15.788318783381154,8.785409681270426,21.555472980946668,21.893841399377465,17.844658169948858,26.480768597291018,27.70779153028075,22.725336363289934,32.85420257691287
1,Oriente,La Niña,1,wet (P75),268.7314453125,14.33085257424132,6.206662178427399,19.379106712990268,20.390717031077322,15.771339895403907,24.085679128404443,26.142885951132165,20.561227672846293,30.359946759448462
1,Oriente,Neutral,1,dry (P25),181.864013671875,25.688042601799843,19.298669927622406,33.5294723730045,32.234771575940705,30.80500174974436,38.41603808288179,38.6326966900215,35.624610126343065,46.01275899239583
1,Oriente,Neutral,1,average (P50),220.47216796875,22.770485159513154,16.372922146861992,30.39764212291283,29.161294532307323,27.82955584630647,35.08192359842547,35.351834624831405,32.93039836454102,42.190997878103836
1,Oriente,Neutral,1,wet (P75),268.7314453125,21.258990439357664,14.497582900376026,27.8680847814662,27.578531255224846,25.557165353698082,32.55328444379749,33.67390576040442,30.358095518856253,39.93326384938811
1,Oriente,El Niño,1,dry (P25),181.864013671875,25.052137020343352,17.25252938650805,31.882498358172615,31.56376718385104,28.031489330648448,36.7222091003936,37.91218014406734,33.901177688434764,43.340302656217325
1,Oriente,El Niño,1,average (P50),220.47216796875,22.14714778568232,14.249898423292999,28.75158113400418,28.50875886307522,25.072396045213534,33.66508575525616,34.658831392524014,30.632406055432686,40.0732288669331
1,Oriente,El Niño,1,wet (P75),268.7314453125,20.641579572840573,12.0644438472001,26.328336609449778,26.933229046052784,23.209866380357187,31.10838473978185,32.99154607554246,28.01859769312499,37.18841235748957
2,Norte,La Niña,1,dry (P25),181.864013671875,30.439752364844022,22.369018036128182,35.535015178399554,37.297074656126895,32.637216699646174,40.809859297620214,44.11872797135333,38.39899082827242,49.129293608721206
2,Norte,La Niña,1,average (P50),220.47216796875,27.41403259100273,19.623136657207937,32.16960772011137,34.064105797208285,29.70948840340556,37.825459858337204,40.603128548793194,34.74196537432218,45.36085425159166
2,Norte,La Niña,1,wet (P75),268.7314453125,25.852245894802035,17.60060161321786,29.970195625765278,32.40927553439863,27.371744456642745,35.383778017547655,38.819042264829875,32.391471413023,42.493907717110744
2,Norte,Neutral,1,dry (P25),181.864013671875,38.30456136182815,31.2285757558684,45.97997870492143,45.88312004480108,43.35473879719987,53.61269010756338,53.67020160219574,49.630323180245924,66.8447246470306
2,Norte,Neutral,1,average (P50),220.47216796875,35.03505933057482,28.251265631702292,42.77887404477073,42.27770178143105,40.02087132664009,48.4567430184464,49.634221343958,46.25000488629396,59.575198893378676
2,Norte,Neutral,1,wet (P75),268.7314453125,33.36355306665913,25.608976920266485,39.887246066555434,40.454820540245365,38.08129015727358,45.617254133367304,47.604310534886146,42.99036500453542,55.272188832571956
2,Norte,El Niño,1,dry (P25),181.864013671875,37.58790549608265,28.814691329301436,43.01795413602988,45.087192609169534,40.66968492432448,49.77475162997759,52.777620794883745,46.81241283709518,59.80871927552197
2,Norte,El Niño,1,average (P50),220.47216796875,34.34523064167756,25.912930229229122,39.812421837489694,41.52343169983167,37.470924977381905,44.98532530220143,48.792106475188426,43.159171652267126,55.28830758998473
2,Norte,El Niño,1,wet (P75),268.7314453125,32.68477865953657,23.46064644769372,37.59664046206053,39.718226152641044,35.07198772513657,42.56399205379933,46.787060227375825,40.24232635706615,52.002269733217425
3,Sur,La Niña,1,dry (P25),181.864013671875,35.41043285949871,26.60862924781192,40.98159435791998,42.68798037371507,36.96876186728221,46.51247151958528,50.09107991620219,42.94877974671419,56.39070267128666
3,Sur,La Niña,1,average (P50),220.47216796875,32.24203717519003,23.619722607180236,37.379161901204895,39.23875275309248,33.86488263682939,42.61072317292355,46.25665355969056,39.59648107633686,51.822957221833775
3,Sur,La Niña,1,wet (P75),268.7314453125,30.615031791606082,21.345159067342184,34.678920025432966,37.4857849888374,30.894028452137125,39.88898183964616,44.32620007550714,36.64704619449772,48.4291831325841
3,Sur,Neutral,1,dry (P25),181.864013671875,43.77099356244009,34.96261861979391,53.12880141250182,52.0218435087946,46.51037530191106,62.92947514910061,60.568764667433435,52.61719171127576,76.31446092779466
3,Sur,Neutral,1,average (P50),220.47216796875,40.271410133081176,32.10566983874314,48.865224969252615,48.079268993949405,43.1879885405683,56.14844471467151,56.13468084636842,49.14564503002734,70.33464073922458
3,Sur,Neutral,1,wet (P75),268.7314453125,38.49589824970923,29.801098030633835,45.501568508114495,46.095265331906035,40.46952974151547,52.42117658991386,53.907333969878955,46.51086292492414,65.58163833872027
3,Sur,El Niño,1,dry (P25),181.864013671875,42.99894599598804,33.07250905868549,49.935603300806136,51.15137254019292,44.66678071017372,58.89040379007146,59.5886315560033,49.96092263945534,72.55462755369321
3,Sur,El Niño,1,average (P50),220.47216796875,39.537099830430996,30.21180809108706,45.860799230876054,47.25780519243552,41.264273899296576,53.22015589236052,55.21140497987833,46.48297344991119,66.23498703419283
3,Sur,El Niño,1,wet (P75),268.7314453125,37.7769000587159,27.823937953729367,43.385252634130495,45.29790289052533,38.5225144808285,49.70283476299067,53.01142067532619,43.804196659049744,60.68334193419242
4,SAP,La Niña,1,dry (P25),181.864013671875,34.836584177224836,22.88358056916725,37.386387330021314,42.0592247366121,31.160464215307346,44.425530951765374,49.39160624580419,38.40988144777153,52.994851116217944
4,SAP,La Niña,1,average (P50),220.47216796875,31.6868226005927,19.823480842597466,34.50322829289445,38.63963664598812,28.119957988581902,40.433778015036495,45.595595251612245,35.044582274958785,48.73008201545479
4,SAP,La Niña,1,wet (P75),268.7314453125,30.067693754622145,17.986396071328272,32.445406740113285,36.89803324204314,25.968273058792974,37.90137345508337,43.683298275634066,32.614884411227855,45.975182865780894
4,SAP,Neutral,1,dry (P25),181.864013671875,43.13267156095982,31.0318401035718,48.831703977112326,51.30259424971888,42.894913734898694,58.03666696386504,59.757383521057,48.94115935984261,69.90687732162068
4,SAP,Neutral,1,average (P50),220.47216796875,39.66388750390161,27.915590771562805,44.55280681670651,47.40038031143339,39.14420503510127,52.7039609116821,55.3716990703895,45.560768259435484,63.32189774198964
4,SAP,Neutral,1,wet (P75),268.7314453125,37.900494895719135,25.828508898983788,42.21957339262207,45.436226292027,36.57906317602358,49.3588478853601,53.167359459250434,42.459996383979004,60.3951235806571
4,SAP,El Niño,1,dry (P25),181.864013671875,42.36972011106416,29.579961608281305,45.472257276064155,50.44064525370089,39.73476535759325,54.72363042788686,58.787620519714665,45.64198839231337,63.543611612623565
4,SAP,El Niño,1,average (P50),220.47216796875,38.934084056461266,26.64560025973831,41.272737430378534,46.58637233273552,35.95306979240592,49.07652945959293,54.45794962784698,42.23131342909461,58.945535662480175
4,SAP,El Niño,1,wet (P75),268.7314453125,37.187739933320685,24.428680525240484,38.845108335046795,44.64572781612384,33.54884864645468,46.1767654582203,52.28195081090268,39.86480648306807,55.442335942792965
5,Occidente,La Niña,1,dry (P25),181.864013671875,21.34999606955797,13.635271715068123,27.29693533209207,27.673966342750358,23.30757348499505,31.813171679278195,33.77443535397286,27.65167891336676,38.75088391097642
5,Occidente,La Niña,1,average (P50),220.47216796875,18.510768876658155,10.768259637612179,23.97294960608237,24.71420336009685,20.258857836763617,28.520292201323606,30.65734257571606,24.940135992645875,35.647368852597936
5,Occidente,La Niña,1,wet (P75),268.7314453125,17.034174855749495,8.23195317025407,22.043956255775104,23.183062778375756,18.560977469982728,26.545045796414584,29.052905240187464,22.954484932774896,33.26954139182939
5,Occidente,Neutral,1,dry (P25),181.864013671875,28.587980123725266,21.781952261953474,36.03894245558404,35.31517536054928,32.82922441064657,41.23185982886656,41.955955073519405,38.05817556078281,50.43500508562782
5,Occidente,Neutral,1,average (P50),220.47216796875,25.607408932686198,18.63319735750332,33.22721180629552,32.14931958959564,29.84755752808378,37.67049760283938,38.54113142655125,35.01266534670562,45.863436879869596
5,Occidente,Neutral,1,wet (P75),268.7314453125,24.066358790245925,17.17806084321959,31.20001608030423,30.524512644202012,27.767824853951044,35.550073969991914,36.801914772559265,33.25214353725804,43.013083368771674
5,Occidente,El Niño,1,dry (P25),181.864013671875,27.93743661937618,19.62959530072281,34.292206342093245,34.62258329699621,30.744530175964147,38.70984387997242,41.20556513695387,36.38530658223059,47.58626590438031
5,Occidente,El Niño,1,average (P50),220.47216796875,24.97198127568921,16.8729605671744,31.006719552599467,31.479091286981664,27.429254904694442,35.58675337641088,37.82189708840806,32.84143046764634,43.80749637363019
5,Occidente,El Niño,1,wet (P75),268.7314453125,23.43886088258015,15.012416835234568,28.542359050167416,29.863153523506945,25.32358457891078,33.3022623965591,36.0974828947919,30.109977185354712,40.885270283375085
