lam,auc_val,run_id
1.0,0.9525886727688787,0
5.62341325190349,0.9553060640732266,0
31.622776601683793,0.954662471395881,0
177.82794100389228,0.9509439359267734,0
1000.0,0.9495852402745995,0
1.0,0.9530367835757056,1
5.62341325190349,0.9498716852010265,1
31.622776601683793,0.9384944396920445,1
177.82794100389228,0.9300256629597947,1
1000.0,0.9272882805816937,1
1.0,0.9564621462549383,2
5.62341325190349,0.9506570990889301,2
31.622776601683793,0.9413045230992503,2
177.82794100389228,0.9316294444892366,2
1000.0,0.9295331774570669,2
1.0,0.970336189848385,3
5.62341325190349,0.9662986156888596,3
31.622776601683793,0.961766644693474,3
177.82794100389228,0.9590474620962426,3
1000.0,0.9578938694792354,3
1.0,0.94671526512193,4
5.62341325190349,0.9416818536839365,4
31.622776601683793,0.9386444502299748,4
177.82794100389228,0.9315282478521218,4
1000.0,0.9290115421331251,4
1.0,0.9662228796844181,5
5.62341325190349,0.9618671926364234,5
31.622776601683793,0.9515943458251152,5
177.82794100389228,0.9444444444444445,5
1000.0,0.9429651545036161,5
1.0,0.9615053763440861,6
5.62341325190349,0.9566308243727599,6
31.622776601683793,0.9525448028673834,6
177.82794100389228,0.9483154121863799,6
1000.0,0.9460215053763441,6
1.0,0.9154674844696077,7
5.62341325190349,0.9149956750806008,7
31.622776601683793,0.911221199968546,7
177.82794100389228,0.9077612644491624,7
1000.0,0.9054022175041283,7
1.0,0.9571368243243243,8
5.62341325190349,0.9594594594594594,8
31.622776601683793,0.951295045045045,8
177.82794100389228,0.9393299549549549,8
1000.0,0.935670045045045,8
1.0,0.9743895175699822,9
5.62341325190349,0.9748149408661618,9
31.622776601683793,0.9705607079043648,9
177.82794100389228,0.9663915596018038,9
1000.0,0.9650302050540287,9
1.0,0.9270620313565099,10
5.62341325190349,0.9215235173824131,10
31.622776601683793,0.9147068847989094,10
177.82794100389228,0.9061008861622358,10
1000.0,0.9046523517382413,10
1.0,0.9511682067463001,11
5.62341325190349,0.9513935842536247,11
31.622776601683793,0.9489895575088273,11
177.82794100389228,0.9425287356321839,11
1000.0,0.9395988280369618,11
1.0,0.9557948179271709,12
5.62341325190349,0.9569327731092436,12
31.622776601683793,0.9554446778711484,12
177.82794100389228,0.950717787114846,12
1000.0,0.9493172268907564,12
1.0,0.961661574276153,13
5.62341325190349,0.958169649352539,13
31.622776601683793,0.9509675541975847,13
177.82794100389228,0.9412920122217372,13
1000.0,0.9391095591444785,13
1.0,0.9701669633019747,14
5.62341325190349,0.9713535045342825,14
31.622776601683793,0.9702517162471396,14
177.82794100389228,0.9677091278921943,14
1000.0,0.9664378337147216,14
1.0,0.94797128337501,15
5.62341325190349,0.9478906186980721,15
31.622776601683793,0.945793337097685,15
177.82794100389228,0.9386948455271437,15
1000.0,0.9356295878035009,15
1.0,0.9551751592356689,16
5.62341325190349,0.9493630573248407,16
31.622776601683793,0.9382961783439491,16
177.82794100389228,0.9326433121019109,16
1000.0,0.9304936305732484,16
1.0,0.9668911335578002,17
5.62341325190349,0.9637646304312971,17
31.622776601683793,0.9565496232162899,17
177.82794100389228,0.951338784672118,17
1000.0,0.9498156164822832,17
1.0,0.9654320987654321,18
5.62341325190349,0.9665940450254176,18
31.622776601683793,0.9586056644880175,18
177.82794100389228,0.9533042846768337,18
1000.0,0.95119825708061,18
1.0,0.9654986106823094,19
5.62341325190349,0.9627199753010189,19
31.622776601683793,0.950987959246681,19
177.82794100389228,0.9439641864773078,19
1000.0,0.9406452608829885,19
1.0,0.9575555555555557,20
5.62341325190349,0.9575555555555556,20
31.622776601683793,0.9536296296296296,20
177.82794100389228,0.9471111111111111,20
1000.0,0.9450370370370369,20
1.0,0.9571912761567934,21
5.62341325190349,0.9533598585322723,21
31.622776601683793,0.9451075744179193,21
177.82794100389228,0.9381815502505158,21
1000.0,0.9367079280872385,21
1.0,0.9446464646464646,22
5.62341325190349,0.9461010101010101,22
31.622776601683793,0.9411717171717172,22
177.82794100389228,0.9347070707070707,22
1000.0,0.9313939393939393,22
1.0,0.9628848257540241,23
5.62341325190349,0.9619471792467573,23
31.622776601683793,0.9529614002187841,23
177.82794100389228,0.9444444444444444,23
1000.0,0.9422566025941552,23
1.0,0.9352690264162239,24
5.62341325190349,0.9322008531018484,24
31.622776601683793,0.9235201676270298,24
177.82794100389228,0.9152136496295742,24
1000.0,0.9133428122427598,24
1.0,0.9624765478424016,25
5.62341325190349,0.9618511569731082,25
31.622776601683793,0.9563008130081301,25
177.82794100389228,0.948874296435272,25
1000.0,0.9469981238273921,25
1.0,0.9446646341463414,26
5.62341325190349,0.9406249999999999,26
31.622776601683793,0.9336890243902438,26
177.82794100389228,0.9279725609756098,26
1000.0,0.9260670731707318,26
1.0,0.9551829268292682,27
5.62341325190349,0.9573170731707317,27
31.622776601683793,0.9509908536585365,27
177.82794100389228,0.947560975609756,27
1000.0,0.9458079268292683,27
1.0,0.9535861865407321,28
5.62341325190349,0.952331759149941,28
31.622776601683793,0.9456168831168832,28
177.82794100389228,0.9398612750885478,28
1000.0,0.9385330578512396,28
1.0,0.9543711656441717,29
5.62341325190349,0.9511503067484662,29
31.622776601683793,0.9425613496932517,29
177.82794100389228,0.9321319018404908,29
1000.0,0.9289877300613497,29
1.0,0.94869918699187,30
5.62341325190349,0.9507317073170731,30
31.622776601683793,0.946910569105691,30
177.82794100389228,0.9415447154471546,30
1000.0,0.9400813008130081,30
1.0,0.9708911777877294,31
5.62341325190349,0.9690998656515898,31
31.622776601683793,0.9639498432601881,31
177.82794100389228,0.9564860426929394,31
1000.0,0.953724436483057,31
1.0,0.9479819835732579,32
5.62341325190349,0.9421531396273073,32
31.622776601683793,0.9346462951514616,32
177.82794100389228,0.9300538726485913,32
1000.0,0.9281109246666077,32
1.0,0.9473229027439263,33
5.62341325190349,0.941662080352229,33
31.622776601683793,0.9284534947716016,33
177.82794100389228,0.9181539429200409,33
1000.0,0.9157952669235003,33
1.0,0.9748376623376623,34
5.62341325190349,0.972943722943723,34
31.622776601683793,0.9671717171717171,34
177.82794100389228,0.9595959595959596,34
1000.0,0.9577922077922079,34
1.0,0.9515854830364402,35
5.62341325190349,0.9503289230541799,35
31.622776601683793,0.9414590878852834,35
177.82794100389228,0.9351023726809077,35
1000.0,0.933106659767906,35
1.0,0.941752246469833,36
5.62341325190349,0.9380616174582798,36
31.622776601683793,0.9280327342747112,36
177.82794100389228,0.9189666238767651,36
1000.0,0.9153562259306803,36
1.0,0.9490719435496242,37
5.62341325190349,0.9479981592268754,37
31.622776601683793,0.9434729252952907,37
177.82794100389228,0.938717594723117,37
1000.0,0.9374904126399755,37
1.0,0.9693018649942234,38
5.62341325190349,0.9688067337844529,38
31.622776601683793,0.9700445618088794,38
177.82794100389228,0.9664135996038952,38
1000.0,0.9648456841062881,38
1.0,0.946600503629092,39
5.62341325190349,0.9455636202044142,39
31.622776601683793,0.9414160865057029,39
177.82794100389228,0.9375648052140423,39
1000.0,0.936157606280551,39
1.0,0.9480453050785531,40
5.62341325190349,0.9454877603215199,40
31.622776601683793,0.9350383631713556,40
177.82794100389228,0.9242236024844721,40
1000.0,0.920862257946657,40
1.0,0.9257120253164558,41
5.62341325190349,0.9233386075949368,41
31.622776601683793,0.9189082278481013,41
177.82794100389228,0.9151898734177215,41
1000.0,0.9142405063291139,41
1.0,0.9440723981900452,42
5.62341325190349,0.9418099547511312,42
31.622776601683793,0.9331221719457014,42
177.82794100389228,0.9245248868778281,42
1000.0,0.921447963800905,42
1.0,0.9417032484635645,43
5.62341325190349,0.936523266022827,43
31.622776601683793,0.9291483757682177,43
177.82794100389228,0.9225636523266024,43
1000.0,0.9212467076382791,43
1.0,0.9639751552795032,44
5.62341325190349,0.9614906832298137,44
31.622776601683793,0.95527950310559,44
177.82794100389228,0.9496894409937889,44
1000.0,0.9479037267080747,44
1.0,0.9672955974842767,45
5.62341325190349,0.9668238993710693,45
31.622776601683793,0.9635220125786164,45
177.82794100389228,0.9558176100628931,45
1000.0,0.9529088050314466,45
1.0,0.9540250447227192,46
5.62341325190349,0.9490161001788908,46
31.622776601683793,0.939624329159213,46
177.82794100389228,0.9303220035778176,46
1000.0,0.928443649373882,46
1.0,0.9348643347499183,47
5.62341325190349,0.9328211833932658,47
31.622776601683793,0.9318404707420725,47
177.82794100389228,0.9299607714939523,47
1000.0,0.9282445243543642,47
1.0,0.9460570875665216,48
5.62341325190349,0.9415416868247057,48
31.622776601683793,0.9370262860828898,48
177.82794100389228,0.9259796806966618,48
1000.0,0.9238832446379616,48
1.0,0.9522218509856333,49
5.62341325190349,0.9575676578683596,49
31.622776601683793,0.9582358837287003,49
177.82794100389228,0.9537253591713999,49
1000.0,0.9509689274974942,49
1.0,0.9468671679197995,50
5.62341325190349,0.9454350161117079,50
31.622776601683793,0.941281775868242,50
177.82794100389228,0.9377730039384174,50
1000.0,0.9358395989974937,50
1.0,0.9571566110397947,51
5.62341325190349,0.9553915275994865,51
31.622776601683793,0.9491335044929397,51
177.82794100389228,0.9406290115532734,51
1000.0,0.9383825417201541,51
1.0,0.9660940325497287,52
5.62341325190349,0.9687311633514166,52
31.622776601683793,0.9612718505123569,52
177.82794100389228,0.9544153104279687,52
1000.0,0.9518535262206149,52
1.0,0.936161311914324,53
5.62341325190349,0.9293005354752343,53
31.622776601683793,0.9216867469879519,53
177.82794100389228,0.915913654618474,53
1000.0,0.9134036144578314,53
1.0,0.9715686274509804,54
5.62341325190349,0.9704374057315235,54
31.622776601683793,0.9608597285067874,54
177.82794100389228,0.9537707390648568,54
1000.0,0.9509049773755656,54
1.0,0.9498598803302278,55
5.62341325190349,0.9463000833143982,55
31.622776601683793,0.9392562296447776,55
177.82794100389228,0.9353934711807923,55
1000.0,0.9331970006816632,55
1.0,0.9642008318478907,56
5.62341325190349,0.9627896613190731,56
31.622776601683793,0.9574420677361855,56
177.82794100389228,0.9501633986928105,56
1000.0,0.9477124183006536,56
1.0,0.9594328177130724,57
5.62341325190349,0.9545040946314831,57
31.622776601683793,0.9446466484683045,57
177.82794100389228,0.9362299059751289,57
1000.0,0.9322869275098575,57
1.0,0.9442878461283369,58
5.62341325190349,0.940805836511358,58
31.622776601683793,0.9289504228154535,58
177.82794100389228,0.9234786934173437,58
1000.0,0.9215718786270933,58
1.0,0.9589506172839506,59
5.62341325190349,0.9522376543209876,59
31.622776601683793,0.9449845679012345,59
177.82794100389228,0.9354166666666667,59
1000.0,0.9322530864197531,59
1.0,0.9527070063694267,60
5.62341325190349,0.9482484076433122,60
31.622776601683793,0.9398089171974523,60
177.82794100389228,0.9316082802547772,60
1000.0,0.9303343949044586,60
1.0,0.9666590891869364,61
5.62341325190349,0.9655982420247026,61
31.622776601683793,0.9594604834432069,61
177.82794100389228,0.9529438508751988,61
1000.0,0.9513525801318482,61
1.0,0.9591772151898734,62
5.62341325190349,0.9549050632911393,62
31.622776601683793,0.9433544303797469,62
177.82794100389228,0.9367088607594937,62
1000.0,0.9340981012658228,62
1.0,0.9461234177215191,63
5.62341325190349,0.9435917721518987,63
31.622776601683793,0.9370253164556962,63
177.82794100389228,0.9291139240506329,63
1000.0,0.9275316455696202,63
1.0,0.957996894409938,64
5.62341325190349,0.9512422360248447,64
31.622776601683793,0.9381211180124225,64
177.82794100389228,0.9283385093167702,64
1000.0,0.9255434782608696,64
1.0,0.9618680713892601,65
5.62341325190349,0.9610032235238619,65
31.622776601683793,0.9546347983332022,65
177.82794100389228,0.9502319364729931,65
1000.0,0.9481877506093246,65
1.0,0.955119825708061,66
5.62341325190349,0.9562817719680464,66
31.622776601683793,0.9522875816993464,66
177.82794100389228,0.9469135802469135,66
1000.0,0.9446623093681916,66
1.0,0.9559195948084838,67
5.62341325190349,0.954099398543843,67
31.622776601683793,0.948005698005698,67
177.82794100389228,0.9392212725546059,67
1000.0,0.9360557138334917,67
1.0,0.9384564204923485,68
5.62341325190349,0.9362940785096474,68
31.622776601683793,0.9292248835662009,68
177.82794100389228,0.9270625415834997,68
1000.0,0.9260645375914837,68
1.0,0.9613431613431613,69
5.62341325190349,0.963063063063063,69
31.622776601683793,0.9594594594594594,69
177.82794100389228,0.9522522522522522,69
1000.0,0.9497952497952498,69
1.0,0.9500431282346177,70
5.62341325190349,0.949252443933295,70
31.622776601683793,0.9419206440483037,70
177.82794100389228,0.9375359401955147,70
1000.0,0.9361702127659575,70
1.0,0.9364197530864198,71
5.62341325190349,0.9324074074074075,71
31.622776601683793,0.9257716049382716,71
177.82794100389228,0.9222222222222222,71
1000.0,0.9209876543209876,71
1.0,0.9545180722891566,72
5.62341325190349,0.9523343373493975,72
31.622776601683793,0.9484186746987951,72
177.82794100389228,0.9435240963855422,72
1000.0,0.940737951807229,72
1.0,0.9249999999999999,73
5.62341325190349,0.9199695121951219,73
31.622776601683793,0.9113567073170731,73
177.82794100389228,0.9035060975609757,73
1000.0,0.900533536585366,73
1.0,0.9548360315483603,74
5.62341325190349,0.952843503528435,74
31.622776601683793,0.952096305520963,74
177.82794100389228,0.948277293482773,74
1000.0,0.947945205479452,74
1.0,0.955161705672953,75
5.62341325190349,0.9494054381579944,75
31.622776601683793,0.9384988260243885,75
177.82794100389228,0.9320608952510794,75
1000.0,0.9304703476482618,75
1.0,0.9599318619463784,76
5.62341325190349,0.9554140127388535,76
31.622776601683793,0.9447489260850244,76
177.82794100389228,0.9346022811435343,76
1000.0,0.9322322618871278,76
1.0,0.9604846373139055,77
5.62341325190349,0.9608805828318023,77
31.622776601683793,0.9581881533101045,77
177.82794100389228,0.9535951853025024,77
1000.0,0.9516946468165981,77
1.0,0.9515918680475642,78
5.62341325190349,0.9448408131952436,78
31.622776601683793,0.9294207901802839,78
177.82794100389228,0.9189106252397391,78
1000.0,0.9160721135404679,78
1.0,0.9630332419706233,79
5.62341325190349,0.9569189683041674,79
31.622776601683793,0.9490477194462015,79
177.82794100389228,0.9432145618103872,79
1000.0,0.9423712137184623,79
1.0,0.9481289675910457,80
5.62341325190349,0.9503007016371533,80
31.622776601683793,0.9465419311727363,80
177.82794100389228,0.9453725359171399,80
1000.0,0.9443701971266287,80
1.0,0.9704389125450377,81
5.62341325190349,0.9685555191614805,81
31.622776601683793,0.9613494923026531,81
177.82794100389228,0.9573370455289879,81
1000.0,0.955535538814281,81
1.0,0.9618659486209155,82
5.62341325190349,0.9597554763117677,82
31.622776601683793,0.9521868859617204,82
177.82794100389228,0.9454915944982171,82
1000.0,0.9439633214467652,82
1.0,0.9472670715449565,83
5.62341325190349,0.9464523774255665,83
31.622776601683793,0.9404532661827877,83
177.82794100389228,0.9368241741964154,83
1000.0,0.9363797955858391,83
1.0,0.9740811734311192,84
5.62341325190349,0.9733311109259105,84
31.622776601683793,0.9667472289357447,84
177.82794100389228,0.9604967080590049,84
1000.0,0.9586632219351613,84
1.0,0.9531223267750214,85
5.62341325190349,0.953464499572284,85
31.622776601683793,0.9443969204448247,85
177.82794100389228,0.9361847733105219,85
1000.0,0.9337895637296836,85
1.0,0.9476871443163578,86
5.62341325190349,0.9439661462133373,86
31.622776601683793,0.9347730920764629,86
177.82794100389228,0.9272581351233037,86
1000.0,0.9253611556982344,86
1.0,0.9454191033138402,87
5.62341325190349,0.9374523264683449,87
31.622776601683793,0.9254174082549368,87
177.82794100389228,0.9153318077803204,87
1000.0,0.9127044664802102,87
1.0,0.9451612903225807,88
5.62341325190349,0.9443727598566308,88
31.622776601683793,0.941505376344086,88
177.82794100389228,0.9355555555555556,88
1000.0,0.9335483870967741,88
1.0,0.9660933660933662,89
5.62341325190349,0.9664209664209664,89
31.622776601683793,0.9628173628173629,89
177.82794100389228,0.9585585585585585,89
1000.0,0.9565929565929566,89
1.0,0.9423994546693933,90
5.62341325190349,0.9399284253578732,90
31.622776601683793,0.9336230402181322,90
177.82794100389228,0.9270620313565099,90
1000.0,0.9251874573960465,90
1.0,0.9722737102255173,91
5.62341325190349,0.9681031819586036,91
31.622776601683793,0.9629286376274327,91
177.82794100389228,0.9606116774791476,91
1000.0,0.9598393574297188,91
1.0,0.9697674418604652,92
5.62341325190349,0.9704830053667263,92
31.622776601683793,0.9637745974955277,92
177.82794100389228,0.9577817531305903,92
1000.0,0.9562611806797854,92
1.0,0.9574949698189135,93
5.62341325190349,0.9529678068410463,93
31.622776601683793,0.9457578806170356,93
177.82794100389228,0.9399731723675385,93
1000.0,0.9382126089872569,93
1.0,0.9443607764390897,94
5.62341325190349,0.9405957161981259,94
31.622776601683793,0.9327309236947792,94
177.82794100389228,0.9282128514056225,94
1000.0,0.9275435073627845,94
1.0,0.963372840211338,95
5.62341325190349,0.9549478794802229,95
31.622776601683793,0.9470941025274882,95
177.82794100389228,0.9400971012423247,95
1000.0,0.9378837641010995,95
1.0,0.9532695374800637,96
5.62341325190349,0.9467304625199362,96
31.622776601683793,0.9370015948963317,96
177.82794100389228,0.9314194577352471,96
1000.0,0.9295055821371611,96
1.0,0.9626089872568745,97
5.62341325190349,0.9666331321260899,97
31.622776601683793,0.9651240778001341,97
177.82794100389228,0.9610999329309189,97
1000.0,0.960261569416499,97
1.0,0.9617098531110744,98
5.62341325190349,0.9598943720085823,98
31.622776601683793,0.9522198382571381,98
177.82794100389228,0.9447928701105792,98
1000.0,0.9434725202178577,98
1.0,0.9521626802233519,99
5.62341325190349,0.9512459371614301,99
31.622776601683793,0.9415784648720726,99
177.82794100389228,0.9320776731394282,99
1000.0,0.9291607633969496,99
