Set,Metric,Comparison,Median diff,IQR,Runs where GAM wins,Runs where RF wins
A,AUROC,GAM - LR,0.002,"[0.0010, 0.0036]",87%,
A,AUROC,RF - LR,-0.0012,"[-0.0061, 0.0043]",,46%
A,AUROC,RF - GAM,-0.0036,"[-0.0081, 0.0024]",,39%
A,AP (PR-AUC),GAM - LR,0.0028,"[-0.0007, 0.0063]",72%,
A,AP (PR-AUC),RF - LR,-0.0027,"[-0.0220, 0.0158]",,46%
A,AP (PR-AUC),RF - GAM,-0.0067,"[-0.0234, 0.0111]",,43%
A,Brier score,GAM - LR,-0.0025,"[-0.0039, -0.0017]",95%,
A,Brier score,RF - LR,-0.0096,"[-0.0132, -0.0054]",,93%
A,Brier score,RF - GAM,-0.0071,"[-0.0102, -0.0029]",,83%
B,AUROC,GAM - LR,0.0039,"[0.0023, 0.0060]",92%,
B,AUROC,RF - LR,0.0108,"[0.0054, 0.0158]",,91%
B,AUROC,RF - GAM,0.0063,"[0.0010, 0.0101]",,82%
B,AP (PR-AUC),GAM - LR,0.0058,"[0.0018, 0.0102]",86%,
B,AP (PR-AUC),RF - LR,0.0194,"[0.0076, 0.0348]",,88%
B,AP (PR-AUC),RF - GAM,0.0129,"[0.0049, 0.0269]",,85%
B,Brier score,GAM - LR,-0.0022,"[-0.0031, -0.0009]",87%,
B,Brier score,RF - LR,-0.0052,"[-0.0100, -0.0014]",,78%
B,Brier score,RF - GAM,-0.0033,"[-0.0076, 0.0004]",,71%
C,AUROC,GAM - LR,0.0024,"[0.0008, 0.0036]",87%,
C,AUROC,RF - LR,0.0059,"[0.0024, 0.0101]",,85%
C,AUROC,RF - GAM,0.0042,"[0.0004, 0.0078]",,78%
C,AP (PR-AUC),GAM - LR,0.0022,"[0.0000, 0.0052]",74%,
C,AP (PR-AUC),RF - LR,0.0097,"[0.0024, 0.0175]",,83%
C,AP (PR-AUC),RF - GAM,0.0081,"[0.0007, 0.0175]",,76%
C,Brier score,GAM - LR,-0.0014,"[-0.0025, 0.0003]",70%,
C,Brier score,RF - LR,-0.0018,"[-0.0062, 0.0017]",,59%
C,Brier score,RF - GAM,-0.0014,"[-0.0058, 0.0033]",,59%
