land cover,slope,ENSO,LTR,STR for Medium,STR for High,STR for Very high
Continuous urban fabric,32.0,El Niño,dry (P25),15.2,28.3,35.5
Continuous urban fabric,32.0,El Niño,average (P50),14.5,26.8,34.1
Continuous urban fabric,32.0,El Niño,wet (P75),13.8,26.1,33.4
Forests,32.0,El Niño,dry (P25),52.2,66.7,74.7
Forests,32.0,El Niño,average (P50),51.5,65.3,74.0
Forests,32.0,El Niño,wet (P75),50.0,64.5,72.5
Continuous urban fabric,32.0,La Niña,dry (P25),9.4,21.8,29.0
Continuous urban fabric,32.0,La Niña,average (P50),8.0,20.3,27.6
Continuous urban fabric,32.0,La Niña,wet (P75),7.3,19.6,26.8
Forests,32.0,La Niña,dry (P25),45.0,58.7,67.4
Forests,32.0,La Niña,average (P50),44.2,58.0,66.0
Forests,32.0,La Niña,wet (P75),43.5,56.6,65.3
