run_id,model,T,P,slope_mean,curva_mean,cobertura,suelos,ENSO
0,LR,0.284911144020733,0.001464272491669658,0.0015253609774156973,-0.001032950758978244,0.08647167715660857,0.0022306553128469985,0.0013106256941872463
0,GAM,0.28582376897445394,0.0018937430581266602,0.0011273602369493174,-0.0012661977045538397,0.07737874861162534,0.002854498333950408,0.001040355423917072
0,RF,0.2695168456127361,0.0005997778600519044,0.000853387634209628,2.7767493521000386e-05,0.06897815623843029,0.007502776749352169,0.00025175860792308046
1,LR,0.22218991648623582,0.0009980410351582746,-3.917929683471044e-05,-0.0004412826064542652,0.12312609547376022,0.0014578822559026849,0.0015465511908444363
1,GAM,0.22147850293844748,0.0015259305082999531,0.0005629446334675125,-0.00044128260645416085,0.11030209299927844,0.0017795649035984384,0.001292916795546064
1,RF,0.22225590267037845,0.00426848128673059,0.00031962057944117327,0.00023919991751726323,0.0790432003299309,0.0031013506547066605,0.0002123930302092969
2,LR,0.20143199923217192,0.0005969862750742916,-0.002213264228812839,0.00019579614166418403,0.15719742777617807,0.0048718687014108,-0.0005336404645360293
2,GAM,0.24265092619253292,0.0007198387561186382,-0.001107591899414504,2.4954410212125744e-05,0.10221326422881277,0.005040790862846744,-0.00023610711200688472
2,RF,0.2170803340051828,0.0016489106440157552,0.0011958921201651051,0.0016815433342931296,0.10087148478740762,0.006351857183990792,-0.00029369421249639813
3,LR,0.25667945906432754,-0.00026133040935667263,-0.0013358918128654352,-2.5584795321611507e-05,0.1011147660818714,0.0011403508771930327,-0.0002503654970759728
4,LR,0.22854095238095237,0.0016038095238095095,0.002375238095238055,2.4761904761860798e-05,0.11690095238095236,0.001228571428571399,0.0016838095238094941
4,GAM,0.23281142857142847,0.00178095238095225,0.003519999999999892,-0.0006057142857143716,0.1009542857142856,0.0013999999999998924,0.0006304761904760769
4,RF,0.2248419047619048,0.0008933333333333637,0.0011942857142857367,-0.0005257142857142494,0.07181142857142861,0.002339047619047643,0.000310476190476201
5,LR,0.20554992492492485,-0.0003228228228228946,-0.0033971471471472368,-0.00024024024024034142,0.14882319819819811,0.0013757507507506771,0.0019087837837837008
5,GAM,0.2125863363363364,0.0010322822822822796,-0.0007282282282282338,-0.00013701201201201662,0.1389283033033033,0.002167792792792813,0.0020739489489489337
5,RF,0.22349099099099098,0.0008145645645645639,0.00038288288288287344,0.0015240240240240067,0.10595533033033033,0.0033746246246246026,0.0011148648648648507
6,LR,0.2735551564420076,-0.00011154173362335485,0.0016617827771999937,-0.0004121372530486056,0.10462425560071831,0.001228849607713247,-0.0028093392570187835
6,GAM,0.27119387465734,0.0009925323754607885,0.003126949617166035,0.0002608942244067958,0.08685887134889875,0.001026562056905147,-0.0021778996124397977
6,RF,0.25929482937895837,0.001826259570847928,0.002436903298988602,0.005716986482654338,0.07575196143302772,0.0027753095755742763,0.005544947537574465
7,LR,0.2137462537462538,8.90019071837811e-05,0.0018508763963310116,-0.00011988011988012915,0.14780310598492424,0.001981654708927505,0.0019126328217238032
7,GAM,0.21261647443465623,0.000599400599400568,0.005292888929252551,0.00031423122332214116,0.1328834801562074,0.001839978203614545,0.0013404777041140358
7,RF,0.21102352193261298,0.00039778403414778116,0.0020579420579421638,0.00019798383434757705,0.11775860503133241,0.001990736536191187,-2.7245481790814097e-05
8,LR,0.22721023181454833,0.00155964117594809,0.001433519850785987,-5.329070077273457e-06,0.14088640198951946,0.002417621458388792,0.0026130206945554125
9,LR,0.18896572641795573,-0.0004266504903447599,0.00013547669598622082,-0.0003215043979375198,0.12344960064705285,0.0034475786068142635,0.0014680012132241393
9,GAM,0.18652916793044183,0.0011080780507532516,0.001439692649883766,0.0005075320998888255,0.10682034172480039,0.002905671822869287,0.0013042159538975296
9,RF,0.21316752603376807,0.0001779395409968676,-0.00016176321908805801,-0.00014154281670202495,0.07886967950662215,0.001130320493377832,1.81983621474191e-05
10,LR,0.23233333333333334,0.002832380952380964,0.0007314285714285985,0.00020190476190478534,0.12959428571428575,0.0024400000000000333,0.0011085714285714566
10,GAM,0.27488,0.0016152380952381162,0.0015257142857142813,0.0002952380952380773,0.08151809523809525,0.002630476190476205,0.0016095238095238118
10,RF,0.21880571428571435,0.002135238095238143,0.0022438095238095945,0.00026476190476196096,0.10876761904761911,0.0011600000000000566,-0.0007390476190475748
11,LR,0.24152906330988522,-0.0003887449092928907,0.0006793780081451306,-6.29396519807801e-05,0.10858385783043314,0.0003128470936689975,0.002874861162532367
11,GAM,0.2787967419474268,-0.00016660496112548716,0.0010607182524990644,-0.00011477230655310589,0.0699352091817845,-0.0002665679378008501,0.0018715290633098936
11,RF,0.23591632728619022,0.0008496853017400885,0.003702332469455769,0.002732321362458321,0.10079044798222878,0.0018659755646056864,0.0012736023694927545
12,LR,0.24836965517241383,0.0011531034482759228,0.0008588505747126751,-0.00037333333333326556,0.10247540229885063,0.001896091954023027,0.0011696551724138836
12,GAM,0.2491034482758621,0.001844597701149404,0.0022105747126436428,0.00012137931034479132,0.08506666666666667,0.0021039080459770054,0.0011788505747126177
12,RF,0.23709793103448285,0.0024606896551725077,0.0011034482758621445,-7.724137931027109e-05,0.07366252873563225,0.0033287356321840033,0.0008459770114943099
13,LR,0.22904091954022987,0.000189425287356364,0.0005222988505747384,0.00011770114942531106,0.09492965517241378,-0.0010795402298850276,-0.0007852873563218021
13,GAM,0.22773149425287356,0.001362758620689626,0.0041213793103448085,0.000619770114942495,0.08259862068965514,0.00011402298850573312,-8.459770114945808e-05
13,RF,0.21470528735632174,0.002707126436781568,0.003593563218390736,-0.00038620689655174625,0.08503908045977004,0.0019806896551723607,0.002580229885057397
14,LR,0.2315647988375261,0.00015802379438744295,0.00015075833257652827,6.902188720371294e-05,0.12365634365634368,-0.0003214966851330381,0.0005049495958586725
14,GAM,0.2788157297248206,-0.00016710562165112242,0.0004431931704658498,-4.9041867223724724e-05,0.07092543819816544,0.0005285623467441281,-0.00011443102352197921
14,RF,0.22811552084279352,-0.00012714558169108604,-4.722550177099105e-05,0.0012042502951593503,0.07900463173190443,0.000370538552356694,0.000406865861411303
15,LR,0.2159207729468598,0.0018222222222221518,0.00537004830917867,0.00034202898550715676,0.15882512077294678,0.0020038647342994187,-0.0025739130434783417
16,LR,0.23237237237237238,-7.507507507507504e-05,-0.0023667417417417114,0.0005799549549549709,0.12687687687687693,-0.0002740240240240022,0.0005030030030030308
16,GAM,0.23371996996997,-6.0060060060043166e-05,-0.0009009009009008695,0.0001201201201201263,0.11929804804804807,0.0009027777777778079,-0.0002496246246246225
16,RF,0.23011073573573573,0.0011711711711711236,-0.000647522522522559,0.0011355105105104756,0.09135510510510508,0.004384384384384344,0.0027627627627627317
17,LR,0.21672528693076637,0.00015734912995182037,0.0015568308034060907,6.479081821544774e-05,0.1263235838578304,0.00471121806738239,0.0014087375046278594
17,GAM,0.2568326545723805,-6.66419844502264e-05,-0.00016660496112556712,-0.0001517956312477109,0.07557756386523506,0.0031654942613846293,0.0011736393928174248
17,RF,0.21393187708256206,0.0007848944835246386,-0.0007626804887078675,0.0006867826730840654,0.10516105146242136,0.0024509440947797366,-0.0005553498704183357
18,LR,0.23768595041322313,-0.00011806375442742434,0.0009063663609117856,-0.00028153664517304166,0.13067114703478336,0.002995186631550231,-1.9980019980043727e-05
18,GAM,0.2376768685859594,0.001513032422123286,0.006268277177368015,0.0005467260012713937,0.11606030333303054,0.0037235491780945695,0.0004268458813912823
18,RF,0.24326582508400693,0.0010316955771501669,0.0036781400417764476,-0.0010207973844337226,0.08860775588048315,0.0037871219689401747,-0.0004577240940877036
19,LR,0.20462563332707834,-0.0018352411334208263,0.0028222931131545214,0.00047851379245646754,0.10830362169262533,0.0029968099080503754,-0.00017076374554316764
19,GAM,0.20840307750046916,-0.0012910489772940603,0.005374366672921758,0.00013698630136986135,0.09920998311127789,0.0022687183336460737,-0.0006624132107337167
19,RF,0.231146556577219,0.00021580033777444994,0.004518671420529208,0.00574404203415277,0.07777256520923254,0.005732782886094978,-0.0005348095327453195
20,LR,0.234379607425171,0.00012434496846968512,0.0014281907807087734,1.421085353942253e-05,0.09930899724664714,0.0024957811528554807,0.0007602806643574155
20,GAM,0.2773621103117507,0.00017408295585758627,5.506705746521012e-05,-7.283062438933064e-05,0.05441868727240436,0.0025970334843237208,-5.861977084993475e-05
20,RF,0.22056488142819078,0.0012256861177724532,0.0016875388578026418,-0.00016520117239544164,0.06966160405009326,0.0013677946531663499,0.0009432454036770488
21,LR,0.20173454276194,-0.00012773047019624118,0.0001240281377267438,-0.0001092188078489431,0.12619029988893002,-0.0008219178082192058,0.00010181414291002611
21,GAM,0.20447797112180674,8.700481303220543e-05,0.0013606071825249956,0.0004961125509070863,0.11426508700481301,-0.0005738615327656494,0.0001425398000740463
21,RF,0.21529803776379125,-0.0002036282858199967,0.00042021473528329744,0.0030118474639023217,0.08836727138097009,0.001388374676045978,-0.0001166234727877935
22,LR,0.18719444152015996,0.001943362459206166,0.0020633750921148874,0.00021897041793864647,0.1369028318770396,0.0018717759764184949,0.00048426150121056555
22,GAM,0.18873986735445844,0.0024276239604169715,0.0023560374776293203,0.00045689019896838934,0.12170123170860098,0.002699231498052528,0.0007116538583009691
22,RF,0.1979071481208548,0.00010948520896934655,5.474260448466106e-05,-0.0004126750184230166,0.08727444994209911,0.0013706705969049216,-0.0007074428887251494
23,LR,0.2062278801011195,0.0001011195377392049,0.00278981581798478,-0.0003737811484290754,0.12814012278801007,0.0029902491874322147,-0.00018959913326114687
23,GAM,0.2067713976164681,0.001081617912603894,0.006032863849765322,-0.00028710725893817514,0.12024557602022398,0.003183459732755556,0.00024918743228608654
23,RF,0.19941495124593722,0.00019682195738537355,0.001440953412784447,-0.0024990971469844416,0.09849765258215967,0.0002600216684724144,-0.0011700975081256294
24,LR,0.24094634801804393,0.00010941549093000491,0.0008830022075054833,-0.0005509165946828287,0.10751511661387844,0.004082925424704835,0.0005048469142911549
24,GAM,0.2460044150110376,0.0009098761877339822,0.0029465399750456256,-0.0007678280065265164,0.09445628179287845,0.003992705633938045,0.0005777905749112522
24,RF,0.2396237642768019,0.0011728572799692327,0.0029292638448986707,-0.0003416834629043786,0.07692292926384484,0.005336404645359378,0.0006104232651885665
25,LR,0.21216076480343382,0.0012818261633011786,0.0023373329431275215,0.001213540142425147,0.12151985172178327,0.0023978148473319826,0.0007413910837967275
25,GAM,0.21213930348258705,0.0011218417715344465,0.004028875231684679,0.0011491561798848582,0.10370305336064771,0.001937371963710799,0.0003843527460735352
25,RF,0.23913764510779437,0.0024641498390400862,0.003946932006633499,0.0015022924592722475,0.07233050434103991,0.004998536728124092,0.0011159886840308197
26,LR,0.19383514054110965,-0.0013959364143593534,0.002602379197810365,-3.158227181800699e-05,0.15245183703547746,0.0018380882198126614,0.0023497210232656675
26,GAM,0.20304242551847576,0.0002126539635751823,0.006263817243920495,0.00045899568375626034,0.14353931992841362,0.00258764080429525,0.0026339614696284652
26,RF,0.19988209285187925,0.000684282556058613,0.002831877039688473,0.003703547741867641,0.11907569217812411,0.007289188335614349,0.0006695441625435161
27,LR,0.21073986619441168,-0.0001298701298701044,-0.0001082251082250707,0.00021645021645024797,0.10972845336481704,0.00019480519480524316,9.838646202287027e-05
27,GAM,0.21378197560015738,-0.0005312868949232641,0.0021546635182998664,0.00010822510822509956,0.0997599370326643,0.0002321920503738828,-0.000399449035812669
27,RF,0.20063164108618653,0.00010035419126327882,0.0022471467926013467,0.0014305391578118875,0.09997245179063363,0.0041912632821723686,-0.0006709956709956733
28,LR,0.20611169467787108,7.002801120383762e-06,0.002608543417366884,0.00010329131652654588,0.1530654761904761,0.0015616246498598829,0.0015231092436974426
28,GAM,0.20517156862745103,0.0011764705882353077,0.005470938375350176,0.0007335434173669641,0.13613970588235297,0.0010854341736694973,0.001465336134453805
28,RF,0.21512079831932773,0.00043767507002805405,0.0006932773109244139,0.002076330532212947,0.10328956582633055,0.005332633053221319,-0.0022934173669467307
29,LR,0.21524107142857152,0.00012678571428577313,-0.0007553571428570871,-0.00026785714285709305,0.14718214285714296,-0.0005624999999999347,0.0009339285714286283
29,GAM,0.21643928571428575,0.001244642857142868,0.005491071428571432,-0.00022678571428569772,0.13197857142857145,0.0007642857142857574,0.0006089285714285775
29,RF,0.22521071428571418,0.0014874999999999262,0.005487499999999927,0.002957142857142765,0.10094285714285708,0.0037910714285713577,-0.0011589285714286568
30,LR,0.23954130116959063,0.00025584795321637044,-0.0013322368421052522,0.00013706140350878472,0.11030519005847954,0.00018092105263157522,0.00045138888888889727
30,GAM,0.23896747076023384,0.0006706871345028808,-0.00036001461988308445,0.00025767543859645637,0.09877192982456133,0.0005957602339180723,0.0002521929824560898
30,RF,0.20957967836257307,0.001752558479532107,0.0008479532163742265,0.0011202485380116523,0.09951571637426895,0.00568530701754379,0.0027923976608187286
31,LR,0.22521231708411896,0.0019122003770537098,0.0017093096328217295,0.0002190501840381609,0.11368165903582021,-0.001908609390429914,-0.0010324086542776456
31,GAM,0.2288374180806176,0.003337822066612741,0.005609121106023811,0.0008959511625818628,0.1022641170661639,-0.0012586408115630298,-0.0002783014633271108
31,RF,0.21369781847562613,0.0017488104856809095,0.0012227309453271885,0.0018655175509470978,0.09693150193015528,0.00238621061136544,0.003240865427776254
32,LR,0.2346320721971537,0.00047900034710161464,0.0012217979868100626,8.503991669551513e-05,0.10144220756681702,0.002698715723706977,0.002044429017702112
32,GAM,0.271466504685873,0.0005883373828532013,0.0009111419645956364,-7.462686567163645e-05,0.058271433530024314,0.002186740715029527,0.0016765012148559765
32,RF,0.23435786185352306,0.002146824019437632,0.0032419298854564137,0.0005449496702533251,0.07401770218674068,0.006848316556751088,0.0016331135022561094
33,LR,0.2408459770114944,0.0021406896551725363,0.001151264367816225,-0.00032919540229870537,0.12580965517241394,0.0022933333333334718,5.333333333348289e-05
33,GAM,0.2883586206896552,0.0016183908045976803,0.0007135632183907715,0.0003347126436781345,0.07812597701149424,0.004114022988505704,0.00032735632183905405
33,RF,0.2201360919540229,0.0020027586206895443,0.002953563218390678,0.001230344827586074,0.11536367816091941,0.003766436781609077,0.0003402298850573637
34,LR,0.23140561489743838,0.0010587012004916274,0.00016636733150587668,-0.0009830796861706338,0.10570753379336431,-0.0009736269968805411,-0.0014462614613856895
34,GAM,0.22890065223556103,0.0022346157481803685,0.003949333585405061,-0.0005312411381037663,0.0906872105113905,-0.0005009925323754327,-0.0013857642499290979
34,RF,0.23809055676339924,0.0033500330844125513,0.0009641743075905418,0.001599395027885464,0.07977313545703757,0.005066641459495238,0.0037640608753190465
35,LR,0.18509947447447442,0.000959084084084032,0.001640390390390336,-0.0010172672672673145,0.15428678678678673,0.0008352102102101511,-0.002182807807807856
35,GAM,0.1822991741741742,0.0008333333333333792,0.005274024024024089,-0.0004091591591591048,0.13566629129129137,0.0001858108108108514,-0.0029222972972972427
35,RF,0.21298423423423418,0.0005442942942942964,0.0027759009009008873,0.0003209459459459385,0.10940315315315312,0.0015446696696696626,0.00036411411411410024
36,LR,0.20383125599232982,0.00047363374880150967,0.00474209012464043,-0.0005618408437200761,0.12671907957814,0.004316395014381569,0.0005599232981783197
36,GAM,0.20498753595397887,0.0008993288590603376,0.00561457334611692,-0.0009626078619367884,0.11453883029721953,0.004533077660594385,0.000283796740172535
36,RF,0.21186001917545547,0.0012272291466921769,-0.0014860977948226695,-0.0005215723873442446,0.0901898370086289,0.0006922339405560329,-0.0012674976030681306
37,LR,0.19977556333602667,0.0001849358111141952,-0.0009659754017415456,1.795493311789187e-05,0.14243827991740737,-0.001800879791722687,0.00011670706526626385
37,GAM,0.20370769368884104,0.0005260795403537411,0.0009982942813538376,0.0005763533530838183,0.1263668192835982,-0.0013627794236466052,0.00039500852859325697
37,RF,0.24016698087799626,0.0017811293652930749,0.00024059610377948903,0.0015979890474907598,0.08747643415028275,0.004081156297692774,0.00041296346171106003
38,LR,0.21414160639512755,0.0010677578987438262,0.0006490293110011702,-0.0007879710696611885,0.11345831747240201,0.002691282832127935,0.0022249714503235762
38,GAM,0.24329082603730495,0.0010886943281309413,0.0012238294632660929,-0.0002912066996573981,0.0760182717929197,0.001067757898743824,0.0016311381804339643
38,RF,0.21987438142367718,0.0013266082984392425,0.0029177769318614044,0.00387894937190709,0.08997906357061285,0.006789113056718663,0.000458698134754425
39,LR,0.2042774024024023,0.0014095345345344623,0.002441816816816751,-0.00028153153153159804,0.1363588588588588,0.0009346846846846168,0.00018581081081072703
39,GAM,0.20583333333333328,0.0010604354354353807,0.003196321321321267,-0.000454204204204256,0.12566629129129123,0.0007413663663663117,3.190690690686448e-05
39,RF,0.22799549549549553,0.0003810060060060039,0.0012950450450450578,-0.0014301801801801873,0.10777214714714715,0.0024324324324324453,-0.00039977477477478376
40,LR,0.2330378712196894,0.0012478430660248874,0.002008900190718368,0.0003269457814912502,0.09903369357914814,0.0010662065207519777,0.00239215330124422
40,GAM,0.2744637181000817,0.0006302788120969472,0.0008318953773498605,0.0002034329307056204,0.05595495413677226,0.0008409772046135,0.0014639905548995836
40,RF,0.21717918445191167,0.0005412769049132459,0.0029261647443465464,0.0016038506947597718,0.08960675687948413,0.001146126600672066,0.0011988011988011671
41,LR,0.2172881663790755,-0.000108981927163736,0.0004050494959586071,-5.449096358172145e-06,0.12794296612478429,0.002733630006357297,0.0013622740895468332
41,GAM,0.21296521660158035,0.0018254472799928067,0.0036926709653983323,0.00010534919625838191,0.12187085641631105,0.003022432113341278,0.0010044500953592683
41,RF,0.2314576332758151,0.003961493052402159,0.002017982017982052,0.0035836890382345164,0.08602306784124968,0.005641631096176571,0.0013895195713377695
42,LR,0.18113341204250294,-0.000148941967123839,-0.001124330215239364,-0.0003051493960585461,0.11718100081736439,0.00039051857233670664,0.00025974025974022873
42,GAM,0.18550177095631645,0.00015802379438751625,0.002857142857142929,-0.0012732721823630188,0.10757787666878581,0.0003632730905458814,-0.00028335301062566655
42,RF,0.19419489601307785,-0.0004631731904459202,0.00040323313050585343,0.0025628916538007473,0.09314140405049494,0.00039778403414769014,-0.000412314957769504
43,LR,0.1883857830433172,0.0002684191040355244,0.0009940762680488403,0.0003461680858941052,0.14652165864494632,0.0008478341355053387,-0.0001536467974824296
43,GAM,0.19312661977045537,-0.00022028878193268707,0.0014105886708625824,-0.0001554979637172016,0.13198074787115877,0.0003831914105886058,-0.0006349500185117107
43,RF,0.20808774527952623,-3.51721584597664e-05,0.0007423176601259462,-0.00012032580525722203,0.10312661977045547,-0.00011292114031831613,-3.332099222503881e-05
44,LR,0.24244222689075628,0.0005497198879551846,0.001390056022408972,0.0001908263305322122,0.10716386554621848,0.0011029411764705975,0.00217962184873951
44,GAM,0.24492997198879554,0.0009716386554621948,0.001710434173669484,-0.0003658963585434338,0.09688200280112046,0.0013147759103641454,0.0006775210084033567
44,RF,0.23069327731092443,0.006010154061624715,0.001411064425770374,0.00153536414565834,0.08493347338935582,0.0037394957983193965,0.005292366946778766
45,LR,0.2116631280962491,0.0001334546557476157,0.0022768173086644117,0.00010716813264582514,0.10241633808512786,0.0018703872207056337,0.0016520068749367733
45,GAM,0.2463835810332626,0.00016176321908810908,0.001474067333940008,0.00020220402386012638,0.06020422606409872,0.0018542108987969286,0.0009726013547670154
45,RF,0.2212334445455465,0.0014417146901223531,0.0017753513294914791,0.0032413305024770423,0.06191487210595495,0.003971287028611901,-0.0019795773935901194
46,LR,0.22441441441441448,0.00017267267267270236,0.002469969969970018,-0.0003115615615615219,0.12142267267267276,0.0014283033033033665,0.0003415915915916212
47,LR,0.18852276934468726,0.0018733802295446923,0.0022510181414291865,0.00017956312476866465,0.14858756016290273,0.0031766012587931304,-0.0005979266938170058
47,GAM,0.19008145131432805,0.003026656793780116,0.004137356534616825,0.00038319141058869023,0.14042021473528327,0.0034579785264717013,-0.000836727138096962
47,RF,0.20971492039985182,0.0017437985931135947,0.002363939281747427,0.004370603480192443,0.11447611995557196,0.007226952980377563,0.002160310995927359
48,LR,0.2312293543543543,-0.001150525525525572,0.0015953453453453048,-7.882882882882081e-05,0.1087687687687687,0.00316253753753748,0.0007094594594594383
48,GAM,0.2369838588588588,0.0013438438438437728,0.004485735735735657,-5.442942942946338e-05,0.0963475975975975,0.0035998498498497743,0.0008821321321320475
48,RF,0.22118993993994004,0.0019388138138138732,0.001961336336336357,0.0007976726726727135,0.10359984984984988,0.004759759759759812,0.001995120120120173
49,LR,0.23185714285714293,0.0007752380952381399,-0.00012190476190470533,-0.00017714285714284905,0.11664952380952386,0.005024761904761954,0.0018685714285714705
49,GAM,0.23744380952380953,0.002457142857142858,0.0012933333333333286,-3.42857142857067e-05,0.10248380952380952,0.006647619047619033,0.0012533333333333374
49,RF,0.2529714285714287,0.0017828571428572305,0.0012400000000000854,0.0012780952380953426,0.0893238095238096,0.010626666666666746,0.0006076190476191345
50,LR,0.20135892857142856,-4.821428571428532e-05,0.0010696428571428118,0.00014285714285711126,0.12788392857142855,0.0034285714285713655,0.0001714285714285291
50,GAM,0.20658928571428567,1.4285714285688922e-05,0.0011928571428571288,0.00036071428571427645,0.11404642857142858,0.003819642857142842,2.142857142853227e-05
50,RF,0.21374999999999988,0.0017142857142856682,0.00013035714285708044,0.0015678571428570786,0.08809999999999996,0.0033267857142856736,0.0001624999999999366
51,LR,0.21675925925925935,0.0008833333333334159,0.003961111111111186,0.00015740740740747495,0.14540555555555565,0.0016648148148148923,0.00028148148148154917
51,GAM,0.21572592592592593,0.0003148148148147945,0.004514814814814782,-1.4814814814818611e-05,0.12785555555555553,0.001407407407407386,-1.8518518518526596e-05
51,RF,0.20273888888888889,0.00035555555555554896,0.001325925925925895,0.00047777777777774366,0.11265185185185182,0.0038148148148148065,0.0003907407407407204
52,LR,0.22440972222222222,-8.406432748541137e-05,0.005107821637426866,-1.0964912280702065e-05,0.11152412280701751,0.0013943713450292106,0.0004623538011695749
52,GAM,0.23503106725146197,0.0002065058479531956,0.005873538011695894,-0.0003947368421052655,0.09202302631578947,0.001149488304093551,0.0004550438596491202
52,RF,0.23707054093567245,0.0018366228070174518,0.0017507309941519255,0.0007492690058478479,0.06045504385964902,-0.0007090643274854935,-0.0012171052631579783
53,LR,0.2142924984609973,-0.001248790783572178,-0.0005399700993755374,1.4070882068502045e-05,0.14308152317298398,-0.005102453610060609,0.0006085656494591896
53,GAM,0.21609533022601352,-0.0009269193562571565,0.0015108609620965519,-0.00014422654120133105,0.1314079676369712,-0.005505232609269202,0.0008600826664321426
53,RF,0.22932547709084516,0.0005821827455808659,-0.0019435405857004607,0.001225925600211073,0.10952598716032014,0.002657637850672774,0.002960161815143794
54,LR,0.20661366959064317,-0.00026864035087722284,0.0016557017543858588,-0.0003929093567252506,0.144892178362573,0.0029861111111110184,-0.0008406432748538917
54,GAM,0.21030884502923972,-0.00024122807017545655,0.002876461988304042,-0.0002174707602339332,0.1304824561403508,0.0035581140350876604,-0.0007383040935672969
54,RF,0.21798428362573102,0.0008223684210526217,0.0004020467836257091,0.00024671052631575874,0.1086842105263158,0.002518274853801159,-0.00046418128654970305
55,LR,0.20555400242288688,0.001602832913987453,0.001464914733016447,-0.00012673562575719278,0.1683962352064113,0.0024881185350852132,0.0007361848849128006
55,GAM,0.20307147516540866,-8.759668250858165e-05,-0.00152269126828809,-0.0016196067468082843,0.144912869257292,0.0004976237070170808,-0.001198397167085976
55,RF,0.1988034665921164,0.0018544404062995623,-0.0022998788556518046,0.004031311154598894,0.10368837946137364,0.005835430062436004,0.0019513558848197742
56,LR,0.23040595767868496,7.447098356186955e-05,0.0019998183634547238,-0.00044500953591862123,0.1078249023703569,0.0053019707565161965,0.001523930614839699
56,GAM,0.272356734174916,0.00023976023976026716,0.0012950685677958695,-0.0006775043138679071,0.06497684134047774,0.004675324675324701,0.0010789210789210934
56,RF,0.22097538824811558,0.0013259467804922999,0.0032712741803651666,0.0006339115430025033,0.08218872037053862,0.005136681500317939,0.0001870856416311506
57,LR,0.22726397630507214,-0.0004331728989263284,0.0016105146242132685,0.0002480562754535121,0.11166234727878564,0.0022917437985931245,-0.0002887819326175367
57,GAM,0.2704572380599778,-0.0013439466864124073,0.0005849685301740327,1.8511662347320267e-06,0.07218252499074418,0.0019659385412810404,-0.000614587189929654
57,RF,0.23609403924472416,0.00110329507589783,0.0012199185486856568,0.0020936690114772304,0.09598667160310997,0.004690855238800453,-0.0002795261014438788
58,LR,0.22632839890923256,-0.00036423841059599835,5.843396961435099e-05,6.232956758863705e-05,0.10323918971562134,0.0004440981690689716,0.0007109466303077583
58,GAM,0.3371581612777561,0.00012660693416440604,0.0027580833657966553,-0.0003389170237631278,0.02849629918192445,-0.0005142189326061231,0.0010693416439423787
58,RF,0.22637709388391117,0.002715231788079471,0.0015075964160498744,0.0004616283599532611,0.07065251266069343,0.0004713673548889763,0.000915465523957939
59,LR,0.22596145305977447,0.00015454303224089695,0.0011048938626876525,-0.0001634248157029683,0.11337596589395156,0.0032933653077538263,-0.0009272581934452129
59,GAM,0.23224620303756996,0.001049826805222478,0.004588329336530772,-3.552713384848305e-05,0.0997744027000622,0.0028155253574917794,-0.00037303490540900873
59,RF,0.22889066524558127,0.0005684341415755623,0.002021493915978272,-0.00029665156763484466,0.0758522071231903,0.0022151167954524787,0.000783373301358854
60,LR,0.22493150684931515,0.0021600969154785465,0.00047525859658936075,0.001586059081166753,0.11829838784829004,0.004070450097847416,0.0012133072407045375
60,GAM,0.2261876805516728,0.0033678128785761706,0.0026334917528656222,0.0021135029354208213,0.10726866088901325,0.003941850712887957,0.0013381791072594117
60,RF,0.23226167179200438,0.0009300158419531379,0.0015674214891435168,0.0034516820426800134,0.08617090671885187,0.0002963377131673939,-0.0009971111732365223
61,LR,0.21312426957537983,-0.000323334631865968,0.00024152707440594723,-0.000833657966497845,0.10065446045968061,-0.0031768601480326986,-0.001437475652512643
61,GAM,0.2122165952473704,0.0017900272691857698,0.005130502532138621,-0.00020841449162451565,0.08806778340475256,-0.001536813400857071,-0.0008453447604207764
61,RF,0.2226373198285936,0.0006466692637319604,0.002822360732372393,0.002306194000779085,0.07407479548110633,0.0028613167121152917,-0.0009738994935722944
62,LR,0.1738389798248954,0.00018271792919684725,0.002518081461743478,-0.00010087552341072836,0.13878949371907123,0.001909021697754132,0.0007327750285496992
62,GAM,0.17497716025885043,0.0019718309859155236,0.00631709173962699,0.0001103920822231097,0.11376475066615915,0.0015074229158736597,0.0007403882755996017
62,RF,0.2128473543966502,0.0011496003045299076,0.0016863342215454958,0.0006680624286258242,0.09031214312904452,0.0012181195279787004,0.00015607156452227545
63,LR,0.22299305685869772,-0.0003753049352598548,0.004755113529742958,8.632013510978531e-05,0.11289923062488276,-0.0009232501407392978,0.0006455244886470623
63,GAM,0.22238506286357673,0.0001820228936010704,0.009027960217676899,0.00011822105460690402,0.09929817977106403,0.0005535747795083723,0.0007112028523175406
63,RF,0.23939763557890792,0.0012047288421843216,0.003537249014824604,0.0006868080315256497,0.07683242634640651,0.0010790016888722453,0.00041471195346222346
64,LR,0.21785967943180737,-0.0008983587676359805,0.0011344658796430206,0.00023034840195803374,0.12147806891256367,-0.0003340051828389856,0.001840867645647426
64,GAM,0.21657164795085915,-0.00046069680391585876,0.0036030329206258706,0.00038199443324703707,0.11072463768115952,0.00011133506094643586,0.0017679239850274264
64,RF,0.21851041366733856,0.0012131682503119623,0.0043363086668586435,-0.0004933294941932687,0.07739706305787504,0.0008618869373260641,-5.758710048944904e-05
65,LR,0.1914600550964187,2.951593860680113e-05,0.00012003148366781957,0.00010822510822506182,0.12783746556473824,-0.0027213695395513927,0.0015643447461628935
65,GAM,0.19431916568280205,0.0007713498622589477,0.00336481700118062,0.00018693427784336248,0.11695198740653286,-0.0023730814639905695,0.0016292798110979835
65,RF,0.21801259346713903,0.0033018496654861275,0.00101731601731613,0.0030972058244786616,0.0910310901219993,0.005458480913026467,0.008229043683589248
66,LR,0.17116862745098047,0.0009481481481481668,0.001464052287581734,8.714596949925824e-06,0.13620217864923753,-0.00018823529411762018,0.001117211328976042
66,GAM,0.16754335511982574,0.0006152505446623557,0.0042544662309368705,0.0002806100217865493,0.11693943355119832,-0.0004200435729847074,0.0005681917211329001
66,RF,0.19737167755991294,0.0010823529411764943,0.003743790849673219,-0.00014117647058821127,0.08675729847494558,-0.0009115468409585614,-0.000503703703703664
67,LR,0.21652189359623403,0.0005435651478816173,0.0007620570210497579,0.0013535837996269074,0.1018172128963495,0.0006270539124255437,0.00122923883115722
67,GAM,0.2643485211830536,0.0002806643574030088,0.000623501199040808,0.0005240252242650767,0.061046274091837674,0.0007105426769695677,0.0005933031352695939
67,RF,0.19646860289546136,0.00018474109601207545,0.0003108624211741606,0.0036770583533173662,0.08698285815791809,0.0029061195488053883,-0.0005311306510347347
68,LR,0.22366192294342238,0.0010378340853869948,0.004685872960777497,0.00017702186740716107,0.10777681360638662,0.0014265879902811208,0.003967372440124957
68,GAM,0.22686740715029505,0.001674765706351946,0.006581048247136405,6.768483165568106e-05,0.09803019784796942,0.0008226310308920337,0.003422422769871558
68,RF,0.20732558139534887,0.0021624435959736597,0.005834779590420034,0.0008156889968761205,0.07392398472752519,0.00012495661228744125,0.00026553280111076607
69,LR,0.23863415480735864,1.3884068031975172e-05,0.0014977438389449026,-8.156889968754078e-05,0.10568031933356481,1.909059354399112e-05,-1.9090593543833466e-05
69,GAM,0.28451579312738634,0.00014925373134330622,0.001291218326969834,0.00023429364803891238,0.0606942034015967,-0.00015272474835124948,-0.0003922249219020912
69,RF,0.23993752169385643,0.00036619229434235344,0.0018170774036794057,0.0019021173203750052,0.08044255466851802,0.004052412356820698,0.0015341895175287523
70,LR,0.20879120879120883,0.0003632730905458459,-0.00029970029970028067,0.0003887022068840507,0.13933884297520663,0.0031459449641268143,0.002121514848787609
70,GAM,0.21290709290709312,0.000880937244573794,0.0023594587230952647,0.0002960675687950154,0.12707292707292728,0.003300336027608932,0.001921714648987536
70,RF,0.25736990282444827,0.001447643265825047,0.0004014167650530731,0.002363091454000519,0.08188538733993274,0.002348560530378663,0.0004431931704658698
71,LR,0.1747467394601152,0.0003437468405620936,-0.000632898594682072,-0.0019391365888181355,0.14315842685269434,0.00465069254878169,-0.0008148822161561365
71,GAM,0.21278333838843388,0.0012354665857850166,0.0006935598018400202,-0.0014983318168031957,0.09103831766252146,0.0026974016782933628,-0.0009159842280861885
71,RF,0.19398847437063999,0.0018319684561723414,0.0030330603579011538,0.004416135881104084,0.10325144070367004,0.00888484480841172,7.885956930548055e-05
72,LR,0.18755542758422108,0.0012419618005566236,0.001474229772530884,-0.0005163643343891544,0.13904213456185807,0.0027411459832996777,0.0005489970246664133
72,GAM,0.18576446875899802,0.0017141760245705418,0.004278721566369188,-0.00030521163259424,0.12458777233899612,0.0020232267971974703,0.00024186582205590223
72,RF,0.21906516940205392,0.00014012861119105268,0.0009521067280928874,0.0003109703426431909,0.09355408388520967,0.0017775218351088996,0.0001957961416642351
73,LR,0.27949546637938766,0.00041834994164642093,0.0026806715144985717,-0.00014543495825483088,0.09721518987341767,-0.0014184397163120943,0.0003070293563156068
73,GAM,0.3186174701499238,0.0018062662716582278,0.0017182870993806575,0.0004219409282701503,0.056550857348056455,-0.0005081246072357292,0.0005206930604184512
73,RF,0.27358111141035996,0.0025208726097495204,0.0036861477690995435,0.0013196875841637113,0.07077475536403627,0.0014956459287188983,-0.0011275697998025126
74,LR,0.25495535714285716,0.0009267857142857073,0.0015428571428571546,-0.0007357142857142862,0.1188339285714286,0.003485714285714303,0.0004910714285714368
74,GAM,0.2565642857142858,0.0018482142857143135,0.003937500000000031,-0.00105178571428568,0.10279821428571431,0.00274107142857146,0.00014642857142859844
74,RF,0.27140892857142856,0.0014910714285713933,0.0015642857142856626,0.002914285714285687,0.06709642857142854,0.006251785714285676,0.000423214285714264
75,LR,0.2213683932811539,-0.0001776448861137081,0.00032363028757373955,5.276580775734896e-06,0.11309295576466458,-0.000740480168850488,0.0005733884442881832
75,GAM,0.22517984346143696,0.0001723683053381331,0.001473924896666965,0.00016709172456246479,0.08717966757541112,-0.0009515433998768863,0.0005188637762729664
75,RF,0.21632749978014246,0.001088734500043933,0.0007703807932459639,0.0017412716559669405,0.07731246152493182,0.0019875120921642475,0.0011801952334886657
76,LR,0.21794687588618966,-0.0016655638529161098,0.00526514793458744,-0.0003024860572832599,0.12398714434256553,0.000504773608091551,-0.0005652708195481137
76,GAM,0.22198128367520562,-0.0011588997069666607,0.007163247944040061,-0.000293033367993214,0.11210322336704792,0.00016636733150579675,-0.000890443331127706
76,RF,0.23269685225446643,-0.0009849702240286918,0.0010416863597693916,0.0020190944323660288,0.07863503166650916,0.0017014840722185843,-0.0002476604594006693
77,LR,0.2122419047619048,0.0004685714285714071,-0.00033142857142857805,7.809523809527042e-05,0.11901904761904762,0.00022095238095240833,0.00012952380952382158
78,LR,0.16397424641498387,0.002050531655448218,0.001156960296556404,-0.00030826260852602873,0.16071407667544627,-0.0011413520632133811,0.0015393620134620577
78,GAM,0.167209052775339,0.00323285533118721,0.003728416739830267,0.00023217247097844673,0.1416622768510389,0.0008116281338406073,0.001346210125841385
78,RF,0.18806945663837663,0.0005853087503657539,0.0008077260755047489,0.001990049751243721,0.10059896595454093,-0.00023607452931427851,-3.902058335778058e-05
79,LR,0.2362472823518291,0.0001928348615180875,0.000977408072596644,0.00010208904433307797,0.0986766234993856,0.002132526703847242,0.0022024766045940034
79,GAM,0.23675583703563663,0.0004858682295112837,0.004393609982039879,-1.8905378580269526e-06,0.08138198317421307,0.0011834766991208978,0.0019359107666131004
79,RF,0.23559126571509598,-1.3233765006137599e-05,0.001565365346441041,0.003488042348048004,0.07631534171471785,0.0027790906512902723,0.0007070611588997245
80,LR,0.24876571428571428,0.0008933333333332927,-0.0012114285714285966,0.0005238095238095042,0.1320742857142857,0.004430476190476167,0.002152380952380932
80,GAM,0.2532742857142858,0.0015276190476190665,-0.0006590476190475835,0.0004171428571429048,0.1199828571428572,0.004539047619047642,0.000984761904761937
80,RF,0.2396914285714285,0.003154285714285625,0.0017657142857142017,0.0012990476190475153,0.12502285714285705,0.0033104761904761124,0.0011409523809523003
81,LR,0.2289303221288515,0.00022233893557419116,2.4509803921539675e-05,-6.127450980393912e-05,0.11071253501400558,-0.0011852240896358746,-0.0021603641456582824
81,GAM,0.2724964985994397,-0.00017156862745101753,0.0003168767507002368,0.0001172969187674333,0.05579306722689073,-0.00119747899159665,-0.0017787114845938556
81,RF,0.2275630252100841,0.0004044117647059564,0.0009698879551821249,0.0004866946778711823,0.06667542016806725,0.0035136554621849436,0.002065826330532259
82,LR,0.23509288797147682,-0.0003677988365547291,0.006029273784950242,0.0019027960217676632,0.09373428410583597,0.0028879714768248886,0.00025145430662410373
82,GAM,0.23958153499718524,-0.00018202289360101708,0.007235879151810882,0.0006230061925314767,0.07811784574967162,0.0021017076374554742,-0.000450365922311835
82,RF,0.25951398010883836,0.0019515856633514383,0.004422968662037852,0.0015406267592418632,0.0572264965284293,0.00599737286545315,-0.0009420153875023818
83,LR,0.18151839339339332,-0.0018918918918919391,0.0006569069069068645,0.0019613363363363036,0.13373498498498496,-0.0013963963963964444,-0.002454954954954984
83,GAM,0.18115990990990993,-0.0002984234234234062,0.007079579579579629,0.0018337087087087521,0.1083558558558559,-0.0013457207207206868,-0.002453078078078033
83,RF,0.21160285285285277,0.0005123873873873008,0.0020739489489488626,-0.0002421171171172065,0.05534909909909905,0.00223911411411404,0.0037424924924924262
84,LR,0.2060460348522971,0.0004957599478147934,0.0015357375827043463,-0.001101481688565824,0.10125430994315537,-0.003839343956760761,0.00031497530519061236
84,GAM,0.2129866741217035,0.0020389525673283025,0.00495946323734974,-0.00011741682974561796,0.08667039418507126,-0.0026800857329233297,0.0007231385704966664
84,RF,0.2339632839437145,-0.00011741682974558909,0.0014090019569471869,0.0015860590811667642,0.06847451309290842,0.002057590159351421,-0.0010418413940918448
85,LR,0.24017995356037147,0.0010565015479875605,0.0004721362229101755,0.0006772445820432904,0.10418343653250772,0.0010661764705881937,-0.0006617647058823928
85,GAM,0.27966718266253876,3.482972136225504e-05,-0.0006888544891640636,0.0002921826625387247,0.055919117647058876,0.00035410216718268606,-0.00047213622291018885
85,RF,0.24259094427244574,0.0005650154798760699,0.0017589009287924883,0.004322755417956557,0.0680669504643962,0.004609133126934886,0.0028637770897832013
86,LR,0.2323043723024958,0.0001482454494276797,-0.0003377744417338868,0.0009645336836179475,0.1275642709701633,-0.0009870519797335131,-0.0007243385250515955
86,GAM,0.23546631638206045,0.0016869956839932533,0.002180521673860014,0.0012535184837680592,0.11481328579470819,-0.0010264589979358284,-0.0007337211484331063
86,RF,0.2196716081816477,0.00427847626196294,0.00069243760555461,0.0035503846875587454,0.10185400638018402,0.007196472133608651,0.003698630136986394
87,LR,0.21254682694995822,0.00029074643556064927,0.0035485975212003872,0.002193644581120271,0.12295219457646084,0.0017537974093748243,-0.0008386916410398571
87,GAM,0.25085639735346194,0.0007007734600689508,0.0025328487559407396,0.0018376665734787,0.08019196719783803,0.002322243966079589,-0.0014723697698257477
87,RF,0.2217239772621378,0.0013214052744386117,0.002499301090299193,0.0009971111732364913,0.10790793029540588,0.007058056099152055,0.003574690150032649
88,LR,0.21507365135108775,5.657984586870723e-05,0.00405814066920303,0.00011315969173738339,0.10074529314213249,0.002965564335186843,0.00019120085845284685
88,GAM,0.21748512340259485,0.000835040483855205,0.008114330309238098,-0.0001892498292849476,0.08440152180275091,0.0023802555848209694,0.00012876792508044411
88,RF,0.20684421032094435,0.0024641498390401773,0.0045712613403571046,0.001556921275973131,0.07088088966930062,0.0023548922056385434,0.0005092186128183141
89,LR,0.1932177681473456,0.0014951245937161373,0.0015474900686168014,0.0003105814373419924,0.12799566630552547,0.002798844348140117,0.0022481040086673796
90,LR,0.26346095238095235,0.0007200000000000073,4.9523809523819296e-05,0.00028952380952384837,0.09371047619047619,0.0038933333333333263,0.0010266666666666668
90,GAM,0.2562571428571428,0.0014819047619047576,0.0016304761904761644,0.00021714285714284244,0.07907428571428568,0.0030780952380952244,0.00019238095238092168
90,RF,0.24055047619047618,0.0025257142857142935,0.0012628571428571545,0.0005561904761904879,0.07838285714285714,0.0036742857142857146,-0.0003599999999999981
91,LR,0.17467791563275434,-0.000266004962779145,-8.734491315136372e-05,1.3895781637702776e-05,0.15851910669975186,0.0022153846153846234,0.001395533498759316
91,GAM,0.17876327543424309,0.00012109181141437331,0.0020347394540942785,-3.176178660051488e-05,0.1474163771712159,0.0022967741935483745,0.0008357320099255317
91,RF,0.20003771712158794,-0.00042084367245672996,0.0021776674937963735,0.0005856079404464909,0.1038789081885855,0.004061538461538343,-8.138957816391291e-05
92,LR,0.2564784172661872,4.496402877704142e-05,0.001732014388489307,0.0005701438848921714,0.10082553956834542,0.00019424460431665568,-0.0004946043165466562
92,GAM,0.2582194244604318,0.000564748201438936,0.0018039568345324653,-0.0005521582733811981,0.08533992805755403,4.4964028777070284e-05,-0.0006115107913668005
92,RF,0.23311870503597126,0.0003561151079137259,0.0019658273381295667,0.00033273381294968374,0.1006241007194245,0.0036007194244604855,0.003359712230215883
93,LR,0.26577323717948703,9.41506410255366e-05,0.0019871794871793736,-7.211538461544986e-05,0.09290464743589735,0.0019511217948716953,0.0011778846153845234
93,GAM,0.2702103365384615,0.000751201923076903,0.004078525641025605,-0.0002123397435897667,0.08635616987179484,0.0012059294871794536,0.000679086538461533
93,RF,0.24390224358974366,0.0007692307692308464,0.0029847756410257076,-0.0002483974358973806,0.08445312500000003,0.0038902243589744056,5.408653846162181e-05
94,LR,0.16594782282282278,0.0012987987987987148,0.0009027777777777124,0.000606231231231158,0.13013513513513505,0.0002458708708707924,-0.00045983483483490905
94,GAM,0.1686805555555555,0.0033783783783783083,0.003297672672672609,0.0005142642642641926,0.11595345345345338,0.0005949699699698874,-0.0010472972972973738
94,RF,0.1733821321321322,0.0014977477477478285,0.003355855855855934,0.001957582582582664,0.11211336336336349,0.0013888888888889794,0.000514264264264368
95,LR,0.22241379310344844,0.0014725069897484878,0.001463187325256412,0.0002870456663561116,0.11979869524697122,0.002551724137931173,-0.00035973904939410993
95,GAM,0.2260540540540541,0.0018564771668220415,0.00294128611369995,0.0001248835041938734,0.10683876980428708,0.0024398881640261315,-0.000566635601118286
95,RF,0.23262255358807085,0.001220876048462276,0.0005368126747437318,0.000272134203168688,0.07310531220876051,0.0020764212488350786,0.00026281453867661676
96,LR,0.19183798829062282,0.0002073135617620636,0.0022996448795468915,1.5356560130455056e-05,0.13040023034840187,0.006772243017563979,0.001979076686822081
96,GAM,0.1882848641904214,0.0005912275650255094,0.0058201362894712075,-0.0005854688549764187,0.11554659756214615,0.005219310874364182,0.0010154525386313895
96,RF,0.219932815049429,0.003351569248488435,0.0005566753047318396,0.002297725309530767,0.0857088012285249,0.008183126979556667,0.005035032152797867
97,LR,0.2257926079969751,-0.0013498440306267856,0.0005388032895358053,-0.0001833821722280926,0.10065790717459111,0.001518101899990487,-0.0008507420361093532
97,GAM,0.22635031666509126,0.00011154173362324604,0.004922960582285689,6.805936288881487e-05,0.08479251347008228,0.0021268550902732186,-2.835806787029771e-05
97,RF,0.21711314869080262,-0.0008715379525474498,0.0029378958313640833,-0.0007675583703563049,0.07329993383117502,0.0033557046979866166,-0.0012004915398430493
98,LR,0.22514728986645716,-0.00017478397486251574,0.00027690494893950257,-0.00013354281225449682,0.11922623723487825,-0.0016005498821681163,0.001005498821681079
98,GAM,0.22381775333857032,0.0012725844461901215,0.002517674783974877,6.087981146897015e-05,0.10543205027494111,-0.001292223095051055,0.0016025137470542128
98,RF,0.21316575019638648,0.003686174391201893,0.00125687352710135,0.0012686567164179063,0.08881186174391205,0.0017674783974862684,0.0023900235663786005
99,LR,0.22322574712643664,0.0004744827586206024,0.0008754022988504717,0.00015632183908042218,0.13527540229885046,0.003097011494252764,0.0009379310344826641
99,GAM,0.22368183908045983,0.0006032183908046606,0.0019917241379310948,1.8390804597741005e-05,0.12337471264367819,0.0021590804597701684,-0.0006804597701148763
99,RF,0.22546206896551724,0.00023540229885058662,0.0018942528735632202,0.0034354022988505807,0.08406804597701152,0.008761379310344835,0.001568735632183913
