run_id,model,n,auc,ap,brier,f1,bacc,recall,precision,pofd,hk,tp,tn,fp,fn
0,LR,1097,0.9374999999999999,0.9152532451705847,0.06857937211278049,0.8455284552845529,0.8836693548387097,0.8125,0.8813559322033898,0.04516129032258064,0.7673387096774194,52,148,7,12
0,GAM,1097,0.9460685483870968,0.9189343602205737,0.06767196215509776,0.8548387096774193,0.8914818548387097,0.828125,0.8833333333333333,0.04516129032258064,0.7829637096774194,53,148,7,11
0,RF,1097,0.9464717741935484,0.9248202036528761,0.06740766023343714,0.8403361344537814,0.8744959677419355,0.78125,0.9090909090909091,0.03225806451612903,0.748991935483871,50,150,5,14
1,LR,1097,0.9616935483870968,0.9260229146113466,0.06916939628149157,0.859375,0.9006552419354839,0.859375,0.859375,0.05806451612903226,0.8013104838709677,55,146,9,9
1,GAM,1097,0.9648185483870968,0.9301380214940712,0.06698335180039132,0.8461538461538461,0.8942036290322581,0.859375,0.8333333333333334,0.07096774193548387,0.7884072580645162,55,144,11,9
1,RF,1097,0.9762096774193548,0.9535902661397564,0.05726378651625531,0.88,0.9103326612903226,0.859375,0.9016393442622951,0.03870967741935484,0.8206653225806452,55,149,6,9
2,LR,1098,0.939629522986851,0.9078605773428345,0.07463658728382251,0.8636363636363636,0.8931759285919953,0.8260869565217391,0.9047619047619048,0.039735099337748346,0.7863518571839908,57,145,6,12
2,GAM,1098,0.949035416066801,0.9178859418016717,0.07192563842619674,0.8636363636363636,0.8931759285919953,0.8260869565217391,0.9047619047619048,0.039735099337748346,0.7863518571839908,57,145,6,12
2,RF,1098,0.9552740186198292,0.9227837619051247,0.07449596329074276,0.8124999999999999,0.8536327862558787,0.7536231884057971,0.8813559322033898,0.046357615894039736,0.7072655725117574,52,144,7,17
3,LR,1097,0.9619604316546763,0.9065247602656704,0.07117921881580218,0.8717948717948718,0.8962230215827338,0.85,0.8947368421052632,0.05755395683453238,0.7924460431654676,68,131,8,12
3,GAM,1097,0.964568345323741,0.9094363431478493,0.06916954914224467,0.8717948717948718,0.8962230215827338,0.85,0.8947368421052632,0.05755395683453238,0.7924460431654676,68,131,8,12
3,RF,1097,0.9775179856115108,0.9601998462879267,0.06302752838320638,0.9032258064516129,0.9195143884892086,0.875,0.9333333333333333,0.03597122302158273,0.8390287769784173,70,134,5,10
4,LR,1097,0.9626892573900505,0.9409446444483324,0.0683773271989053,0.8794326241134751,0.8976207642393655,0.8157894736842105,0.9538461538461539,0.02054794520547945,0.7952415284787311,62,143,3,14
4,GAM,1097,0.9636806056236482,0.9419248844257199,0.06803161873514584,0.8811188811188811,0.90077505407354,0.8289473684210527,0.9402985074626866,0.0273972602739726,0.80155010814708,63,142,4,13
4,RF,1097,0.9699891852919973,0.9449323795942876,0.07254977227974564,0.8489208633093525,0.8744592645998558,0.7763157894736842,0.9365079365079365,0.0273972602739726,0.7489185291997116,59,142,4,17
5,LR,1094,0.9409973353635326,0.8456272895066598,0.07919852675530191,0.821917808219178,0.87185953559193,0.8450704225352113,0.8,0.10135135135135136,0.7437190711838599,60,133,15,11
5,GAM,1094,0.9456604491815759,0.8556763514782856,0.0744770372066642,0.8551724137931033,0.8960791777693187,0.8732394366197183,0.8378378378378378,0.08108108108108109,0.7921583555386371,62,136,12,9
5,RF,1094,0.9547963456414161,0.9246126557581862,0.07056633087584145,0.8260869565217391,0.8676246669204416,0.8028169014084507,0.8507462686567164,0.06756756756756757,0.7352493338408832,57,138,10,14
6,LR,1095,0.962938637643085,0.9514272501229761,0.06482269313519172,0.8823529411764706,0.9006849315068493,0.821917808219178,0.9523809523809523,0.02054794520547945,0.8013698630136986,60,143,3,13
6,GAM,1095,0.9661287295927942,0.9532794153567092,0.06319918803589579,0.874074074074074,0.8938356164383562,0.8082191780821918,0.9516129032258065,0.02054794520547945,0.7876712328767124,59,143,3,14
6,RF,1095,0.970069431413023,0.9617082659229083,0.06337112178035247,0.8888888888888888,0.9041095890410958,0.821917808219178,0.967741935483871,0.0136986301369863,0.8082191780821917,60,144,2,13
7,LR,1097,0.9722122302158274,0.9665123700459929,0.05444700947016591,0.8903225806451613,0.9096672661870504,0.8625,0.92,0.04316546762589928,0.8193345323741008,69,133,6,11
7,GAM,1097,0.9738309352517985,0.9671459003720353,0.05374524871008099,0.8974358974358975,0.9159172661870504,0.875,0.9210526315789473,0.04316546762589928,0.8318345323741008,70,133,6,10
7,RF,1097,0.9689748201438849,0.9605243546774559,0.06206460115486932,0.9078947368421054,0.9204586330935252,0.8625,0.9583333333333334,0.02158273381294964,0.8409172661870504,69,136,3,11
8,LR,1097,0.9625922555858861,0.9302656662461372,0.06507421084412825,0.859375,0.9046608027499747,0.873015873015873,0.8461538461538461,0.06369426751592357,0.8093216054999495,55,147,10,8
8,GAM,1097,0.9600647052876352,0.9123733511820118,0.06589904008054477,0.859375,0.9046608027499747,0.873015873015873,0.8461538461538461,0.06369426751592357,0.8093216054999495,55,147,10,8
8,RF,1097,0.9608735213830755,0.9429966210819969,0.060490155920456395,0.894308943089431,0.9205843696289556,0.873015873015873,0.9166666666666666,0.03184713375796178,0.8411687392579112,55,152,5,8
9,LR,1098,0.9343460799720621,0.9071584111115201,0.08854622472442861,0.8553459119496855,0.8806530469704906,0.8192771084337349,0.8947368421052632,0.057971014492753624,0.7613060939409813,68,130,8,15
9,GAM,1098,0.9404574821023224,0.9170624171279519,0.0860361947913138,0.8481012658227848,0.8746289505849485,0.8072289156626506,0.8933333333333333,0.057971014492753624,0.749257901169897,67,130,8,16
9,RF,1098,0.9548629299807927,0.9250081298264826,0.0781199594054414,0.8535031847133757,0.8782521389907456,0.8072289156626506,0.9054054054054054,0.050724637681159424,0.7565042779814912,67,131,7,16
10,LR,1097,0.9555452003727867,0.942737381373787,0.06771316875601076,0.8776978417266187,0.8983690587138863,0.8243243243243243,0.9384615384615385,0.027586206896551724,0.7967381174277726,61,141,4,13
10,GAM,1097,0.9632805219012116,0.9505532371067479,0.06308257971163839,0.8794326241134752,0.9016775396085741,0.8378378378378378,0.9253731343283582,0.034482758620689655,0.8033550792171482,62,140,5,12
10,RF,1097,0.9625349487418453,0.9421105889727497,0.07046960336658448,0.8489208633093526,0.8779589934762349,0.7972972972972973,0.9076923076923077,0.041379310344827586,0.7559179869524697,59,139,6,15
11,LR,1095,0.958344827586207,0.9048760577222918,0.0749649516286162,0.8493150684931506,0.8822988505747127,0.8266666666666667,0.8732394366197183,0.06206896551724138,0.7645977011494253,62,136,9,13
11,GAM,1095,0.9610114942528736,0.9083528543374165,0.07277520806999188,0.8413793103448276,0.875632183908046,0.8133333333333334,0.8714285714285714,0.06206896551724138,0.751264367816092,61,136,9,14
11,RF,1095,0.9700229885057471,0.9405432898264583,0.07023550351137933,0.8450704225352113,0.8758620689655172,0.8,0.8955223880597015,0.04827586206896552,0.7517241379310345,60,138,7,15
12,LR,1098,0.9601577909270218,0.9128681494649459,0.06326488242008162,0.8740740740740741,0.9185897435897437,0.9076923076923077,0.8428571428571429,0.07051282051282051,0.8371794871794872,59,145,11,6
12,GAM,1098,0.9651873767258383,0.9214590002502598,0.059645821404417126,0.9037037037037037,0.9403846153846154,0.9384615384615385,0.8714285714285714,0.057692307692307696,0.8807692307692307,61,147,9,4
12,RF,1098,0.9759368836291913,0.9400080985166581,0.05836018517193433,0.8854961832061069,0.9205128205128206,0.8923076923076924,0.8787878787878788,0.05128205128205128,0.841025641025641,58,148,8,7
13,LR,1095,0.9642137096774194,0.9259097258806671,0.06087169791929173,0.8387096774193549,0.8804435483870967,0.8125,0.8666666666666667,0.05161290322580645,0.7608870967741935,52,147,8,12
13,GAM,1095,0.9677419354838709,0.9335258961211805,0.057854747271172666,0.8888888888888888,0.9181451612903226,0.875,0.9032258064516129,0.03870967741935484,0.8362903225806452,56,149,6,8
13,RF,1095,0.9684475806451613,0.9545689350115057,0.05285145252447343,0.8780487804878049,0.9057459677419355,0.84375,0.9152542372881356,0.03225806451612903,0.811491935483871,54,150,5,10
14,LR,1096,0.9251071289442929,0.8725627154414222,0.10249904293899247,0.75,0.8187086092715232,0.75,0.75,0.11258278145695365,0.6374172185430463,51,134,17,17
14,GAM,1096,0.9327035449941565,0.8811353417897575,0.09852099929835104,0.7647058823529412,0.8293728087261394,0.7647058823529411,0.7647058823529411,0.10596026490066225,0.6587456174522789,52,135,16,16
14,RF,1096,0.9311453058044411,0.876196443932551,0.09045243354373284,0.7903225806451613,0.837115309700039,0.7205882352941176,0.875,0.046357615894039736,0.6742306194000779,49,144,7,19
15,LR,1098,0.9804329331694867,0.9612012893193467,0.051975414911200335,0.8920863309352517,0.9164854901219397,0.8732394366197183,0.9117647058823529,0.040268456375838924,0.8329709802438794,62,143,6,9
15,GAM,1098,0.981378202098497,0.9618759005669739,0.05537933602401779,0.8840579710144928,0.9094432366008129,0.8591549295774648,0.9104477611940298,0.040268456375838924,0.8188864732016259,61,143,6,10
15,RF,1098,0.9767463843463465,0.9499459441486185,0.055101552747251425,0.906474820143885,0.9268834483410531,0.8873239436619719,0.9264705882352942,0.03355704697986577,0.8537668966821061,63,144,5,8
16,LR,1097,0.9434129089301503,0.9146288627308417,0.08120319615882156,0.8441558441558442,0.878735632183908,0.8333333333333334,0.8552631578947368,0.07586206896551724,0.7574712643678161,65,134,11,13
16,GAM,1097,0.9492484526967286,0.923029609610463,0.07818882167593742,0.8662420382165605,0.8979664014146773,0.8717948717948718,0.8607594936708861,0.07586206896551724,0.7959328028293545,68,134,11,10
16,RF,1097,0.9626878868258177,0.9310379078072696,0.0785600154612315,0.8356164383561644,0.8668877099911583,0.782051282051282,0.8970588235294118,0.04827586206896552,0.7337754199823165,61,138,7,17
17,LR,1098,0.9489814814814814,0.9251407321906718,0.07700832931325322,0.8472222222222223,0.8788888888888888,0.8133333333333334,0.8840579710144928,0.05555555555555555,0.7577777777777778,61,136,8,14
17,GAM,1098,0.9506481481481482,0.930041478798521,0.07480957422674546,0.8531468531468531,0.8823611111111112,0.8133333333333334,0.8970588235294118,0.04861111111111111,0.7647222222222222,61,137,7,14
17,RF,1098,0.950462962962963,0.9351232907640963,0.07337639261349513,0.8783783783783784,0.9055555555555556,0.8666666666666667,0.8904109589041096,0.05555555555555555,0.8111111111111111,65,136,8,10
18,LR,1094,0.9597485456933759,0.9373935942130432,0.07354749800206802,0.8358208955223879,0.8664383561643836,0.7671232876712328,0.9180327868852459,0.03424657534246575,0.732876712328767,56,141,5,17
18,GAM,1094,0.9598423719271909,0.9330228256341292,0.07762587618583681,0.803030303030303,0.8424657534246576,0.726027397260274,0.8983050847457628,0.0410958904109589,0.6849315068493151,53,140,6,20
18,RF,1094,0.9696941264777632,0.9434366927171121,0.0720850336404559,0.8613138686131386,0.886986301369863,0.8082191780821918,0.921875,0.03424657534246575,0.773972602739726,59,141,5,14
19,LR,1097,0.9567847039313238,0.9100395156007326,0.0810575411138502,0.8194444444444445,0.8814749780509219,0.8805970149253731,0.7662337662337663,0.11764705882352941,0.7629499561018437,59,135,18,8
19,GAM,1097,0.9606867622670959,0.9175030608676273,0.07940851679748603,0.8111888111888113,0.8740122914837576,0.8656716417910447,0.7631578947368421,0.11764705882352941,0.7480245829675153,58,135,18,9
19,RF,1097,0.9620524826846162,0.9199189669824862,0.07540130556904998,0.8251748251748251,0.884742951907131,0.8805970149253731,0.7763157894736842,0.1111111111111111,0.7694859038142621,59,136,17,8
20,LR,1097,0.9558767951625095,0.9155279367039503,0.07150923514679693,0.8450704225352113,0.8826530612244898,0.8333333333333334,0.8571428571428571,0.06802721088435375,0.7653061224489797,60,137,10,12
20,GAM,1097,0.9618291761148903,0.9189468094610368,0.06951803438699958,0.8873239436619719,0.9136904761904762,0.875,0.9,0.047619047619047616,0.8273809523809523,63,140,7,9
20,RF,1097,0.971655328798186,0.9477598983995061,0.06493369977692401,0.8633093525179857,0.8928571428571428,0.8333333333333334,0.8955223880597015,0.047619047619047616,0.7857142857142858,60,140,7,12
21,LR,1097,0.9617346938775511,0.9167630808633676,0.07334881819895009,0.8472222222222222,0.8861961451247166,0.8472222222222222,0.8472222222222222,0.07482993197278912,0.7723922902494331,61,136,11,11
21,GAM,1097,0.9639077853363568,0.9245981720320159,0.06929526499229462,0.8611111111111112,0.8965419501133787,0.8611111111111112,0.8611111111111112,0.06802721088435375,0.7930839002267575,62,137,10,10
21,RF,1097,0.9700491307634165,0.9383257817721797,0.06915128207379898,0.8378378378378377,0.8829365079365079,0.8611111111111112,0.8157894736842105,0.09523809523809523,0.7658730158730159,62,133,14,10
22,LR,1096,0.9648915187376726,0.8929467317588549,0.05301137924453957,0.887218045112782,0.925,0.9076923076923077,0.8676470588235294,0.057692307692307696,0.85,59,147,9,6
22,GAM,1096,0.9665680473372782,0.9067090020245805,0.05084541939272346,0.8992248062015504,0.926923076923077,0.8923076923076924,0.90625,0.038461538461538464,0.8538461538461539,58,150,6,7
22,RF,1096,0.9708086785009863,0.9574094461760304,0.049288643956758894,0.8939393939393939,0.9282051282051282,0.9076923076923077,0.8805970149253731,0.05128205128205128,0.8564102564102564,59,148,8,6
23,LR,1098,0.9289457323030464,0.8976146304685194,0.09303996041218021,0.8387096774193549,0.8688604671818101,0.8024691358024691,0.8783783783783784,0.06474820143884892,0.7377209343636202,65,130,9,16
23,GAM,1098,0.9368505195843325,0.9102136258392818,0.09081146724250809,0.8333333333333334,0.8652633448796518,0.8024691358024691,0.8666666666666667,0.07194244604316546,0.7305266897593037,65,129,10,16
23,RF,1098,0.9465316635580423,0.9129697449338227,0.08308436832350038,0.8609271523178809,0.8832489563904432,0.8024691358024691,0.9285714285714286,0.03597122302158273,0.7664979127808864,65,134,5,16
24,LR,1096,0.9433293978748524,0.9142579916591331,0.08404154115050762,0.8378378378378378,0.8711288711288712,0.8051948051948052,0.8732394366197183,0.06293706293706294,0.7422577422577423,62,134,9,15
24,GAM,1096,0.9500499500499501,0.9245440430200729,0.07821998521002607,0.8366013071895425,0.8736263736263736,0.8311688311688312,0.8421052631578947,0.08391608391608392,0.7472527472527473,64,131,12,13
24,RF,1096,0.9570429570429572,0.9419900606347057,0.07267945631812231,0.8689655172413794,0.8916083916083917,0.8181818181818182,0.9264705882352942,0.03496503496503497,0.7832167832167832,63,138,5,14
25,LR,1095,0.9545795795795796,0.941461287808883,0.06737725498607357,0.8413793103448277,0.8830705705705706,0.8472222222222222,0.8356164383561644,0.08108108108108109,0.7661411411411412,61,136,12,11
25,GAM,1095,0.9572072072072072,0.9419036068636275,0.06580467895200764,0.8707482993197277,0.9072822822822822,0.8888888888888888,0.8533333333333334,0.07432432432432433,0.8145645645645645,64,137,11,8
25,RF,1095,0.9556118618618619,0.9401178850196203,0.06462484459021094,0.8873239436619719,0.9138513513513513,0.875,0.9,0.0472972972972973,0.8277027027027027,63,141,7,9
26,LR,1097,0.9564761904761905,0.9128760847128508,0.07671672476354809,0.8435374149659864,0.8928571428571428,0.8857142857142857,0.8051948051948052,0.1,0.7857142857142857,62,135,15,8
26,GAM,1097,0.9551428571428572,0.907710852910111,0.078417022386809,0.8531468531468531,0.8957142857142857,0.8714285714285714,0.8356164383561644,0.08,0.7914285714285715,61,138,12,9
26,RF,1097,0.9580000000000001,0.9063230033625017,0.07445072618597702,0.875,0.9133333333333333,0.9,0.8513513513513513,0.07333333333333333,0.8266666666666667,63,139,11,7
27,LR,1095,0.9731593662628145,0.9540291959920548,0.0622284791278826,0.8741721854304636,0.9080149114631872,0.8918918918918919,0.8571428571428571,0.07586206896551724,0.8160298229263746,66,134,11,8
27,GAM,1095,0.9791239515377447,0.966312130843152,0.05621096104824987,0.88,0.9114631873252563,0.8918918918918919,0.868421052631579,0.06896551724137931,0.8229263746505125,66,135,10,8
27,RF,1095,0.9871388630009319,0.9727651762488405,0.052188038936993586,0.9178082191780821,0.9354613233923579,0.9054054054054054,0.9305555555555556,0.034482758620689655,0.8709226467847158,67,140,5,7
28,LR,1095,0.9277436347673398,0.9043243478058041,0.10081608332447516,0.8074534161490684,0.8413081650570675,0.7647058823529411,0.8552631578947368,0.08208955223880597,0.6826163301141351,65,123,11,20
28,GAM,1095,0.9379280070237049,0.9101097823181927,0.09882504889588692,0.825,0.8546532045654083,0.7764705882352941,0.88,0.06716417910447761,0.7093064091308166,66,125,9,19
28,RF,1095,0.9479367866549605,0.9364370115060744,0.08569420999277315,0.8333333333333333,0.8599648814749781,0.7647058823529411,0.9154929577464789,0.04477611940298507,0.719929762949956,65,128,6,20
29,LR,1097,0.9296190476190477,0.8623753973217653,0.0848397624346837,0.8,0.8447619047619048,0.7428571428571429,0.8666666666666667,0.05333333333333334,0.6895238095238095,52,142,8,18
29,GAM,1097,0.9378095238095239,0.8799067170707953,0.08049433732003804,0.8,0.8447619047619048,0.7428571428571429,0.8666666666666667,0.05333333333333334,0.6895238095238095,52,142,8,18
29,RF,1097,0.9526666666666667,0.9279908496524331,0.07303228139069282,0.8592592592592593,0.8909523809523809,0.8285714285714286,0.8923076923076924,0.04666666666666667,0.781904761904762,58,143,7,12
30,LR,1097,0.9442640692640693,0.8800651003110116,0.08300964620305928,0.8137931034482758,0.8518668831168832,0.7662337662337663,0.8676470588235294,0.0625,0.7037337662337663,59,135,9,18
30,GAM,1097,0.9456168831168831,0.8790625812312088,0.08139965598357936,0.821917808219178,0.8583603896103896,0.7792207792207793,0.8695652173913043,0.0625,0.7167207792207793,60,135,9,17
30,RF,1097,0.9579725829725829,0.9400623761336628,0.06991205567336332,0.8552631578947368,0.8873556998556998,0.8441558441558441,0.8666666666666667,0.06944444444444445,0.7747113997113997,65,134,10,12
31,LR,1097,0.9748148148148148,0.9346900103113869,0.055382253085815264,0.9066666666666666,0.9290277777777778,0.9066666666666666,0.9066666666666666,0.04861111111111111,0.8580555555555555,68,137,7,7
31,GAM,1097,0.9787962962962962,0.949920878580935,0.053285856562579954,0.9066666666666666,0.9290277777777778,0.9066666666666666,0.9066666666666666,0.04861111111111111,0.8580555555555555,68,137,7,7
31,RF,1097,0.9822222222222222,0.973958968368892,0.052863109817656156,0.912751677852349,0.9325,0.9066666666666666,0.918918918918919,0.041666666666666664,0.865,68,138,6,7
32,LR,1094,0.9488088743407892,0.9167040273746286,0.07584342570543522,0.8589743589743589,0.8904800872885978,0.8589743589743589,0.8589743589743589,0.07801418439716312,0.7809601745771958,67,130,11,11
32,GAM,1094,0.9544462629569013,0.9227483854027941,0.06979802167694729,0.8888888888888887,0.9110747408619749,0.8717948717948718,0.9066666666666666,0.04964539007092199,0.8221494817239499,68,134,7,10
32,RF,1094,0.9607201309328969,0.9280078477530954,0.0725495001688058,0.8666666666666667,0.8918439716312057,0.8333333333333334,0.9027777777777778,0.04964539007092199,0.7836879432624114,65,134,7,13
33,LR,1097,0.9581481481481481,0.9251811933640364,0.06974958274524441,0.8671328671328671,0.8925000000000001,0.8266666666666667,0.9117647058823529,0.041666666666666664,0.785,62,138,6,13
33,GAM,1097,0.9672222222222222,0.9316349223708322,0.06474869495342724,0.888888888888889,0.9093055555555556,0.8533333333333334,0.927536231884058,0.034722222222222224,0.8186111111111112,64,139,5,11
33,RF,1097,0.9681481481481482,0.9445770025092397,0.06440746755878876,0.8450704225352113,0.8756944444444444,0.8,0.8955223880597015,0.04861111111111111,0.7513888888888889,60,137,7,15
34,LR,1096,0.9498591549295774,0.9197268885846502,0.07671338654623479,0.8345323741007195,0.8751173708920188,0.8169014084507042,0.8529411764705882,0.06666666666666667,0.7502347417840376,58,140,10,13
34,GAM,1096,0.952018779342723,0.9203503652477883,0.07431865015769518,0.8405797101449274,0.8784507042253521,0.8169014084507042,0.8656716417910447,0.06,0.7569014084507042,58,141,9,13
34,RF,1096,0.96,0.8957275632702059,0.07687094543739209,0.8270676691729323,0.8639906103286386,0.7746478873239436,0.8870967741935484,0.04666666666666667,0.727981220657277,55,143,7,16
35,LR,1097,0.9396085740913327,0.8650053847594616,0.0879839334038367,0.8082191780821918,0.8538210624417522,0.7972972972972973,0.8194444444444444,0.0896551724137931,0.7076421248835042,59,132,13,15
35,GAM,1097,0.9456663560111837,0.8767355597616221,0.08410451259699135,0.8609271523178808,0.8978098788443616,0.8783783783783784,0.8441558441558441,0.08275862068965517,0.7956197576887232,65,133,12,9
35,RF,1097,0.9507921714818266,0.9235481987349999,0.07486742834216328,0.8767123287671232,0.9048462255358807,0.8648648648648649,0.8888888888888888,0.05517241379310345,0.8096924510717615,64,137,8,10
36,LR,1098,0.9618858560794045,0.9316854527856692,0.05869707860937205,0.8503937007874016,0.8895781637717122,0.8307692307692308,0.8709677419354839,0.05161290322580645,0.7791563275434243,54,147,8,11
36,GAM,1098,0.9660545905707196,0.9332940365425123,0.06013896705170418,0.870967741935484,0.899255583126551,0.8307692307692308,0.9152542372881356,0.03225806451612903,0.7985111662531018,54,150,5,11
36,RF,1098,0.9649627791563277,0.9302527521670191,0.057324223820762764,0.8870967741935484,0.9101736972704715,0.8461538461538461,0.9322033898305084,0.025806451612903226,0.820347394540943,55,151,4,10
37,LR,1098,0.9302094618996027,0.8943732959900835,0.0978609949934909,0.7901234567901233,0.8398338750451426,0.8205128205128205,0.7619047619047619,0.14084507042253522,0.6796677500902852,64,122,20,14
37,GAM,1098,0.9352654387865655,0.9016969089636518,0.09503783218073623,0.8152866242038216,0.8574395088479596,0.8205128205128205,0.810126582278481,0.1056338028169014,0.7148790176959191,64,127,15,14
37,RF,1098,0.9420368364030336,0.9079091048352631,0.08574987068770273,0.8129032258064518,0.8545503791982665,0.8076923076923077,0.8181818181818182,0.09859154929577464,0.7091007583965331,63,128,14,15
38,LR,1095,0.9489349285088999,0.8991100604601762,0.07319206435000936,0.838235294117647,0.8794864312810038,0.8260869565217391,0.8507462686567164,0.06711409395973154,0.7589728625620076,57,139,10,12
38,GAM,1095,0.95409006905943,0.9102828353195372,0.0707541028084677,0.8695652173913043,0.9045812664137729,0.8695652173913043,0.8695652173913043,0.06040268456375839,0.8091625328275459,60,140,9,9
38,RF,1095,0.9587588755957591,0.9280925230671007,0.06919834170283283,0.8721804511278196,0.9001556268845443,0.8405797101449275,0.90625,0.040268456375838924,0.8003112537690886,58,143,6,11
39,LR,1097,0.9472782984859409,0.9094331515593349,0.07400015910176241,0.8689655172413793,0.8939257390050468,0.8289473684210527,0.9130434782608695,0.0410958904109589,0.7878514780100938,63,140,6,13
39,GAM,1097,0.9528658976207641,0.9126669020301156,0.07121137368833586,0.8783783783783783,0.9036589762076424,0.8552631578947368,0.9027777777777778,0.04794520547945205,0.8073179524152848,65,139,7,11
39,RF,1097,0.9544881038211969,0.922640473513338,0.07518603521722156,0.8904109589041096,0.9105082912761355,0.8552631578947368,0.9285714285714286,0.03424657534246575,0.8210165825522711,65,141,5,11
40,LR,1097,0.9393333938788484,0.9069860398415007,0.09079974421384011,0.8289473684210527,0.8671328671328671,0.8181818181818182,0.84,0.08391608391608392,0.7342657342657343,63,131,12,14
40,GAM,1097,0.936063936063936,0.885491038352707,0.09272149297073402,0.8181818181818182,0.8601398601398602,0.8181818181818182,0.8181818181818182,0.0979020979020979,0.7202797202797203,63,129,14,14
40,RF,1097,0.9531377713195894,0.9400263125517963,0.0761407902715755,0.8589743589743589,0.8931068931068931,0.8701298701298701,0.8481012658227848,0.08391608391608392,0.7862137862137861,67,131,12,10
41,LR,1096,0.9348131251096684,0.9132869428020968,0.08367663037873993,0.857142857142857,0.8847604842954904,0.8414634146341463,0.8734177215189873,0.07194244604316546,0.7695209685909808,69,129,10,13
41,GAM,1096,0.9426215125460606,0.922833295887431,0.0822440140615299,0.8641975308641976,0.8908580452711001,0.8536585365853658,0.875,0.07194244604316546,0.7817160905422004,70,129,10,12
41,RF,1096,0.9530619406913493,0.9384479676857942,0.07890745089355038,0.860759493670886,0.8858571679241972,0.8292682926829268,0.8947368421052632,0.05755395683453238,0.7717143358483944,68,131,8,14
42,LR,1097,0.9441994247363376,0.8836342268555024,0.07462413987996468,0.8633093525179856,0.8983700862895494,0.8571428571428571,0.8695652173913043,0.06040268456375839,0.7967401725790987,60,140,9,10
42,GAM,1097,0.9480345158197507,0.8984354650299109,0.07278455832010783,0.8571428571428571,0.8950143815915628,0.8571428571428571,0.8571428571428571,0.06711409395973154,0.7900287631831255,60,139,10,10
42,RF,1097,0.9579098753595398,0.9428081553835395,0.06895535301458607,0.8484848484848486,0.8798657718120806,0.8,0.9032258064516129,0.040268456375838924,0.7597315436241612,56,143,6,14
43,LR,1096,0.9594356261022927,0.9514829263257862,0.06916015410193453,0.8928571428571429,0.9130952380952382,0.8928571428571429,0.8928571428571429,0.06666666666666667,0.8261904761904763,75,126,9,9
43,GAM,1096,0.9630511463844798,0.953421591927493,0.06795262499815939,0.9047619047619048,0.9227513227513228,0.9047619047619048,0.9047619047619048,0.05925925925925926,0.8455026455026455,76,127,8,8
43,RF,1096,0.9649029982363316,0.9577342154202055,0.06258137136582081,0.9156626506024096,0.9301587301587302,0.9047619047619048,0.926829268292683,0.044444444444444446,0.8603174603174604,76,129,6,8
44,LR,1098,0.988191089640365,0.9806138448717867,0.04905473286765335,0.8961038961038961,0.9114331723027376,0.8518518518518519,0.9452054794520548,0.028985507246376812,0.822866344605475,69,134,4,12
44,GAM,1098,0.9865807836822329,0.9773424625865054,0.04909941060021551,0.8903225806451613,0.9078099838969405,0.8518518518518519,0.9324324324324325,0.036231884057971016,0.8156199677938808,69,133,5,12
44,RF,1098,0.9882805510824835,0.980253088551571,0.05580515597108085,0.9090909090909091,0.9212292002147074,0.8641975308641975,0.958904109589041,0.021739130434782608,0.8424584004294149,70,135,3,11
45,LR,1096,0.9496153124413587,0.9160643100551286,0.0738802280258764,0.8531468531468531,0.886986301369863,0.8356164383561644,0.8714285714285714,0.06164383561643835,0.773972602739726,61,137,9,12
45,GAM,1096,0.9449240007506099,0.9005971317129754,0.07938057298478104,0.8472222222222222,0.8835616438356164,0.8356164383561644,0.8591549295774648,0.0684931506849315,0.7671232876712328,61,136,10,12
45,RF,1096,0.9433289547757553,0.9143917954096826,0.08181504768957423,0.8368794326241135,0.8732876712328768,0.8082191780821918,0.8676470588235294,0.06164383561643835,0.7465753424657534,59,137,9,14
46,LR,1098,0.9548148148148148,0.9106936443374711,0.07321598117701761,0.87248322147651,0.9020833333333333,0.8666666666666667,0.8783783783783784,0.0625,0.8041666666666667,65,135,9,10
46,GAM,1098,0.9567592592592593,0.9180917379610719,0.07279241669162918,0.88,0.90875,0.88,0.88,0.0625,0.8175,66,135,9,9
46,RF,1098,0.9743518518518518,0.9469584801202143,0.06382260396520566,0.8843537414965987,0.9090277777777778,0.8666666666666667,0.9027777777777778,0.04861111111111111,0.8180555555555555,65,137,7,10
47,LR,1097,0.9340014445648248,0.8692755022033245,0.09252147064392915,0.8484848484848485,0.8888587937883713,0.8974358974358975,0.8045977011494253,0.11971830985915492,0.7777175875767426,70,125,17,8
47,GAM,1097,0.9384254243409174,0.8816395294816819,0.09036431716880065,0.8433734939759037,0.8853376670278079,0.8974358974358975,0.7954545454545454,0.1267605633802817,0.7706753340556158,70,124,18,8
47,RF,1097,0.9414048392921633,0.9016755776782198,0.08926413779193858,0.8387096774193548,0.8744131455399061,0.8333333333333334,0.8441558441558441,0.08450704225352113,0.7488262910798122,65,130,12,13
48,LR,1097,0.9719529976841924,0.9677257247898359,0.05626931161633141,0.9058823529411766,0.9173170940904023,0.8651685393258427,0.9506172839506173,0.030534351145038167,0.8346341881808045,77,127,4,12
48,GAM,1097,0.974011493267004,0.9682737345180537,0.054955539776243394,0.9005847953216373,0.9135003001972726,0.8651685393258427,0.9390243902439024,0.03816793893129771,0.827000600394545,77,126,5,12
48,RF,1097,0.9720387683334762,0.9679755188720338,0.0625975911848889,0.8941176470588234,0.9078823226691826,0.8539325842696629,0.9382716049382716,0.03816793893129771,0.8157646453383652,76,126,5,13
49,LR,1096,0.9136528028933093,0.886273382641587,0.10829736715124692,0.7397260273972602,0.7953435804701627,0.6835443037974683,0.8059701492537313,0.09285714285714286,0.5906871609403255,54,127,13,25
49,GAM,1096,0.9254068716094033,0.8964062594797406,0.10389038472544329,0.7724137931034484,0.8187160940325497,0.7088607594936709,0.8484848484848485,0.07142857142857142,0.6374321880650995,56,130,10,23
49,RF,1096,0.9482820976491863,0.9233909565634301,0.09163738394795864,0.8082191780821918,0.8448462929475588,0.7468354430379747,0.8805970149253731,0.05714285714285714,0.6896925858951175,59,132,8,20
50,LR,1097,0.9376086200903719,0.9009893997140762,0.09431294897069115,0.8192771084337348,0.8536670142509559,0.8095238095238095,0.8292682926829268,0.10218978102189781,0.7073340285019117,68,123,14,16
50,GAM,1097,0.9442996176572819,0.9131659124951125,0.09133975276945747,0.8121212121212122,0.847714633298575,0.7976190476190477,0.8271604938271605,0.10218978102189781,0.6954292665971499,67,123,14,17
50,RF,1097,0.9496002780674314,0.9345089337766861,0.08376413283289139,0.8363636363636364,0.8669186652763294,0.8214285714285714,0.8518518518518519,0.08759124087591241,0.733837330552659,69,125,12,15
51,LR,1097,0.9347127739984883,0.9068939609733809,0.08683689858571376,0.8169014084507044,0.8619614512471656,0.8055555555555556,0.8285714285714286,0.08163265306122448,0.7239229024943311,58,135,12,14
51,GAM,1097,0.9432161753590325,0.9170793727024821,0.0823553070018537,0.8085106382978724,0.8550170068027211,0.7916666666666666,0.8260869565217391,0.08163265306122448,0.7100340136054422,57,135,12,15
51,RF,1097,0.9581443688586546,0.9378293311670773,0.07226323401160842,0.8467153284671534,0.878968253968254,0.8055555555555556,0.8923076923076924,0.047619047619047616,0.7579365079365079,58,140,7,14
52,LR,1098,0.9438525770227469,0.913306942911692,0.07414191500844834,0.8571428571428571,0.8898646703138497,0.8260869565217391,0.890625,0.046357615894039736,0.7797293406276994,57,144,7,12
52,GAM,1098,0.9488434590651693,0.9222563278951869,0.07072795922065243,0.8636363636363636,0.8931759285919953,0.8260869565217391,0.9047619047619048,0.039735099337748346,0.7863518571839908,57,145,6,12
52,RF,1098,0.9581533736443038,0.9448020453514612,0.06044790849740942,0.8923076923076922,0.9103560802380266,0.8405797101449275,0.9508196721311475,0.019867549668874173,0.8207121604760533,58,148,3,11
53,LR,1098,0.940068493150685,0.8724178762248866,0.07599956516021789,0.8529411764705882,0.8822298325722984,0.8055555555555556,0.90625,0.0410958904109589,0.7644596651445967,58,140,6,14
53,GAM,1098,0.9435882800608828,0.8748442802601806,0.0747861546985094,0.8613138686131386,0.8891742770167428,0.8194444444444444,0.9076923076923077,0.0410958904109589,0.7783485540334856,59,140,6,13
53,RF,1098,0.9522450532724506,0.9177151823958541,0.06992216915113743,0.8656716417910448,0.8890791476407915,0.8055555555555556,0.9354838709677419,0.0273972602739726,0.778158295281583,58,142,4,14
54,LR,1096,0.975682382133995,0.9483071710611768,0.05675763684490438,0.883720930232558,0.9158808933002481,0.8769230769230769,0.890625,0.04516129032258064,0.8317617866004963,57,148,7,8
54,GAM,1096,0.9775682382133994,0.9501528574984004,0.05427207755868403,0.890625,0.9191066997518611,0.8769230769230769,0.9047619047619048,0.03870967741935484,0.8382133995037221,57,149,6,8
54,RF,1096,0.970818858560794,0.9453988441652224,0.06040413170239688,0.873015873015873,0.9037220843672457,0.8461538461538461,0.9016393442622951,0.03870967741935484,0.8074441687344913,55,149,6,10
55,LR,1097,0.9604830917874396,0.8942508329160631,0.07086241570514326,0.855072463768116,0.8942028985507247,0.855072463768116,0.855072463768116,0.06666666666666667,0.7884057971014493,59,140,10,10
55,GAM,1097,0.9628019323671497,0.9037297471212712,0.0699843282310672,0.8467153284671534,0.8869565217391304,0.8405797101449275,0.8529411764705882,0.06666666666666667,0.7739130434782608,58,140,10,11
55,RF,1097,0.9561352657004831,0.9014903644584854,0.0779577096604514,0.8181818181818182,0.8613043478260869,0.782608695652174,0.8571428571428571,0.06,0.722608695652174,54,141,9,15
56,LR,1097,0.9223327305605786,0.8558004946684149,0.0991251115831386,0.8157894736842105,0.853119349005425,0.7848101265822784,0.8493150684931506,0.07857142857142857,0.7062386980108499,62,129,11,17
56,GAM,1097,0.9282097649186256,0.8545989812501067,0.0963216713501653,0.8333333333333334,0.8685352622061483,0.8227848101265823,0.8441558441558441,0.08571428571428572,0.7370705244122966,65,128,12,14
56,RF,1097,0.9302893309222422,0.870751340134196,0.09452347957900005,0.8441558441558442,0.8756781193490055,0.8227848101265823,0.8666666666666667,0.07142857142857142,0.7513562386980109,65,130,10,14
57,LR,1095,0.9548198280592647,0.9267893641210272,0.06829157281262015,0.8741721854304636,0.9004024144869215,0.8571428571428571,0.8918918918918919,0.056338028169014086,0.800804828973843,66,134,8,11
57,GAM,1095,0.9593927199561003,0.9319203802795036,0.06736334204542065,0.8831168831168831,0.9098683007133711,0.8831168831168831,0.8831168831168831,0.06338028169014084,0.8197366014267422,68,133,9,9
57,RF,1095,0.957563563197366,0.9336730399237132,0.07389823938218687,0.8590604026845637,0.8874154014999085,0.8311688311688312,0.8888888888888888,0.056338028169014086,0.7748308029998171,64,134,8,13
58,LR,1095,0.9382056451612903,0.8509874484813859,0.09067375014900164,0.8029197080291972,0.8716229838709677,0.859375,0.7534246575342466,0.11612903225806452,0.7432459677419355,55,137,18,9
58,GAM,1095,0.9363911290322581,0.8244159768307389,0.09416616374386026,0.8059701492537314,0.8702620967741935,0.84375,0.7714285714285715,0.1032258064516129,0.740524193548387,54,139,16,10
58,RF,1095,0.963608870967742,0.9181099173999903,0.07195467628659935,0.8253968253968254,0.873991935483871,0.8125,0.8387096774193549,0.06451612903225806,0.747983870967742,52,145,10,12
59,LR,1095,0.9579355326590415,0.922609816234601,0.07210052173269846,0.832116788321168,0.8712071084223462,0.8028169014084507,0.8636363636363636,0.06040268456375839,0.7424142168446923,57,140,9,14
59,GAM,1095,0.9611494470176765,0.9271162209159604,0.07138659696713558,0.8235294117647058,0.8641648549012193,0.7887323943661971,0.8615384615384616,0.06040268456375839,0.7283297098024387,56,140,9,15
59,RF,1095,0.9638907269118064,0.9357814252385577,0.06655156292737267,0.8695652173913043,0.8990452783816996,0.8450704225352113,0.8955223880597015,0.04697986577181208,0.7980905567633991,60,142,7,11
60,LR,1098,0.9483542462265866,0.9064929845655054,0.07381027234549,0.8679245283018868,0.8997545008183305,0.8846153846153846,0.8518518518518519,0.0851063829787234,0.7995090016366612,69,129,12,9
60,GAM,1098,0.9602655028186943,0.9301667194170863,0.06830559618921701,0.8974358974358975,0.9203491543917076,0.8974358974358975,0.8974358974358975,0.05673758865248227,0.8406983087834152,70,133,8,8
60,RF,1098,0.9686306601200217,0.9384037974988442,0.06491949916116778,0.8831168831168831,0.9075286415711947,0.8717948717948718,0.8947368421052632,0.05673758865248227,0.8150572831423896,68,133,8,10
61,LR,1097,0.9523993808049536,0.889245541607953,0.07653977152273878,0.8299319727891157,0.8893188854489165,0.8970588235294118,0.7721518987341772,0.11842105263157894,0.7786377708978328,61,134,18,7
61,GAM,1097,0.9564628482972136,0.9013151564080185,0.07572402809021284,0.8591549295774648,0.9057662538699691,0.8970588235294118,0.8243243243243243,0.08552631578947369,0.8115325077399381,61,139,13,7
61,RF,1097,0.964202786377709,0.9382485570008454,0.0645510027619272,0.8794326241134752,0.9196981424148607,0.9117647058823529,0.8493150684931506,0.07236842105263158,0.8393962848297214,62,141,11,6
62,LR,1098,0.9418763055126692,0.902814584365458,0.08343742196232562,0.8266666666666668,0.8641358641358642,0.8051948051948052,0.8493150684931506,0.07692307692307693,0.7282717282717284,62,132,11,15
63,LR,1098,0.9507137085914356,0.8868317899036825,0.08008596971391048,0.8219178082191781,0.854924140407577,0.759493670886076,0.8955223880597015,0.04964539007092199,0.709848280815154,60,134,7,19
63,GAM,1098,0.9543046952150104,0.8934072118342036,0.07706004388245637,0.8378378378378378,0.8675823682556782,0.7848101265822784,0.8985507246376812,0.04964539007092199,0.7351647365113565,62,134,7,17
63,RF,1098,0.9644492324266092,0.9406508255874472,0.07863901444164847,0.8493150684931507,0.8746745668372384,0.7848101265822784,0.9253731343283582,0.03546099290780142,0.749349133674477,62,136,5,17
64,LR,1097,0.9603116117486051,0.9251120117103526,0.0626728260383732,0.8392857142857143,0.8796715443730919,0.7966101694915254,0.8867924528301887,0.037267080745341616,0.7593430887461838,47,155,6,12
64,GAM,1097,0.9639962101273818,0.9307894715803221,0.059446217729601014,0.8468468468468469,0.8827771344352038,0.7966101694915254,0.9038461538461539,0.031055900621118012,0.7655542688704075,47,156,5,12
64,RF,1097,0.9715759553637224,0.9450905248762809,0.05453249284145157,0.8807339449541285,0.9005684808927256,0.8135593220338984,0.96,0.012422360248447204,0.8011369617854511,48,159,2,11
65,LR,1098,0.9352162565249814,0.9109948135523006,0.08206890081993007,0.8368794326241135,0.8761651752423565,0.8194444444444444,0.855072463768116,0.06711409395973154,0.7523303504847129,59,139,10,13
65,GAM,1098,0.9332587621178225,0.8951063335167021,0.08641581775338014,0.8169014084507044,0.8625093214019388,0.8055555555555556,0.8285714285714286,0.08053691275167785,0.7250186428038777,58,137,12,14
65,RF,1098,0.9509694258016406,0.9210296107898882,0.07639060256341362,0.8671328671328671,0.9003542132736764,0.8611111111111112,0.8732394366197183,0.06040268456375839,0.8007084265473527,62,140,9,10
66,LR,1096,0.9477387877650592,0.9066373966208184,0.08015356216864968,0.8275862068965517,0.8698630136986301,0.821917808219178,0.8333333333333334,0.0821917808219178,0.7397260273972602,60,134,12,13
66,GAM,1096,0.9539313191968474,0.9174062718183115,0.07705621322759287,0.8472222222222222,0.8835616438356164,0.8356164383561644,0.8591549295774648,0.0684931506849315,0.7671232876712328,61,136,10,12
66,RF,1096,0.9573090636141866,0.9233177973888343,0.07127117452914233,0.8873239436619719,0.910958904109589,0.863013698630137,0.9130434782608695,0.0410958904109589,0.821917808219178,63,140,6,10
67,LR,1097,0.9664814814814815,0.9188032276359699,0.06268359007416102,0.8873239436619718,0.9061111111111111,0.84,0.9402985074626866,0.027777777777777776,0.8122222222222222,63,140,4,12
67,GAM,1097,0.9736111111111112,0.9435859968371473,0.05982769327637114,0.8827586206896552,0.9058333333333334,0.8533333333333334,0.9142857142857143,0.041666666666666664,0.8116666666666668,64,138,6,11
67,RF,1097,0.9718518518518519,0.9535678824320455,0.06407898768603491,0.863013698630137,0.8922222222222222,0.84,0.8873239436619719,0.05555555555555555,0.7844444444444444,63,136,8,12
68,LR,1095,0.9639745916515426,0.9457229392433709,0.06061158539889219,0.882758620689655,0.9038112522686026,0.8421052631578947,0.927536231884058,0.034482758620689655,0.8076225045372051,64,140,5,12
68,GAM,1095,0.9647912885662432,0.9453990631030489,0.060738468808687524,0.8904109589041096,0.9103901996370236,0.8552631578947368,0.9285714285714286,0.034482758620689655,0.8207803992740472,65,140,5,11
68,RF,1095,0.9677858439201452,0.9509097781433095,0.06424460115546186,0.8843537414965986,0.9069419237749546,0.8552631578947368,0.9154929577464789,0.041379310344827586,0.8138838475499093,65,139,6,11
69,LR,1097,0.9584990958408679,0.9088600236493847,0.06825134810280184,0.8758169934640523,0.8990506329113923,0.8481012658227848,0.9054054054054054,0.05,0.7981012658227847,67,133,7,12
69,GAM,1097,0.9632007233273057,0.9197267988079713,0.06542728757371258,0.8684210526315789,0.8927215189873418,0.8354430379746836,0.9041095890410958,0.05,0.7854430379746835,66,133,7,13
69,RF,1097,0.974502712477396,0.9624035360416552,0.06268209241467682,0.87248322147651,0.8935352622061483,0.8227848101265823,0.9285714285714286,0.03571428571428571,0.7870705244122966,65,135,5,14
70,LR,1095,0.9682782018659882,0.9624049396095631,0.07351255625609833,0.8727272727272728,0.8885496183206107,0.8,0.96,0.022900763358778626,0.7770992366412214,72,128,3,18
70,GAM,1095,0.9712468193384224,0.9639546110452007,0.07136804431783356,0.8606060606060606,0.8791772688719253,0.7888888888888889,0.9466666666666667,0.030534351145038167,0.7583545377438506,71,127,4,19
70,RF,1095,0.9804919423240033,0.9755964436021979,0.07025052412992064,0.8780487804878049,0.8923664122137405,0.8,0.972972972972973,0.015267175572519083,0.7847328244274809,72,129,2,18
71,LR,1097,0.9256575682382134,0.888001294544452,0.07306311369658697,0.8484848484848485,0.8952853598014889,0.8615384615384616,0.835820895522388,0.07096774193548387,0.7905707196029778,56,144,11,9
71,GAM,1097,0.9371712158808934,0.903147980278404,0.07101988017553007,0.8549618320610687,0.8985111662531018,0.8615384615384616,0.8484848484848485,0.06451612903225806,0.7970223325062036,56,145,10,9
71,RF,1097,0.9483870967741936,0.9200467226568163,0.0674163419561436,0.8372093023255814,0.8831265508684863,0.8307692307692308,0.84375,0.06451612903225806,0.7662531017369727,54,145,10,11
72,LR,1097,0.9595526561043802,0.9413771877258152,0.06729522622699977,0.88,0.9114631873252563,0.8918918918918919,0.868421052631579,0.06896551724137931,0.8229263746505125,66,135,10,8
72,GAM,1097,0.9633737185461323,0.9448016061922442,0.06728693460949287,0.8741721854304636,0.9080149114631872,0.8918918918918919,0.8571428571428571,0.07586206896551724,0.8160298229263746,66,134,11,8
72,RF,1097,0.9684063373718546,0.9489303983002704,0.06843123394943729,0.88,0.9114631873252563,0.8918918918918919,0.868421052631579,0.06896551724137931,0.8229263746505125,66,135,10,8
73,LR,1094,0.9608571428571429,0.9377473980863005,0.06313536637051229,0.8695652173913043,0.9019047619047619,0.8571428571428571,0.8823529411764706,0.05333333333333334,0.8038095238095238,60,142,8,10
73,GAM,1094,0.9659047619047619,0.9432907388883335,0.0597580413442666,0.8920863309352518,0.9195238095238095,0.8857142857142857,0.8985507246376812,0.04666666666666667,0.839047619047619,62,143,7,8
73,RF,1094,0.9739047619047619,0.9486671965971836,0.056926882909784086,0.9051094890510949,0.9261904761904762,0.8857142857142857,0.9253731343283582,0.03333333333333333,0.8523809523809524,62,145,5,8
74,LR,1098,0.9692239858906525,0.9474382532601977,0.06349640919075768,0.8944099378881988,0.9158730158730158,0.8888888888888888,0.9,0.05714285714285714,0.8317460317460317,72,132,8,9
74,GAM,1098,0.9736331569664903,0.9579982069973136,0.06159410216632506,0.8875,0.9097001763668431,0.8765432098765432,0.8987341772151899,0.05714285714285714,0.819400352733686,71,132,8,10
74,RF,1098,0.974426807760141,0.9678549571913981,0.0635283265292342,0.8930817610062893,0.9132716049382716,0.8765432098765432,0.9102564102564102,0.05,0.8265432098765432,71,133,7,10
75,LR,1097,0.9823888232979143,0.9622915191114605,0.0486453996849754,0.8939393939393939,0.9242424242424243,0.8939393939393939,0.8939393939393939,0.045454545454545456,0.8484848484848485,59,147,7,7
75,GAM,1097,0.9835694608421881,0.9627312876329396,0.04895863913942982,0.9104477611940298,0.9393939393939394,0.9242424242424242,0.8970588235294118,0.045454545454545456,0.8787878787878788,61,147,7,5
75,RF,1097,0.9916371507280598,0.9825114099943455,0.04558139187661473,0.9180327868852458,0.9242424242424243,0.8484848484848485,1.0,0.0,0.8484848484848485,56,154,0,10
76,LR,1098,0.9124398370973713,0.8815067997767758,0.09486395720602618,0.8219178082191781,0.8643095149944465,0.8108108108108109,0.8333333333333334,0.0821917808219178,0.728619029988893,60,134,12,14
76,GAM,1098,0.9205849685301739,0.8926642662250613,0.09089885606251762,0.8082191780821918,0.8541281007034431,0.7972972972972973,0.8194444444444444,0.08904109589041095,0.7082562014068863,59,133,13,15
76,RF,1098,0.9407626804887079,0.9187996325109746,0.07990480669133426,0.8428571428571429,0.8746760459089227,0.7972972972972973,0.8939393939393939,0.04794520547945205,0.7493520918178452,59,139,7,15
77,LR,1096,0.930674958843973,0.8890863671320913,0.0814524123209801,0.88,0.9039235412474849,0.8571428571428571,0.9041095890410958,0.04929577464788732,0.8078470824949697,66,135,7,11
78,LR,1098,0.9443738656987296,0.920940921694497,0.08379437043698494,0.8175182481751824,0.8511796733212341,0.7368421052631579,0.9180327868852459,0.034482758620689655,0.7023593466424682,56,140,5,20
78,GAM,1098,0.9492740471869329,0.9262986373937726,0.08111692005075846,0.8175182481751824,0.8511796733212341,0.7368421052631579,0.9180327868852459,0.034482758620689655,0.7023593466424682,56,140,5,20
78,RF,1098,0.9411978221415607,0.9138981669693538,0.08435220985875791,0.826086956521739,0.8577586206896552,0.75,0.9193548387096774,0.034482758620689655,0.7155172413793104,57,140,5,19
79,LR,1095,0.9276932884072489,0.8719328698419262,0.10390177817757905,0.7973856209150328,0.8393133594390311,0.7721518987341772,0.8243243243243243,0.09352517985611511,0.6786267188780621,61,126,13,18
79,GAM,1095,0.9300610144795556,0.8783634369031388,0.10151176655314344,0.8026315789473685,0.8429104817411893,0.7721518987341772,0.8356164383561644,0.08633093525179857,0.6858209634823786,61,127,12,18
79,RF,1095,0.9465440305983063,0.9205902527406771,0.08761169487975436,0.8366013071895425,0.8690920681176577,0.810126582278481,0.8648648648648649,0.07194244604316546,0.7381841362353155,64,129,10,15
80,LR,1097,0.931129476584022,0.9087260090012023,0.10254503319386225,0.8048780487804879,0.8371212121212122,0.75,0.868421052631579,0.07575757575757576,0.6742424242424242,66,122,10,22
80,GAM,1097,0.9370695592286501,0.913057077456852,0.09947128468974209,0.7999999999999999,0.8333333333333333,0.75,0.8571428571428571,0.08333333333333333,0.6666666666666666,66,121,11,22
80,RF,1097,0.9477444903581268,0.9370193909047517,0.08824874380803963,0.8588957055214724,0.8787878787878788,0.7954545454545454,0.9333333333333333,0.03787878787878788,0.7575757575757576,70,127,5,18
81,LR,1097,0.9656274980015986,0.9541666047114311,0.06778277052094521,0.8930817610062893,0.9130917488231637,0.8765432098765432,0.9102564102564102,0.050359712230215826,0.8261834976463274,71,132,7,10
81,GAM,1097,0.9692690292210676,0.9582272332655772,0.06733440693305882,0.8695652173913043,0.896127542410516,0.8641975308641975,0.875,0.07194244604316546,0.792255084821032,70,129,10,11
81,RF,1097,0.9702460254019007,0.9554690834760277,0.06767308209393898,0.8860759493670887,0.9069189093169908,0.8641975308641975,0.9090909090909091,0.050359712230215826,0.8138378186339816,70,132,7,11
82,LR,1098,0.9661223723723724,0.9460262308384643,0.06433461114504689,0.8951048951048951,0.9207957957957957,0.8888888888888888,0.9014084507042254,0.0472972972972973,0.8415915915915916,64,141,7,8
82,GAM,1098,0.969313063063063,0.9497808413200884,0.061047488320706236,0.8873239436619719,0.9138513513513513,0.875,0.9,0.0472972972972973,0.8277027027027027,63,141,7,9
82,RF,1098,0.9719406906906907,0.9559112815107305,0.0614853418959853,0.8592592592592592,0.8858858858858859,0.8055555555555556,0.9206349206349206,0.033783783783783786,0.7717717717717718,58,143,5,14
83,LR,1097,0.953514739229025,0.9446575749928073,0.06148296104064796,0.8776978417266188,0.903202947845805,0.8472222222222222,0.9104477611940298,0.04081632653061224,0.8064058956916099,61,141,6,11
83,GAM,1097,0.9559712773998489,0.9468575854398016,0.05946105197984646,0.8714285714285713,0.8998015873015872,0.8472222222222222,0.8970588235294118,0.047619047619047616,0.7996031746031746,61,140,7,11
83,RF,1097,0.9565381708238851,0.9513077598637844,0.06344468365761535,0.9051094890510949,0.9203514739229025,0.8611111111111112,0.9538461538461539,0.02040816326530612,0.840702947845805,62,144,3,10
84,LR,1097,0.9520969245107176,0.9103083730429573,0.08398021692802315,0.8266666666666665,0.8706430568499535,0.8378378378378378,0.8157894736842105,0.09655172413793103,0.7412861136999068,62,131,14,12
84,GAM,1097,0.9573159366262814,0.9223399339307853,0.08170217626223206,0.8211920529801325,0.8671947809878844,0.8378378378378378,0.8051948051948052,0.10344827586206896,0.7343895619757689,62,130,15,12
84,RF,1097,0.9671015843429637,0.9492430102391267,0.06531872686517715,0.8609271523178808,0.8978098788443616,0.8783783783783784,0.8441558441558441,0.08275862068965517,0.7956197576887232,65,133,12,9
85,LR,1097,0.9435138293728087,0.893744205097489,0.0744171560769117,0.8615384615384616,0.8918971562134788,0.8235294117647058,0.9032258064516129,0.039735099337748346,0.7837943124269575,56,145,6,12
85,GAM,1097,0.9481885469419556,0.8910530545646012,0.073990877861228,0.868217054263566,0.8952084144916245,0.8235294117647058,0.9180327868852459,0.033112582781456956,0.7904168289832489,56,146,5,12
85,RF,1097,0.9663030775223996,0.940728146438334,0.06717644378989186,0.859375,0.8878554733151539,0.8088235294117647,0.9166666666666666,0.033112582781456956,0.7757109466303078,55,146,5,13
86,LR,1097,0.9269478908188586,0.8465446734555785,0.08694710784661373,0.7936507936507937,0.8491315136476427,0.7692307692307693,0.819672131147541,0.07096774193548387,0.6982630272952854,50,144,11,15
86,GAM,1097,0.9298263027295286,0.8415076855102626,0.087697293272763,0.8130081300813008,0.8588089330024814,0.7692307692307693,0.8620689655172413,0.05161290322580645,0.7176178660049628,50,147,8,15
86,RF,1097,0.950272952853598,0.9144090813344712,0.0785472321083142,0.8235294117647058,0.8607940446650124,0.7538461538461538,0.9074074074074074,0.03225806451612903,0.7215880893300248,49,150,5,16
87,LR,1098,0.9594221567905779,0.9236776673257556,0.06675287856645716,0.8859060402684564,0.909735001840265,0.868421052631579,0.9041095890410958,0.04895104895104895,0.81947000368053,66,136,7,10
87,GAM,1098,0.9616304747883695,0.9236490273831206,0.06547698986550808,0.8874172185430463,0.9128174457121825,0.881578947368421,0.8933333333333333,0.055944055944055944,0.8256348914243651,67,135,8,9
87,RF,1098,0.9618145012881854,0.9419114086807802,0.06347317733128882,0.9054054054054054,0.923306956201693,0.881578947368421,0.9305555555555556,0.03496503496503497,0.846613912403386,67,138,5,9
88,LR,1098,0.9436861793549691,0.8995396656546119,0.08038172067819531,0.8244274809160305,0.8839854413102821,0.8571428571428571,0.7941176470588235,0.08917197452229299,0.7679708826205641,54,143,14,9
88,GAM,1098,0.9549085026792032,0.915835966887703,0.07398526811018345,0.8217054263565892,0.8792336467495703,0.8412698412698413,0.803030303030303,0.08280254777070063,0.7584672934991407,53,144,13,10
88,RF,1098,0.964917601860277,0.9287587589758982,0.06735286236317999,0.859375,0.9046608027499747,0.873015873015873,0.8461538461538461,0.06369426751592357,0.8093216054999495,55,147,10,8
89,LR,1097,0.9540350209364294,0.9216862246136248,0.07959011493892246,0.8333333333333333,0.8786162923486867,0.8450704225352113,0.821917808219178,0.08783783783783784,0.7572325846973734,60,135,13,11
89,GAM,1097,0.9593642938713363,0.9290678203617186,0.07443823090556896,0.8333333333333333,0.8786162923486867,0.8450704225352113,0.821917808219178,0.08783783783783784,0.7572325846973734,60,135,13,11
89,RF,1097,0.9572706509326228,0.926662944187381,0.07990311291900949,0.822695035460993,0.8679101636848117,0.8169014084507042,0.8285714285714286,0.08108108108108109,0.7358203273696231,58,136,12,13
90,LR,1095,0.9569027734818023,0.8700868154664418,0.06739902781213016,0.8360655737704918,0.8865862460047428,0.8360655737704918,0.8360655737704918,0.06289308176100629,0.7731724920094856,51,149,10,10
90,GAM,1095,0.9595834622125992,0.871016256928108,0.06638595707914925,0.829268292682927,0.8834415919166925,0.8360655737704918,0.8225806451612904,0.06918238993710692,0.7668831838333849,51,148,11,10
90,RF,1095,0.9785544901536241,0.9527533597151224,0.054640584088554676,0.8780487804878049,0.9174657181152697,0.8852459016393442,0.8709677419354839,0.050314465408805034,0.8349314362305392,54,151,8,7
91,LR,1097,0.9705314009661836,0.9446309580421167,0.0616601951253663,0.8759124087591241,0.9081159420289855,0.8695652173913043,0.8823529411764706,0.05333333333333334,0.816231884057971,60,142,8,9
91,GAM,1097,0.977487922705314,0.9582757351239228,0.054920807417695186,0.8970588235294118,0.9220289855072463,0.8840579710144928,0.9104477611940298,0.04,0.8440579710144928,61,144,6,8
91,RF,1097,0.9815458937198067,0.9648572699248406,0.05642163785257233,0.8759124087591241,0.9081159420289855,0.8695652173913043,0.8823529411764706,0.05333333333333334,0.816231884057971,60,142,8,9
92,LR,1098,0.9808552513866524,0.9725929009622384,0.05321592685352336,0.8846153846153846,0.9041867954911433,0.8518518518518519,0.92,0.043478260869565216,0.8083735909822867,69,132,6,12
92,GAM,1098,0.9834496332080873,0.9754556736891685,0.05073137805365746,0.8961038961038961,0.9114331723027376,0.8518518518518519,0.9452054794520548,0.028985507246376812,0.822866344605475,69,134,4,12
92,RF,1098,0.9863123993558776,0.9778112677919693,0.05398630339448501,0.89171974522293,0.9103596349973162,0.8641975308641975,0.9210526315789473,0.043478260869565216,0.8207192699946323,70,132,6,11
93,LR,1097,0.9807606263982103,0.9659776706982999,0.05002167455970103,0.8918918918918919,0.916510067114094,0.88,0.9041095890410958,0.04697986577181208,0.8330201342281879,66,142,7,9
93,GAM,1097,0.9829977628635347,0.9686979997206361,0.04750978161696056,0.8993288590604026,0.9231767337807606,0.8933333333333333,0.9054054054054054,0.04697986577181208,0.8463534675615212,67,142,7,8
93,RF,1097,0.9803131991051455,0.9653845036137243,0.05708573631635341,0.8671328671328671,0.8931991051454138,0.8266666666666667,0.9117647058823529,0.040268456375838924,0.7863982102908278,62,143,6,13
94,LR,1096,0.9680751173708919,0.9470046323546683,0.057925475812622966,0.8888888888888888,0.9092018779342723,0.8450704225352113,0.9375,0.02666666666666667,0.8184037558685446,60,146,4,11
95,LR,1096,0.9614166426720415,0.9371729994746908,0.06743957203915528,0.8776978417266188,0.9122276610039352,0.8840579710144928,0.8714285714285714,0.059602649006622516,0.8244553220078703,61,142,9,8
95,GAM,1096,0.9610327286687782,0.9391943652068088,0.06568970397964002,0.8951048951048951,0.930655533160572,0.927536231884058,0.8648648648648649,0.06622516556291391,0.8613110663211441,64,141,10,5
95,RF,1096,0.9701506862462808,0.9455480137607033,0.06380236510136632,0.8695652173913043,0.9049812841923409,0.8695652173913043,0.8695652173913043,0.059602649006622516,0.8099625683846818,60,142,9,9
96,LR,1097,0.9382213812677388,0.9214842160455243,0.07427199456079502,0.8613138686131387,0.8949385052034058,0.8428571428571429,0.8805970149253731,0.052980132450331126,0.7898770104068117,59,143,8,11
96,GAM,1097,0.947682119205298,0.9297289682703198,0.07403300271031349,0.8676470588235294,0.8982497634815516,0.8428571428571429,0.8939393939393939,0.046357615894039736,0.7964995269631031,59,144,7,11
96,RF,1097,0.9649952696310312,0.9512710679703605,0.06106413146305849,0.8955223880597014,0.9153263954588458,0.8571428571428571,0.9375,0.026490066225165563,0.8306527909176915,60,147,4,10
97,LR,1098,0.9483952785094137,0.8592391169220104,0.0768041558252766,0.8309859154929576,0.8880109257633402,0.8805970149253731,0.7866666666666666,0.10457516339869281,0.7760218515266804,59,137,16,8
97,GAM,1098,0.952004682470003,0.8746336823539739,0.07201255911059401,0.8695652173913043,0.9118134816115502,0.8955223880597015,0.8450704225352113,0.0718954248366013,0.8236269632231003,60,142,11,7
97,RF,1098,0.9472246610086821,0.9268521306990256,0.07027579592993516,0.8615384615384615,0.8950346307677299,0.835820895522388,0.8888888888888888,0.0457516339869281,0.79006926153546,56,146,7,11
98,LR,1097,0.950799390940236,0.9110264027995486,0.07640589148300486,0.832116788321168,0.87100304529882,0.8028169014084507,0.8636363636363636,0.060810810810810814,0.7420060905976399,57,139,9,14
98,GAM,1097,0.9547011800532929,0.9215318869433129,0.07337979775179707,0.8489208633093526,0.8850875523410735,0.8309859154929577,0.8676470588235294,0.060810810810810814,0.7701751046821469,59,139,9,12
98,RF,1097,0.9616482679862962,0.9286183470935603,0.06749956463347397,0.8656716417910447,0.8915588123334602,0.8169014084507042,0.9206349206349206,0.033783783783783786,0.7831176246669205,58,143,5,13
99,LR,1098,0.9430474760743104,0.864804755108245,0.08389311747176757,0.8285714285714286,0.8664383561643836,0.7945205479452054,0.8656716417910447,0.06164383561643835,0.732876712328767,58,137,9,15
99,GAM,1098,0.9471758303621692,0.8734103879050881,0.0806644760303318,0.8450704225352113,0.8801369863013698,0.821917808219178,0.8695652173913043,0.06164383561643835,0.7602739726027397,60,137,9,13
99,RF,1098,0.966504034528054,0.9294806994497878,0.07300188089456765,0.8493150684931505,0.886986301369863,0.8493150684931506,0.8493150684931506,0.07534246575342465,0.773972602739726,62,135,11,11
