ts,componente,pixeles_negativos_recortados
2025-05-04 19:00:00,R1,2797
2025-05-04 19:00:00,PREV29,0
2025-05-04 20:00:00,R1,1871
2025-05-04 20:00:00,PREV29,0
2025-05-04 21:00:00,R1,739
2025-05-04 21:00:00,PREV29,0
2025-05-04 22:00:00,R1,536
2025-05-04 22:00:00,PREV29,0
2025-05-04 23:00:00,R1,0
2025-05-04 23:00:00,PREV29,0
2025-05-05 00:00:00,R1,0
2025-05-05 00:00:00,PREV29,0
2025-05-05 01:00:00,R1,0
2025-05-05 01:00:00,PREV29,0
2025-05-05 02:00:00,R1,0
2025-05-05 02:00:00,PREV29,0
2025-05-05 03:00:00,R1,0
2025-05-05 03:00:00,PREV29,0
2025-05-05 04:00:00,R1,0
2025-05-05 04:00:00,PREV29,0
2025-05-05 05:00:00,R1,0
2025-05-05 05:00:00,PREV29,0
2025-05-05 06:00:00,R1,0
2025-05-05 06:00:00,PREV29,0
2025-05-05 07:00:00,R1,0
2025-05-05 07:00:00,PREV29,0
