y,bin,p_from,p_to,mean_n_per_run,mean_pct
0,0,0.0,0.1,103.75,77.913982717989
0,1,0.1,0.2,10.96,8.230277185501066
0,2,0.2,0.30000000000000004,5.27,3.9572438559084278
0,3,0.30000000000000004,0.4,3.11,2.335877005947705
0,4,0.4,0.5,2.22,1.6672090674447313
0,5,0.5,0.6000000000000001,1.79,1.3443496801705757
0,6,0.6000000000000001,0.7000000000000001,1.46,1.096229379418696
0,7,0.7000000000000001,0.8,1.37,1.0287285377623163
0,8,0.8,0.9,1.3,0.9763214005162159
0,9,0.9,1.0,1.93,1.4497811693412634
1,0,0.0,0.1,1.37,2.050655811849842
1,1,0.1,0.2,1.08,1.6144278606965172
1,2,0.2,0.30000000000000004,1.64,2.454319312528268
1,3,0.30000000000000004,0.4,1.9,2.842605156037992
1,4,0.4,0.5,3.07,4.591587516960651
1,5,0.5,0.6000000000000001,4.05,6.059249208502941
1,6,0.6000000000000001,0.7000000000000001,3.79,5.670963364993216
1,7,0.7000000000000001,0.8,4.85,7.255088195386703
1,8,0.8,0.9,10.66,15.94572591587517
1,9,0.9,1.0,34.43,51.5153776571687
