variable,level,label,landslides,effect,ci_lo,ci_hi,runs_median,runs_p05,runs_p95
ENSO,La Niña,La Niña,216,0.7193994501968546,0.39425323865019046,1.0445456617435185,0.8337774484373774,0.5865956486723171,1.042833840768167
ENSO,Neutro,Neutral,67,-0.4528403368838944,-0.7995147949351228,-0.10616587883266605,-0.604468230276713,-0.7847426323955355,-0.3825173835370888
ENSO,El Niño,El Niño,50,-0.3501760096228959,-0.7313864781364795,0.031034458890687646,-0.2479611109470432,-0.49651671185106855,0.0900081856014021
zona,1,Oriente,79,1.5614709322790599,1.0189507193884226,2.103991145169697,1.46714653204717,0.9492385344588283,1.7527932269403097
zona,2,Norte,92,-0.3624421869846045,-0.7728079391507608,0.0479235651815518,-0.36993546596420906,-0.5292821481743103,-0.14629365336103647
zona,3,Sur,33,-1.1147675656557336,-1.6729302042825829,-0.5566049270288844,-1.0043872605437905,-1.413652760645498,-0.5552889034384335
zona,4,SAP,8,-1.029945197721869,-1.7657927075910953,-0.2940976878526427,-0.4393760533837864,-1.0550800061798207,0.1395476013785559
zona,5,Occidente,121,1.0992046668477398,0.6534817649312711,1.5449275687642086,1.0184066117789639,0.7432904626507469,1.2917175250353807
tipo_su,1,Type 1,168,-0.31056658812203963,-0.6867861083650398,0.06565293212096034,-0.17696409977467545,-0.32111976744665044,-0.05719287889066857
tipo_su,2,Type 2,146,0.48326029361510536,0.09356895874319714,0.8729516284870135,0.38803257834926386,0.2046103338835898,0.548281169122991
tipo_su,3,Type 3,19,-0.11128857256572695,-0.6822121627334716,0.45963501760201764,-0.44376729051162667,-0.9386448668762295,-0.054655501037778186
