run_id,thr_level,threshold,tpr,fpr,tnr
0,P_OPT,0.3954840325469078,0.881578947368421,0.028368794326241134,0.9716312056737588
0,P_TPR70,0.693635952809366,0.75,0.0070921985815602835,0.9929078014184397
0,P_TPR85,0.520985711148654,0.8552631578947368,0.0070921985815602835,0.9929078014184397
0,P_TPR95,0.12348347070127899,0.9605263157894737,0.1347517730496454,0.8652482269503546
1,P_OPT,0.35629403634960255,0.868421052631579,0.04861111111111111,0.9513888888888888
1,P_TPR70,0.6711361337862741,0.7631578947368421,0.020833333333333332,0.9791666666666666
1,P_TPR85,0.39092028172081733,0.8552631578947368,0.041666666666666664,0.9583333333333334
1,P_TPR95,0.10466348704447045,0.9605263157894737,0.1736111111111111,0.8263888888888888
2,P_OPT,0.2827207904486629,0.9078947368421053,0.07042253521126761,0.9295774647887324
2,P_TPR70,0.754847601956086,0.7105263157894737,0.028169014084507043,0.971830985915493
2,P_TPR85,0.49913394487676566,0.8552631578947368,0.04929577464788732,0.9507042253521126
2,P_TPR95,0.08772087396133531,0.9605263157894737,0.19718309859154928,0.8028169014084507
3,P_OPT,0.5131260043790278,0.881578947368421,0.050724637681159424,0.9492753623188406
3,P_TPR70,0.6721117575402211,0.8289473684210527,0.043478260869565216,0.9565217391304348
3,P_TPR85,0.5841900575927985,0.8552631578947368,0.043478260869565216,0.9565217391304348
3,P_TPR95,0.11541141775668474,0.9605263157894737,0.2318840579710145,0.7681159420289855
4,P_OPT,0.4382441751483458,0.881578947368421,0.050359712230215826,0.9496402877697842
4,P_TPR70,0.7982625207194596,0.8026315789473685,0.02158273381294964,0.9784172661870504
4,P_TPR85,0.6997513051252408,0.8552631578947368,0.02877697841726619,0.9712230215827338
4,P_TPR95,0.113333662592076,0.9605263157894737,0.14388489208633093,0.8561151079136691
5,P_OPT,0.43451962446285125,0.881578947368421,0.057971014492753624,0.9420289855072463
5,P_TPR70,0.7203057323615623,0.7894736842105263,0.028985507246376812,0.9710144927536232
5,P_TPR85,0.43451962446285125,0.881578947368421,0.057971014492753624,0.9420289855072463
5,P_TPR95,0.10976206048866817,0.9605263157894737,0.21014492753623187,0.7898550724637681
6,P_OPT,0.22420217856802155,0.9210526315789473,0.09929078014184398,0.900709219858156
6,P_TPR70,0.6276381320305803,0.8026315789473685,0.03546099290780142,0.9645390070921985
6,P_TPR85,0.4783097757280911,0.868421052631579,0.05673758865248227,0.9432624113475178
6,P_TPR95,0.07056136902201234,0.9605263157894737,0.2198581560283688,0.7801418439716312
7,P_OPT,0.5754354050867803,0.8289473684210527,0.03496503496503497,0.965034965034965
7,P_TPR70,0.7105201754189402,0.7368421052631579,0.013986013986013986,0.986013986013986
7,P_TPR85,0.43609118897755195,0.8552631578947368,0.06293706293706294,0.9370629370629371
7,P_TPR95,0.13469910222465223,0.9605263157894737,0.20279720279720279,0.7972027972027972
8,P_OPT,0.42711361868605163,0.881578947368421,0.04225352112676056,0.9577464788732395
8,P_TPR70,0.6870275288153946,0.7631578947368421,0.02112676056338028,0.9788732394366197
8,P_TPR85,0.42711361868605163,0.881578947368421,0.04225352112676056,0.9577464788732395
8,P_TPR95,0.09047494423057865,0.9605263157894737,0.2535211267605634,0.7464788732394366
9,P_OPT,0.4124076829046147,0.881578947368421,0.07913669064748201,0.920863309352518
9,P_TPR70,0.7672051004376484,0.75,0.04316546762589928,0.9568345323741008
9,P_TPR85,0.5030470675029863,0.868421052631579,0.07194244604316546,0.9280575539568345
9,P_TPR95,0.04690532187031707,0.9605263157894737,0.37410071942446044,0.6258992805755396
10,P_OPT,0.36741243291625286,0.881578947368421,0.07042253521126761,0.9295774647887324
10,P_TPR70,0.6982811672978538,0.7236842105263158,0.028169014084507043,0.971830985915493
10,P_TPR85,0.4957006124919128,0.8552631578947368,0.056338028169014086,0.9436619718309859
10,P_TPR95,0.09578155061187098,0.9605263157894737,0.20422535211267606,0.795774647887324
11,P_OPT,0.22380223970808635,0.9605263157894737,0.17006802721088435,0.8299319727891157
11,P_TPR70,0.7743790136282709,0.7105263157894737,0.05442176870748299,0.9455782312925171
11,P_TPR85,0.456827715823335,0.8552631578947368,0.08843537414965986,0.9115646258503401
11,P_TPR95,0.22380223970808635,0.9605263157894737,0.17006802721088435,0.8299319727891157
12,P_OPT,0.4639112511301319,0.881578947368421,0.07042253521126761,0.9295774647887324
12,P_TPR70,0.740693458577638,0.7368421052631579,0.028169014084507043,0.971830985915493
12,P_TPR85,0.512248550837303,0.8552631578947368,0.06338028169014084,0.9366197183098591
12,P_TPR95,0.10292847534902358,0.9605263157894737,0.1619718309859155,0.8380281690140845
13,P_OPT,0.3860447672788646,0.868421052631579,0.07857142857142857,0.9214285714285715
13,P_TPR70,0.7357666669164625,0.7236842105263158,0.03571428571428571,0.9642857142857143
13,P_TPR85,0.4305286823942232,0.8552631578947368,0.07857142857142857,0.9214285714285715
13,P_TPR95,0.04835916725860155,0.9605263157894737,0.42857142857142855,0.5714285714285714
14,P_OPT,0.48484064097448193,0.868421052631579,0.06428571428571428,0.9357142857142857
14,P_TPR70,0.75643606027842,0.75,0.02857142857142857,0.9714285714285714
14,P_TPR85,0.5865512685985615,0.8552631578947368,0.05714285714285714,0.9428571428571428
14,P_TPR95,0.10827450136012205,0.9605263157894737,0.22857142857142856,0.7714285714285715
15,P_OPT,0.2317899653923189,0.9078947368421053,0.06293706293706294,0.9370629370629371
15,P_TPR70,0.8210691864026841,0.7236842105263158,0.006993006993006993,0.993006993006993
15,P_TPR85,0.4644518754076695,0.868421052631579,0.027972027972027972,0.972027972027972
15,P_TPR95,0.0835710870619483,0.9605263157894737,0.17482517482517482,0.8251748251748252
16,P_OPT,0.4227588852006952,0.881578947368421,0.04964539007092199,0.950354609929078
16,P_TPR70,0.7156819785671467,0.7368421052631579,0.02127659574468085,0.9787234042553191
16,P_TPR85,0.5641717867305748,0.8552631578947368,0.028368794326241134,0.9716312056737588
16,P_TPR95,0.07242476540797328,0.9605263157894737,0.2695035460992908,0.7304964539007093
17,P_OPT,0.6415190176647805,0.8552631578947368,0.057971014492753624,0.9420289855072463
17,P_TPR70,0.7693481039138328,0.8157894736842105,0.028985507246376812,0.9710144927536232
17,P_TPR85,0.6415190176647805,0.8552631578947368,0.057971014492753624,0.9420289855072463
17,P_TPR95,0.12407406925713257,0.9605263157894737,0.2318840579710145,0.7681159420289855
18,P_OPT,0.22519318734445526,0.9210526315789473,0.12142857142857143,0.8785714285714286
18,P_TPR70,0.619194916264862,0.7631578947368421,0.05,0.95
18,P_TPR85,0.4384257556242604,0.8552631578947368,0.07142857142857142,0.9285714285714286
18,P_TPR95,0.06308561343560748,0.9605263157894737,0.35714285714285715,0.6428571428571428
19,P_OPT,0.49263315421164683,0.868421052631579,0.03571428571428571,0.9642857142857143
19,P_TPR70,0.671396310162616,0.7894736842105263,0.007142857142857143,0.9928571428571429
19,P_TPR85,0.5102655889276638,0.8552631578947368,0.02857142857142857,0.9714285714285714
19,P_TPR95,0.08051532223583632,0.9605263157894737,0.22857142857142856,0.7714285714285715
20,P_OPT,0.458836939152586,0.8552631578947368,0.04861111111111111,0.9513888888888888
20,P_TPR70,0.7925387217254771,0.7105263157894737,0.020833333333333332,0.9791666666666666
20,P_TPR85,0.458836939152586,0.8552631578947368,0.04861111111111111,0.9513888888888888
20,P_TPR95,0.10073354198988771,0.9605263157894737,0.20833333333333334,0.7916666666666666
21,P_OPT,0.47489048755131075,0.881578947368421,0.05673758865248227,0.9432624113475178
21,P_TPR70,0.8415027541141201,0.7105263157894737,0.02127659574468085,0.9787234042553191
21,P_TPR85,0.5867449463897575,0.8552631578947368,0.0425531914893617,0.9574468085106383
21,P_TPR95,0.08235291685818506,0.9605263157894737,0.1702127659574468,0.8297872340425532
22,P_OPT,0.4683196619292412,0.868421052631579,0.05673758865248227,0.9432624113475178
22,P_TPR70,0.6899899537790679,0.7368421052631579,0.014184397163120567,0.9858156028368794
22,P_TPR85,0.4683196619292412,0.868421052631579,0.05673758865248227,0.9432624113475178
22,P_TPR95,0.1072624453818565,0.9605263157894737,0.2553191489361702,0.7446808510638299
23,P_OPT,0.41376291127831116,0.881578947368421,0.11347517730496454,0.8865248226950355
23,P_TPR70,0.7421644756455029,0.7236842105263158,0.02127659574468085,0.9787234042553191
23,P_TPR85,0.41376291127831116,0.881578947368421,0.11347517730496454,0.8865248226950355
23,P_TPR95,0.11059760457146647,0.9605263157894737,0.28368794326241137,0.7163120567375887
24,P_OPT,0.24769063379229467,0.9210526315789473,0.08759124087591241,0.9124087591240876
24,P_TPR70,0.7381663557776331,0.7236842105263158,0.021897810218978103,0.9781021897810219
24,P_TPR85,0.5024629867116824,0.8552631578947368,0.043795620437956206,0.9562043795620438
24,P_TPR95,0.06288408408945842,0.9605263157894737,0.31386861313868614,0.6861313868613139
25,P_OPT,0.4144980544155263,0.881578947368421,0.07092198581560284,0.9290780141843972
25,P_TPR70,0.764523061292481,0.7105263157894737,0.02127659574468085,0.9787234042553191
25,P_TPR85,0.5279428338197483,0.8552631578947368,0.05673758865248227,0.9432624113475178
25,P_TPR95,0.07432266115651903,0.9605263157894737,0.24822695035460993,0.75177304964539
26,P_OPT,0.3995960320301434,0.8552631578947368,0.06293706293706294,0.9370629370629371
26,P_TPR70,0.7875479970627327,0.7105263157894737,0.027972027972027972,0.972027972027972
26,P_TPR85,0.3995960320301434,0.8552631578947368,0.06293706293706294,0.9370629370629371
26,P_TPR95,0.0901093044419477,0.9605263157894737,0.2097902097902098,0.7902097902097902
27,P_OPT,0.40193335579431055,0.868421052631579,0.10344827586206896,0.896551724137931
27,P_TPR70,0.7480763111573955,0.7368421052631579,0.020689655172413793,0.9793103448275862
27,P_TPR85,0.441453465915321,0.8552631578947368,0.09655172413793103,0.903448275862069
27,P_TPR95,0.06777274145606295,0.9605263157894737,0.3310344827586207,0.6689655172413793
28,P_OPT,0.2465239168179034,0.9078947368421053,0.07746478873239436,0.9225352112676056
28,P_TPR70,0.6950757904493243,0.7368421052631579,0.02112676056338028,0.9788732394366197
28,P_TPR85,0.5076328432228134,0.8552631578947368,0.04225352112676056,0.9577464788732395
28,P_TPR95,0.10535529894950527,0.9605263157894737,0.16901408450704225,0.8309859154929577
29,P_OPT,0.5591919460794806,0.868421052631579,0.04225352112676056,0.9577464788732395
29,P_TPR70,0.7668887775433951,0.7368421052631579,0.014084507042253521,0.9859154929577465
29,P_TPR85,0.5750560287125168,0.8552631578947368,0.035211267605633804,0.9647887323943662
29,P_TPR95,0.06827846106014389,0.9605263157894737,0.2605633802816901,0.7394366197183099
30,P_OPT,0.4862948369990623,0.881578947368421,0.06569343065693431,0.9343065693430657
30,P_TPR70,0.8653786032751221,0.7763157894736842,0.029197080291970802,0.9708029197080292
30,P_TPR85,0.6829488767677996,0.8552631578947368,0.051094890510948905,0.948905109489051
30,P_TPR95,0.09615855885621241,0.9605263157894737,0.2846715328467153,0.7153284671532847
31,P_OPT,0.516107495742242,0.868421052631579,0.06428571428571428,0.9357142857142857
31,P_TPR70,0.797503925579623,0.7236842105263158,0.02142857142857143,0.9785714285714285
31,P_TPR85,0.5325856088365719,0.8552631578947368,0.06428571428571428,0.9357142857142857
31,P_TPR95,0.08986663042917373,0.9605263157894737,0.22142857142857142,0.7785714285714286
32,P_OPT,0.19107617380342662,0.9078947368421053,0.13286713286713286,0.8671328671328671
32,P_TPR70,0.7094549619544388,0.7236842105263158,0.03496503496503497,0.965034965034965
32,P_TPR85,0.35285186968377474,0.868421052631579,0.0979020979020979,0.9020979020979021
32,P_TPR95,0.10174462632545768,0.9605263157894737,0.22377622377622378,0.7762237762237763
33,P_OPT,0.16977666856465892,0.9342105263157895,0.11888111888111888,0.8811188811188811
33,P_TPR70,0.8244648934511103,0.7105263157894737,0.027972027972027972,0.972027972027972
33,P_TPR85,0.4411591915380278,0.8552631578947368,0.06993006993006994,0.9300699300699301
33,P_TPR95,0.11798385621613805,0.9605263157894737,0.16783216783216784,0.8321678321678322
34,P_OPT,0.4433770934684869,0.868421052631579,0.09219858156028368,0.9078014184397163
34,P_TPR70,0.6939818601739397,0.75,0.0425531914893617,0.9574468085106383
34,P_TPR85,0.4636999545990934,0.8552631578947368,0.0851063829787234,0.9148936170212766
34,P_TPR95,0.0830310784437364,0.9605263157894737,0.28368794326241137,0.7163120567375887
35,P_OPT,0.5566417869626593,0.868421052631579,0.04929577464788732,0.9507042253521126
35,P_TPR70,0.8452336716234038,0.7368421052631579,0.035211267605633804,0.9647887323943662
35,P_TPR85,0.6160589212536438,0.8552631578947368,0.04225352112676056,0.9577464788732395
35,P_TPR95,0.04738522409536772,0.9605263157894737,0.2535211267605634,0.7464788732394366
36,P_OPT,0.42947681685873024,0.881578947368421,0.07092198581560284,0.9290780141843972
36,P_TPR70,0.7354092898546366,0.7763157894736842,0.04964539007092199,0.950354609929078
36,P_TPR85,0.5110728469148308,0.8552631578947368,0.06382978723404255,0.9361702127659575
36,P_TPR95,0.1045772082866072,0.9605263157894737,0.20567375886524822,0.7943262411347518
37,P_OPT,0.30089301817255537,0.8947368421052632,0.06993006993006994,0.9300699300699301
37,P_TPR70,0.6838913363273197,0.7368421052631579,0.013986013986013986,0.986013986013986
37,P_TPR85,0.44048633559807016,0.8552631578947368,0.055944055944055944,0.9440559440559441
37,P_TPR95,0.09092570165259246,0.9605263157894737,0.2867132867132867,0.7132867132867133
38,P_OPT,0.42757035926385367,0.881578947368421,0.04929577464788732,0.9507042253521126
38,P_TPR70,0.6727570493791615,0.7763157894736842,0.028169014084507043,0.971830985915493
38,P_TPR85,0.5047066565601065,0.8552631578947368,0.04225352112676056,0.9577464788732395
38,P_TPR95,0.10718673866018774,0.9605263157894737,0.2676056338028169,0.7323943661971831
39,P_OPT,0.4618956650245142,0.881578947368421,0.07142857142857142,0.9285714285714286
39,P_TPR70,0.728826287070509,0.7368421052631579,0.03571428571428571,0.9642857142857143
39,P_TPR85,0.4618956650245142,0.881578947368421,0.07142857142857142,0.9285714285714286
39,P_TPR95,0.11502848152341925,0.9605263157894737,0.24285714285714285,0.7571428571428571
40,P_OPT,0.21252345641234593,0.9342105263157895,0.14685314685314685,0.8531468531468531
40,P_TPR70,0.7401613145073529,0.7105263157894737,0.055944055944055944,0.9440559440559441
40,P_TPR85,0.42662537035725573,0.8552631578947368,0.11188811188811189,0.8881118881118881
40,P_TPR95,0.06960423058002238,0.9605263157894737,0.3146853146853147,0.6853146853146853
41,P_OPT,0.45710961272760015,0.881578947368421,0.02877697841726619,0.9712230215827338
41,P_TPR70,0.7356794813001867,0.8026315789473685,0.014388489208633094,0.9856115107913669
41,P_TPR85,0.5908436893923436,0.8552631578947368,0.02877697841726619,0.9712230215827338
41,P_TPR95,0.09004541099598427,0.9605263157894737,0.19424460431654678,0.8057553956834532
42,P_OPT,0.3925074786736237,0.868421052631579,0.1103448275862069,0.8896551724137931
42,P_TPR70,0.7338789639732,0.7236842105263158,0.06206896551724138,0.9379310344827586
42,P_TPR85,0.3925074786736237,0.868421052631579,0.1103448275862069,0.8896551724137931
42,P_TPR95,0.10812071742208927,0.9605263157894737,0.22758620689655173,0.7724137931034483
43,P_OPT,0.4699263317556341,0.881578947368421,0.05755395683453238,0.9424460431654677
43,P_TPR70,0.8126204917977857,0.75,0.03597122302158273,0.9640287769784173
43,P_TPR85,0.5360351635822046,0.868421052631579,0.050359712230215826,0.9496402877697842
43,P_TPR95,0.07332225219515559,0.9605263157894737,0.2446043165467626,0.7553956834532374
44,P_OPT,0.2975733483783624,0.9078947368421053,0.12056737588652482,0.8794326241134752
44,P_TPR70,0.7453048500196588,0.7368421052631579,0.0425531914893617,0.9574468085106383
44,P_TPR85,0.48899534660164234,0.8552631578947368,0.07092198581560284,0.9290780141843972
44,P_TPR95,0.019868812137863758,0.9605263157894737,0.44680851063829785,0.5531914893617021
45,P_OPT,0.32235073682244,0.881578947368421,0.06338028169014084,0.9366197183098591
45,P_TPR70,0.5910410025730612,0.8026315789473685,0.028169014084507043,0.971830985915493
45,P_TPR85,0.4516919898690143,0.868421052631579,0.056338028169014086,0.9436619718309859
45,P_TPR95,0.08786564106846342,0.9605263157894737,0.24647887323943662,0.7535211267605634
46,P_OPT,0.2753307575980467,0.8947368421052632,0.13286713286713286,0.8671328671328671
46,P_TPR70,0.7430913875041251,0.7236842105263158,0.04895104895104895,0.951048951048951
46,P_TPR85,0.4134362685511274,0.8552631578947368,0.0979020979020979,0.9020979020979021
46,P_TPR95,0.13766759382787708,0.9605263157894737,0.2097902097902098,0.7902097902097902
47,P_OPT,0.4924610692373208,0.881578947368421,0.0851063829787234,0.9148936170212766
47,P_TPR70,0.7255242162266015,0.7236842105263158,0.0425531914893617,0.9574468085106383
47,P_TPR85,0.4924610692373208,0.881578947368421,0.0851063829787234,0.9148936170212766
47,P_TPR95,0.10666897456718917,0.9605263157894737,0.24822695035460993,0.75177304964539
48,P_OPT,0.34795998344530227,0.8947368421052632,0.07746478873239436,0.9225352112676056
48,P_TPR70,0.5858717216254797,0.8026315789473685,0.04929577464788732,0.9507042253521126
48,P_TPR85,0.42424896076398105,0.8552631578947368,0.07042253521126761,0.9295774647887324
48,P_TPR95,0.06473716667574453,0.9605263157894737,0.33098591549295775,0.6690140845070423
49,P_OPT,0.18902218277510816,0.9342105263157895,0.13380281690140844,0.8661971830985915
49,P_TPR70,0.779932841076809,0.7236842105263158,0.04225352112676056,0.9577464788732395
49,P_TPR85,0.45180793897143817,0.868421052631579,0.07746478873239436,0.9225352112676056
49,P_TPR95,0.068861179902854,0.9605263157894737,0.28169014084507044,0.7183098591549295
