NOMBRE,Geologia_label,lon,lat,num_eventos,perc_num_eventos,intensidad_promedio,intensidad_maxima_promedio,duracion_promedio,acumulado_promedio,acum_1_dia_mean,acum_15_dias_mean,acum_30_dias_mean,acum_60_dias_mean,acum_90_dias_mean,area_km2,N_desliz,dens_mm_km2,zona_name,color
Norte,Depósitos Cuaternarios,-75.4921883269962,6.364938098859316,432.28897338403044,0.005913768589194784,8.749075883113187,9.221278017542627,1.2476440879344561,10.894198914221443,6.102343596527741,91.44579877521696,182.72750677208376,364.8206746459018,545.7963633633353,126.68018428762348,201,1.5866727786220745,,#9e9e9e
Norte,Rocas Metamórficas,-75.51241044642858,6.364519241071428,420.16517857142856,0.005747913521499328,8.715965655122139,9.120175560707073,1.2170850087040463,10.59616512214428,5.882926320543817,88.1630799834829,176.1775871758596,351.79246522411967,526.3639772930442,111.3972830882167,494,4.434578531047262,,#1f77b4
Norte,Rocas Ultramáficas,-75.55462985294118,6.326870147058823,385.8382352941176,0.0052783165356514086,8.758350308204959,9.1661905948405,1.2188563171921245,10.63934934807057,5.590342568689221,83.77636512984523,167.40728870984245,334.28565793238516,500.16064854581793,33.535351355285975,160,4.771084647508253,,#9467bd
Norte,Rocas Ígneas Intrusivas,-75.39947507633588,6.416345534351144,532.4179389312977,0.007283545677623917,8.613548569393217,9.12422068866131,1.2797751460899276,11.02852929992724,7.073948986546316,105.97770421939882,211.75041664679313,422.688904075831,632.1874567478161,262.69787093123955,989,3.7647811780662206,,#e377c2
Occidente,Depósitos Cuaternarios,-75.61007933701659,6.255160994475139,485.24309392265195,0.006638187748578559,9.52688162547115,10.085154264754063,1.2717988865776588,11.968176533462776,6.340325180782816,94.98735088806079,189.7778117326524,378.8532490997379,566.5513718958184,43.75553534162098,88,2.011174113467947,,#9e9e9e
Occidente,Rocas Metamórficas,-75.679185,6.31949,601.2111111111111,0.008224645094533259,9.902549624934418,10.514876694699344,1.245762236881581,12.332619664743177,6.841551606608526,102.48320874895605,204.78894685064003,408.9232469988276,611.6263327971676,43.571724246107564,93,2.1344117454408074,,#1f77b4
Occidente,Rocas Ultramáficas,-75.68747666666667,6.319773333333334,620.8518518518518,0.00849333294643904,10.222173105110436,10.902639912459218,1.2556328975141469,12.796319576059053,7.225342563937108,108.24756220598037,216.33928990351978,432.0156767894307,646.1942823304723,13.588431616513278,32,2.3549443308168216,,#9467bd
Occidente,Rocas Volcanosedimentarias,-75.71181,6.30094,719.5833333333334,0.009843992273645975,10.465965805048919,11.191105407005777,1.2601759943053237,13.191158709953848,7.894761598186498,118.26864515541575,236.35430639670088,471.9570347904382,705.9108819641293,2.8530349408549407,1,0.35050394430162146,,#2ca02c
Occidente,Rocas Ígneas Intrusivas,-75.64286443548386,6.260083145161291,565.9314516129032,0.007742014828614714,9.775309396494025,10.361765164032374,1.2623524064872467,12.234357172962746,6.736396206943394,100.90836424933018,201.60304460887883,402.4679409670082,601.9138149068276,63.341623640256195,1198,18.913313728804102,,#e377c2
Oriente,Depósitos Cuaternarios,-75.55542131386862,6.223958248175182,414.43065693430657,0.0056694645301540334,9.211262602679815,9.611322584521396,1.2153428147892877,11.10473327743531,5.920534643404981,88.71398025170237,177.25719556047656,353.87692007783954,529.2993835258027,37.47640204223368,11,0.29351803803373794,,#9e9e9e
Oriente,Rocas Metamórficas,-75.50547509433962,6.211796132075471,386.9198113207547,0.005293112634388515,8.987727765004667,9.321763482653063,1.1745017499893144,10.540202369132986,5.880491907333861,88.10717581336223,176.07755851317617,351.51945937717943,525.7125229300049,51.5450527938782,35,0.6790176380255218,,#1f77b4
Oriente,Rocas Ultramáficas,-75.528435,6.21847125,324.69444444444446,0.004441861636234234,9.013530124153231,9.403954877932541,1.177853003975706,10.803379251583687,5.3511414321411825,80.17762256389597,160.22083667592585,319.8787132702723,478.48136984446893,33.672841096176754,87,2.5836845709427845,,#9467bd
Oriente,Rocas Ígneas Intrusivas,-75.54094636363637,6.23347409090909,383.29545454545456,0.005243530968943709,9.106405365129104,9.436722896471482,1.185443820267746,10.751130344980897,5.66785275293084,84.92452473184643,169.67768208143883,338.7598634273097,506.742883337547,10.755304790074424,40,3.719094975059578,,#e377c2
Sap,Depósitos Cuaternarios,-75.67253368421052,6.210861052631579,720.4736842105264,0.009856172387817493,10.320175105453313,10.963891439995603,1.2563930448780678,12.802805190477688,7.901024591008772,118.36307364006049,236.48425797116798,472.11220857746787,706.1620792132317,4.722737597809597,185,39.1721953990844,,#9e9e9e
Sap,Rocas Metamórficas,-75.67963142857143,6.243511428571429,685.9047619047619,0.009383265097830863,10.051927923694645,10.710808204230599,1.2565606756790748,12.61922645797823,7.435828372290302,111.41732701016672,222.64913458230401,444.5826519967944,665.032362468526,16.299452793684686,133,8.159783134040646,,#1f77b4
Sap,Rocas Ultramáficas,-75.68678727272727,6.21434909090909,751.1818181818181,0.010276263598311738,10.46272386699302,11.129279492576098,1.2530346531167842,12.974090241286609,7.9677525728309915,119.37151424668191,238.53558327587515,476.2552881288548,712.358257142041,1.5292293843881082,52,34.004054938302666,,#9467bd
Sap,Rocas Volcanosedimentarias,-75.69465183673469,6.224409387755102,765.9387755102041,0.010478140666878947,10.37808315685122,11.041712865049938,1.2526580225481723,12.925685366801728,7.84122195995224,117.48033124937206,234.77300028390178,468.7459264079699,701.1455344041668,13.04985665332516,160,12.260671074822215,,#2ca02c
Sap,Rocas Ígneas Intrusivas,-75.66741483870967,6.226714193548387,700.0967741935484,0.009577413645812292,10.251415451131002,10.945377610694651,1.2647408730278955,12.901986956303533,7.71600370627573,115.60080656281488,230.97532473941885,461.13985386432864,689.7622075352494,7.243895238976858,95,13.114491149573553,,#e377c2
Sur,Depósitos Cuaternarios,-75.61665146341464,6.149000975609757,618.9430894308944,0.008467220831755823,9.913854712250611,10.453065024791009,1.2330858659300077,12.122272444619089,7.3123993614519955,109.5490975619046,218.88533288735647,436.9055940987374,653.464317150833,58.795091110733566,227,3.8608665402435127,,#9e9e9e
Sur,Rocas Metamórficas,-75.59094620689655,6.097333103448276,550.2919540229885,0.007528064496099844,9.624491856502294,10.08157851887135,1.1939273162082773,11.48080066955868,6.892133894316032,103.26609279477863,206.34960247321354,411.9018459865923,616.0415886752927,109.14202603829624,419,3.8390344692060183,,#1f77b4
Sur,Rocas Ultramáficas,-75.64806,6.134065,725.0,0.009918092968236246,10.108868314448827,10.776584444949519,1.2574511801880994,12.741139989946552,8.076650194215597,121.0125179063561,241.79919318830096,482.48138734760187,721.6907652807008,2.7224302343082263,155,56.93442500258808,,#9467bd
Sur,Rocas Volcanosedimentarias,-75.64900684385383,6.075740664451827,719.3255813953489,0.009840466194082288,10.184511239562255,10.782455262006202,1.2231029814219805,12.487514007898438,7.91703424051693,118.61566986426507,236.99720942140894,472.9794197166758,707.4206518066296,74.87944096887266,632,8.440233952370479,,#2ca02c
Sur,Rocas Ígneas Intrusivas,-75.644745,6.109,684.6,0.009365415787661428,10.097924811338263,10.727206171087913,1.2362410186920538,12.45387066122384,7.7649154940718,116.31163834382077,232.36155880103456,463.7726677991944,693.5910793881416,25.182101429343774,258,10.245372123684726,,#e377c2
